entry_price,atm_strike,otm_strike,spread_width,entry_debit,exit_value,cost,max_profit,max_loss,pnl,pnl_pct,reason,bars_held,dte,symbol,entry_time,atr,entry_rsi,entry_close,kc_lower,entry_slope,entry_slope_10,entry_adx,entry_reason,exit_time,source_file,entry_date,opt_cost,contracts,weeks_held,exit_date,exit_price,exit_opt_val,roi,vix,slope_pct
422.55,422.55,424.39,1.84,0.6,0.56,59.92,124.44,-59.92,-3.97,-6.6,BARS_STOP,10.0,3.0,ADBE,2025-01-07 20:00:00+00:00,1.23,24.8,422.47,423.01,-0.2942,-0.3184,96.3,"RSI=24.8, Close=$422.47 < KC_Lower=$423.01",2025-01-08 16:00:00+00:00,trades_opt_Baseline_-0.12.csv,,,,,,,,,45.94,-0.06962489646195716
412.45,412.45,415.08,2.62,0.85,0.83,85.26,177.08,-85.26,-2.38,-2.8,BARS_STOP,10.0,7.0,ADBE,2025-01-10 14:45:00+00:00,1.75,21.4,412.17,416.76,-0.3853,-0.1568,76.4,"RSI=21.4, Close=$412.17 < KC_Lower=$416.76",2025-01-10 17:15:00+00:00,trades_opt_Baseline_-0.12.csv,,,,,,,,,48.68,-0.09341738392532428
431.13,431.13,433.81,2.68,0.87,3.55,87.15,181.0,-87.15,181.0,207.7,MAX_PROFIT,1.0,4.0,ADBE,2025-02-03 15:15:00+00:00,1.79,23.1,431.15,434.12,-0.5224,-0.3227,39.2,"RSI=23.1, Close=$431.15 < KC_Lower=$434.12",2025-02-03 15:30:00+00:00,trades_opt_Baseline_-0.12.csv,,,,,,,,,44.25,-0.12116994873935935
442.9,442.9,444.96,2.05,0.67,2.62,66.66,138.45,-66.66,138.45,207.7,MAX_PROFIT,8.0,7.0,ADBE,2025-02-21 18:45:00+00:00,1.37,23.5,443.26,446.01,-0.5061,-0.2901,35.8,"RSI=23.5, Close=$443.26 < KC_Lower=$446.01",2025-02-21 20:45:00+00:00,trades_opt_Baseline_-0.12.csv,,,,,,,,,43.6,-0.11426958681417929
433.89,433.89,436.13,2.24,0.73,2.97,72.85,151.29,-72.85,151.29,207.7,MAX_PROFIT,1.0,7.0,ADBE,2025-02-28 16:30:00+00:00,1.49,24.5,433.52,435.09,-0.3618,-0.2977,15.3,"RSI=24.5, Close=$433.52 < KC_Lower=$435.09",2025-02-28 16:45:00+00:00,trades_opt_Baseline_-0.12.csv,,,,,,,,,44.81,-0.08338518979464841
392.74,392.74,400.23,7.49,1.0,2.37,100.0,648.8,-100.0,137.44,137.4,BARS_STOP,10.0,8.0,ADBE,2025-03-13 14:00:00+00:00,4.99,15.2,393.08,420.05,-2.8352,-0.8915,20.3,"RSI=15.2, Close=$393.08 < KC_Lower=$420.05",2025-03-13 16:30:00+00:00,trades_opt_Baseline_-0.12.csv,,,,,,,,,55.39,-0.7219025309364974
382.42,382.42,387.89,5.47,1.0,1.74,100.0,447.4,-100.0,73.58,73.6,BARS_STOP,10.0,8.0,ADBE,2025-03-13 16:45:00+00:00,3.65,18.2,383.3,392.35,-1.9011,-2.6883,52.3,"RSI=18.2, Close=$383.30 < KC_Lower=$392.35",2025-03-13 19:15:00+00:00,trades_opt_Baseline_-0.12.csv,,,,,,,,,55.39,-0.4971235814026463
379.26,379.26,383.55,4.29,1.0,5.67,100.0,328.75,-100.0,328.75,328.7,MAX_PROFIT,2.0,8.0,ADBE,2025-03-13 19:30:00+00:00,2.86,24.3,379.3,380.64,-0.8218,-1.166,56.7,"RSI=24.3, Close=$379.30 < KC_Lower=$380.64",2025-03-14 13:30:00+00:00,trades_opt_Baseline_-0.12.csv,,,,,,,,,55.39,-0.21668512366186787
389.9,389.9,391.95,2.05,0.67,0.65,66.62,138.36,-66.62,-1.86,-2.8,BARS_STOP,10.0,7.0,ADBE,2025-03-28 14:15:00+00:00,1.37,21.4,389.9,393.65,-0.5059,-0.2402,30.0,"RSI=21.4, Close=$389.90 < KC_Lower=$393.65",2025-03-28 16:45:00+00:00,trades_opt_Baseline_-0.12.csv,,,,,,,,,50.46,-0.1297512182610926
375.52,375.52,378.09,2.57,0.84,3.4,83.53,173.48,-83.53,173.48,207.7,MAX_PROFIT,1.0,4.0,ADBE,2025-03-31 13:45:00+00:00,1.71,15.2,376.15,383.1,-0.5318,-0.3158,51.4,"RSI=15.2, Close=$376.15 < KC_Lower=$383.10",2025-03-31 14:00:00+00:00,trades_opt_Baseline_-0.12.csv,,,,,,,,,50.29,-0.1416169578184917
377.82,377.82,380.4,2.58,0.84,2.72,83.96,174.37,-83.96,174.37,207.7,MAX_PROFIT,4.0,4.0,ADBE,2025-03-31 14:15:00+00:00,1.72,21.9,377.51,381.46,-0.9072,-0.4395,54.0,"RSI=21.9, Close=$377.51 < KC_Lower=$381.46",2025-03-31 15:15:00+00:00,trades_opt_Baseline_-0.12.csv,,,,,,,,,50.29,-0.2401143401619819
369.6,369.6,373.1,3.5,1.0,3.57,100.0,250.44,-100.0,250.44,250.4,MAX_PROFIT,9.0,8.0,ADBE,2025-04-03 14:00:00+00:00,2.34,24.5,370.06,377.16,-0.6948,-0.22,17.6,"RSI=24.5, Close=$370.06 < KC_Lower=$377.16",2025-04-03 16:15:00+00:00,trades_opt_Baseline_-0.12.csv,,,,,,,,,61.18,-0.18798701298701298
355.1,355.1,358.73,3.63,1.0,4.8,100.0,262.74,-100.0,262.74,262.7,MAX_PROFIT,1.0,7.0,ADBE,2025-04-04 13:45:00+00:00,2.42,17.2,355.5,364.1,-0.6727,-0.4156,36.7,"RSI=17.2, Close=$355.50 < KC_Lower=$364.10",2025-04-04 14:00:00+00:00,trades_opt_Baseline_-0.12.csv,,,,,,,,,73.27,-0.18943959448042802
339.59,339.59,342.04,2.45,0.8,3.21,79.66,165.44,-79.66,165.44,207.7,MAX_PROFIT,1.0,4.0,ADBE,2025-04-21 14:30:00+00:00,1.63,22.7,339.59,343.7,-0.7706,-0.2253,26.7,"RSI=22.7, Close=$339.59 < KC_Lower=$343.70",2025-04-21 14:45:00+00:00,trades_opt_Baseline_-0.12.csv,,,,,,,,,74.23,-0.2269206984893548
401.48,401.48,404.61,3.13,1.0,1.08,100.0,213.07,-100.0,8.23,8.2,BARS_STOP,10.0,4.0,ADBE,2025-06-02 14:15:00+00:00,2.09,19.9,401.38,407.64,-0.9281,-0.1592,28.7,"RSI=19.9, Close=$401.38 < KC_Lower=$407.64",2025-06-02 16:45:00+00:00,trades_opt_Baseline_-0.12.csv,,,,,,,,,52.11,-0.23116967221281257
388.02,388.02,392.28,4.26,1.0,5.41,100.0,325.63,-100.0,325.63,325.6,MAX_PROFIT,1.0,7.0,ADBE,2025-06-13 14:45:00+00:00,2.84,21.0,388.71,397.76,-1.8969,-1.1164,38.6,"RSI=21.0, Close=$388.71 < KC_Lower=$397.76",2025-06-13 15:00:00+00:00,trades_opt_Baseline_-0.12.csv,,,,,,,,,53.95,-0.48886655327045
374.24,374.24,377.44,3.2,1.0,3.99,100.0,219.81,-100.0,219.81,219.8,MAX_PROFIT,1.0,9.0,ADBE,2025-07-02 14:15:00+00:00,2.13,20.2,374.47,382.34,-1.2457,-0.2893,24.5,"RSI=20.2, Close=$374.47 < KC_Lower=$382.34",2025-07-02 14:30:00+00:00,trades_opt_Baseline_-0.12.csv,,,,,,,,,46.67,-0.3328612654980761
373.72,373.72,377.06,3.34,1.0,3.37,100.0,233.77,-100.0,233.77,233.8,MAX_PROFIT,1.0,9.0,ADBE,2025-07-02 14:45:00+00:00,2.23,23.4,374.01,380.04,-1.1297,-0.5205,29.0,"RSI=23.4, Close=$374.01 < KC_Lower=$380.04",2025-07-02 15:00:00+00:00,trades_opt_Baseline_-0.12.csv,,,,,,,,,46.67,-0.30228513325484313
365.81,365.81,368.01,2.2,0.71,2.91,71.35,148.19,-71.35,148.19,207.7,MAX_PROFIT,1.0,8.0,ADBE,2025-07-10 13:45:00+00:00,1.46,22.7,366.17,370.59,-0.3233,-0.2476,32.1,"RSI=22.7, Close=$366.17 < KC_Lower=$370.59",2025-07-10 14:00:00+00:00,trades_opt_Baseline_-0.12.csv,,,,,,,,,43.86,-0.08837921325278149
362.64,362.64,363.91,1.27,0.41,1.68,41.35,85.88,-41.35,85.88,207.7,MAX_PROFIT,1.0,4.0,ADBE,2025-07-14 13:45:00+00:00,0.85,22.9,362.44,363.17,-0.218,-0.2381,55.5,"RSI=22.9, Close=$362.44 < KC_Lower=$363.17",2025-07-14 14:00:00+00:00,trades_opt_Baseline_-0.12.csv,,,,,,,,,44.74,-0.06011471431722921
364.0,364.0,365.32,1.32,0.43,0.42,42.94,89.18,-42.94,-0.93,-2.2,BARS_STOP,10.0,9.0,ADBE,2025-07-30 19:45:00+00:00,0.88,17.3,363.55,366.57,-0.3907,-0.1851,33.2,"RSI=17.3, Close=$363.55 < KC_Lower=$366.57",2025-07-31 15:45:00+00:00,trades_opt_Baseline_-0.12.csv,,,,,,,,,41.24,-0.10733516483516484
351.47,351.47,353.49,2.02,0.66,2.33,65.62,136.29,-65.62,136.29,207.7,MAX_PROFIT,9.0,7.0,ADBE,2025-08-01 14:00:00+00:00,1.35,23.6,351.74,354.94,-0.4291,-0.1903,41.9,"RSI=23.6, Close=$351.74 < KC_Lower=$354.94",2025-08-01 16:15:00+00:00,trades_opt_Baseline_-0.12.csv,,,,,,,,,44.92,-0.12208723361880101
344.35,344.35,346.01,1.66,0.54,0.51,53.9,111.94,-53.9,-2.66,-4.9,BARS_STOP,10.0,4.0,ADBE,2025-08-04 15:30:00+00:00,1.11,23.9,344.85,346.49,-0.3232,-0.2611,38.1,"RSI=23.9, Close=$344.85 < KC_Lower=$346.49",2025-08-04 18:00:00+00:00,trades_opt_Baseline_-0.12.csv,,,,,,,,,41.8,-0.09385799332074922
338.96,338.96,340.75,1.79,0.58,2.24,58.29,121.05,-58.29,121.05,207.7,MAX_PROFIT,1.0,4.0,ADBE,2025-08-04 18:15:00+00:00,1.2,23.0,339.29,341.09,-0.4035,-0.4432,45.2,"RSI=23.0, Close=$339.29 < KC_Lower=$341.09",2025-08-04 18:30:00+00:00,trades_opt_Baseline_-0.12.csv,,,,,,,,,41.8,-0.11904059476044372
348.06,348.06,349.9,1.84,0.6,2.44,59.77,124.14,-59.77,124.14,207.7,MAX_PROFIT,1.0,8.0,ADBE,2025-08-21 13:45:00+00:00,1.23,22.3,348.12,352.18,-0.3297,-0.1607,26.0,"RSI=22.3, Close=$348.12 < KC_Lower=$352.18",2025-08-21 14:00:00+00:00,trades_opt_Baseline_-0.12.csv,,,,,,,,,38.28,-0.09472504740561971
355.48,355.48,356.91,1.44,0.47,1.47,46.75,97.1,-46.75,97.1,207.7,MAX_PROFIT,6.0,3.0,ADBE,2025-08-26 14:45:00+00:00,0.96,15.2,355.56,359.42,-0.5132,-0.1714,29.0,"RSI=15.2, Close=$355.56 < KC_Lower=$359.42",2025-08-26 16:15:00+00:00,trades_opt_Baseline_-0.12.csv,,,,,,,,,34.91,-0.14436817823787554
347.42,347.42,349.39,1.97,0.64,0.6,64.07,133.06,-64.07,-4.25,-6.6,BARS_STOP,10.0,3.0,ADBE,2025-09-02 14:15:00+00:00,1.31,21.4,348.08,351.17,-0.5947,-0.1553,24.7,"RSI=21.4, Close=$348.08 < KC_Lower=$351.17",2025-09-02 16:45:00+00:00,trades_opt_Baseline_-0.12.csv,,,,,,,,,36.41,-0.17117609809452536
350.91,350.91,353.58,2.67,0.87,0.85,86.68,180.03,-86.68,-1.87,-2.2,BARS_STOP,10.0,9.0,ADBE,2025-09-24 13:45:00+00:00,1.78,17.1,351.02,358.43,-0.4382,-0.1881,20.2,"RSI=17.1, Close=$351.02 < KC_Lower=$358.43",2025-09-24 16:15:00+00:00,trades_opt_Baseline_-0.12.csv,,,,,,,,,32.855,-0.12487532415719128
353.42,353.42,355.68,2.26,0.73,2.99,73.45,152.55,-73.45,152.55,207.7,MAX_PROFIT,1.0,3.0,ADBE,2025-09-30 14:45:00+00:00,1.51,22.5,353.29,356.41,-0.4682,-0.1664,31.3,"RSI=22.5, Close=$353.29 < KC_Lower=$356.41",2025-09-30 15:00:00+00:00,trades_opt_Baseline_-0.12.csv,,,,,,,,,32.22,-0.13247693961858412
344.46,344.46,347.18,2.72,0.88,0.86,88.35,183.49,-88.35,-1.91,-2.2,BARS_STOP,10.0,9.0,ADBE,2025-10-01 13:45:00+00:00,1.81,24.0,344.54,348.72,-0.3786,-0.2985,45.9,"RSI=24.0, Close=$344.54 < KC_Lower=$348.72",2025-10-01 16:15:00+00:00,trades_opt_Baseline_-0.12.csv,,,,,,,,,32.05,-0.10991116530221216
341.08,341.08,343.59,2.51,0.81,2.56,81.41,169.09,-81.41,169.09,207.7,MAX_PROFIT,6.0,9.0,ADBE,2025-10-01 16:30:00+00:00,1.67,24.5,340.8,342.2,-0.5342,-0.6063,54.4,"RSI=24.5, Close=$340.80 < KC_Lower=$342.20",2025-10-01 18:00:00+00:00,trades_opt_Baseline_-0.12.csv,,,,,,,,,32.05,-0.15662014776592004
340.55,340.55,342.38,1.83,0.6,0.58,59.52,123.61,-59.52,-1.66,-2.8,BARS_STOP,10.0,7.0,ADBE,2025-10-10 15:15:00+00:00,1.22,24.7,340.48,342.74,-0.3469,-0.1652,35.9,"RSI=24.7, Close=$340.48 < KC_Lower=$342.74",2025-10-10 17:45:00+00:00,trades_opt_Baseline_-0.12.csv,,,,,,,,,36.44,-0.10186463074438408
342.16,342.16,345.24,3.08,1.0,1.49,100.0,207.88,-100.0,49.4,49.4,BARS_STOP,10.0,9.0,ADBE,2025-10-29 14:45:00+00:00,2.05,18.0,342.81,349.63,-1.3475,-0.6983,51.5,"RSI=18.0, Close=$342.81 < KC_Lower=$349.63",2025-10-29 17:15:00+00:00,trades_opt_Baseline_-0.12.csv,,,,,,,,,32.55,-0.3938216039279869
339.13,339.13,341.27,2.14,0.69,2.82,69.44,144.22,-69.44,144.22,207.7,MAX_PROFIT,6.0,9.0,ADBE,2025-10-29 18:45:00+00:00,1.42,23.9,339.2,340.93,-0.4012,-0.3831,47.8,"RSI=23.9, Close=$339.20 < KC_Lower=$340.93",2025-10-30 13:45:00+00:00,trades_opt_Baseline_-0.12.csv,,,,,,,,,32.55,-0.11830271577271254
422.55,422.55,424.39,1.84,0.6,0.56,59.92,124.44,-59.92,-3.97,-6.6,BARS_STOP,10.0,3.0,ADBE,2025-01-07 20:00:00+00:00,1.23,24.8,422.47,423.01,-0.2942,-0.3184,96.3,"RSI=24.8, Close=$422.47 < KC_Lower=$423.01",2025-01-08 16:00:00+00:00,trades_opt_Aggressive_-0.18_No_DKF.csv,,,,,,,,,45.94,-0.06962489646195716
412.45,412.45,415.08,2.62,0.85,0.83,85.26,177.08,-85.26,-2.38,-2.8,BARS_STOP,10.0,7.0,ADBE,2025-01-10 14:45:00+00:00,1.75,21.4,412.17,416.76,-0.3853,-0.1568,76.4,"RSI=21.4, Close=$412.17 < KC_Lower=$416.76",2025-01-10 17:15:00+00:00,trades_opt_Aggressive_-0.18_No_DKF.csv,,,,,,,,,48.68,-0.09341738392532428
431.13,431.13,433.81,2.68,0.87,3.55,87.15,181.0,-87.15,181.0,207.7,MAX_PROFIT,1.0,4.0,ADBE,2025-02-03 15:15:00+00:00,1.79,23.1,431.15,434.12,-0.5224,-0.3227,39.2,"RSI=23.1, Close=$431.15 < KC_Lower=$434.12",2025-02-03 15:30:00+00:00,trades_opt_Aggressive_-0.18_No_DKF.csv,,,,,,,,,44.25,-0.12116994873935935
442.9,442.9,444.96,2.05,0.67,2.62,66.66,138.45,-66.66,138.45,207.7,MAX_PROFIT,8.0,7.0,ADBE,2025-02-21 18:45:00+00:00,1.37,23.5,443.26,446.01,-0.5061,-0.2901,35.8,"RSI=23.5, Close=$443.26 < KC_Lower=$446.01",2025-02-21 20:45:00+00:00,trades_opt_Aggressive_-0.18_No_DKF.csv,,,,,,,,,43.6,-0.11426958681417929
433.89,433.89,436.13,2.24,0.73,2.69,72.85,151.29,-72.85,151.29,207.7,MAX_PROFIT,1.0,7.0,ADBE,2025-02-28 16:30:00+00:00,1.49,24.5,433.52,435.09,-0.3618,-0.2977,15.3,"RSI=24.5, Close=$433.52 < KC_Lower=$435.09",2025-02-28 16:45:00+00:00,trades_opt_Aggressive_-0.18_No_DKF.csv,,,,,,,,,44.81,-0.08338518979464841
209.15,209.15,210.79,1.64,0.53,2.08,53.3,110.7,-53.3,110.7,207.7,MAX_PROFIT,1.0,4.0,ADI,2025-01-13 14:45:00+00:00,1.09,23.5,209.1,211.19,-0.2483,-0.1654,20.4,"RSI=23.5, Close=$209.10 < KC_Lower=$211.19",2025-01-13 15:00:00+00:00,trades_opt_Aggressive_-0.18_No_DKF.csv,,,,,,,,,47.66,-0.11871862299784842
217.73,217.73,218.95,1.22,0.4,1.25,39.64,82.32,-39.64,82.32,207.7,MAX_PROFIT,4.0,7.0,ADI,2025-01-24 19:00:00+00:00,0.81,23.6,217.7,219.08,-0.2988,-0.2766,42.3,"RSI=23.6, Close=$217.70 < KC_Lower=$219.08",2025-01-24 20:00:00+00:00,trades_opt_Aggressive_-0.18_No_DKF.csv,,,,,,,,,41.05,-0.13723418913333027
204.63,204.63,206.62,1.98,0.64,2.62,64.37,133.69,-64.37,133.69,207.7,MAX_PROFIT,2.0,4.0,ADI,2025-02-03 14:45:00+00:00,1.32,20.2,204.97,209.86,-0.3632,-0.2302,29.7,"RSI=20.2, Close=$204.97 < KC_Lower=$209.86",2025-02-03 15:15:00+00:00,trades_opt_Aggressive_-0.18_No_DKF.csv,,,,,,,,,44.25,-0.17749108146410597
238.41,238.41,239.73,1.32,0.43,1.61,43.03,89.37,-43.03,89.37,207.7,MAX_PROFIT,4.0,7.0,ADI,2025-02-21 19:30:00+00:00,0.88,24.9,238.12,239.26,-0.2566,-0.2057,26.4,"RSI=24.9, Close=$238.12 < KC_Lower=$239.26",2025-02-21 20:30:00+00:00,trades_opt_Aggressive_-0.18_No_DKF.csv,,,,,,,,,43.6,-0.10762971351872823
225.57,225.57,226.91,1.34,0.43,1.43,43.47,90.28,-43.47,90.28,207.7,MAX_PROFIT,2.0,8.0,ADI,2025-02-27 20:30:00+00:00,0.89,22.1,225.56,227.38,-0.305,-0.1573,34.3,"RSI=22.1, Close=$225.56 < KC_Lower=$227.38",2025-02-28 14:30:00+00:00,trades_opt_Aggressive_-0.18_No_DKF.csv,,,,,,,,,45.76,-0.13521301591523696
210.19,210.19,213.22,3.03,0.99,0.92,98.61,204.81,-98.61,-6.54,-6.6,BARS_STOP,10.0,3.0,ADI,2025-03-11 14:30:00+00:00,2.02,19.6,210.18,216.48,-0.9503,-0.2621,30.9,"RSI=19.6, Close=$210.18 < KC_Lower=$216.48",2025-03-11 17:00:00+00:00,trades_opt_Aggressive_-0.18_No_DKF.csv,,,,,,,,,55.76,-0.4521147533184262
207.61,207.61,208.99,1.38,0.45,1.82,44.75,92.94,-44.75,92.94,207.7,MAX_PROFIT,1.0,8.0,ADI,2025-03-27 13:45:00+00:00,0.92,23.3,206.21,208.84,-0.1892,-0.1602,26.3,"RSI=23.3, Close=$206.21 < KC_Lower=$208.84",2025-03-27 14:00:00+00:00,trades_opt_Aggressive_-0.18_No_DKF.csv,,,,,,,,,46.33,-0.09113241173353884
202.93,202.93,204.14,1.21,0.39,0.38,39.47,81.97,-39.47,-1.1,-2.8,BARS_STOP,10.0,7.0,ADI,2025-03-28 16:00:00+00:00,0.81,24.1,202.91,204.38,-0.2991,-0.2753,34.7,"RSI=24.1, Close=$202.91 < KC_Lower=$204.38",2025-03-28 18:30:00+00:00,trades_opt_Aggressive_-0.18_No_DKF.csv,,,,,,,,,50.46,-0.14739072586606217
197.08,197.08,198.54,1.46,0.47,1.93,47.46,98.56,-47.46,98.56,207.7,MAX_PROFIT,1.0,4.0,ADI,2025-03-31 13:45:00+00:00,0.97,20.1,197.92,200.31,-0.2512,-0.1789,42.1,"RSI=20.1, Close=$197.92 < KC_Lower=$200.31",2025-03-31 14:00:00+00:00,trades_opt_Aggressive_-0.18_No_DKF.csv,,,,,,,,,50.29,-0.12746092957174748
188.65,188.65,190.92,2.28,0.74,0.72,74.05,153.79,-74.05,-1.8,-2.4,BARS_STOP,10.0,8.0,ADI,2025-04-03 14:00:00+00:00,1.52,22.6,189.21,194.6,-0.5386,-0.1881,19.2,"RSI=22.6, Close=$189.21 < KC_Lower=$194.60",2025-04-03 16:30:00+00:00,trades_opt_Aggressive_-0.18_No_DKF.csv,,,,,,,,,61.18,-0.2855022528491916
182.91,182.91,185.07,2.16,0.7,0.68,70.06,145.51,-70.06,-1.7,-2.4,BARS_STOP,10.0,8.0,ADI,2025-04-03 16:45:00+00:00,1.44,21.6,182.84,185.56,-0.6778,-0.8258,43.7,"RSI=21.6, Close=$182.84 < KC_Lower=$185.56",2025-04-03 19:15:00+00:00,trades_opt_Aggressive_-0.18_No_DKF.csv,,,,,,,,,61.18,-0.3705647586244601
172.45,172.45,175.23,2.78,0.9,0.88,90.44,187.84,-90.44,-2.52,-2.8,BARS_STOP,10.0,7.0,ADI,2025-04-04 13:45:00+00:00,1.86,17.5,172.22,178.88,-0.5298,-0.3647,45.2,"RSI=17.5, Close=$172.22 < KC_Lower=$178.88",2025-04-04 16:15:00+00:00,trades_opt_Aggressive_-0.18_No_DKF.csv,,,,,,,,,73.27,-0.3072194839083793
165.54,165.54,168.05,2.5,0.81,2.63,81.34,168.94,-81.34,168.94,207.7,MAX_PROFIT,1.0,7.0,ADI,2025-04-04 18:45:00+00:00,1.67,24.1,165.58,166.75,-0.4436,-0.496,52.8,"RSI=24.1, Close=$165.58 < KC_Lower=$166.75",2025-04-04 19:00:00+00:00,trades_opt_Aggressive_-0.18_No_DKF.csv,,,,,,,,,73.27,-0.26797148725383596
159.82,159.82,162.9,3.08,1.0,4.07,100.0,207.88,-100.0,207.88,207.9,MAX_PROFIT,1.0,4.0,ADI,2025-04-07 13:45:00+00:00,2.05,21.5,159.89,163.73,-0.4777,-0.3928,49.5,"RSI=21.5, Close=$159.89 < KC_Lower=$163.73",2025-04-07 14:00:00+00:00,trades_opt_Aggressive_-0.18_No_DKF.csv,,,,,,,,,73.25,-0.2988987611062446
213.91,213.91,216.72,2.81,0.91,0.89,91.42,189.88,-91.42,-2.22,-2.4,BARS_STOP,10.0,8.0,ADI,2025-05-22 14:45:00+00:00,1.88,23.4,213.91,218.01,-0.5257,-0.3004,38.8,"RSI=23.4, Close=$213.91 < KC_Lower=$218.01",2025-05-22 17:15:00+00:00,trades_opt_Aggressive_-0.18_No_DKF.csv,,,,,,,,,53.91,-0.24575756159132345
206.9,206.9,209.28,2.38,0.77,2.61,77.48,160.92,-77.48,160.92,207.7,MAX_PROFIT,1.0,7.0,ADI,2025-05-23 13:45:00+00:00,1.59,23.3,206.97,210.13,-0.3375,-0.2295,50.1,"RSI=23.3, Close=$206.97 < KC_Lower=$210.13",2025-05-23 14:00:00+00:00,trades_opt_Aggressive_-0.18_No_DKF.csv,,,,,,,,,57.545,-0.16312228129531176
226.29,226.29,227.64,1.35,0.44,1.7,44.0,91.39,-44.0,91.39,207.7,MAX_PROFIT,1.0,7.0,ADI,2025-06-13 14:30:00+00:00,0.9,16.0,226.11,228.96,-0.4284,-0.1841,25.4,"RSI=16.0, Close=$226.11 < KC_Lower=$228.96",2025-06-13 14:45:00+00:00,trades_opt_Aggressive_-0.18_No_DKF.csv,,,,,,,,,53.95,-0.18931459631446376
225.29,225.29,226.36,1.07,0.35,1.42,34.88,72.45,-34.88,72.45,207.7,MAX_PROFIT,5.0,7.0,ADI,2025-06-13 18:45:00+00:00,0.72,24.3,224.92,226.24,-0.2257,-0.1695,38.7,"RSI=24.3, Close=$224.92 < KC_Lower=$226.24",2025-06-16 13:30:00+00:00,trades_opt_Aggressive_-0.18_No_DKF.csv,,,,,,,,,53.95,-0.1001819876603489
238.02,238.02,239.05,1.03,0.34,1.37,33.56,69.71,-33.56,69.71,207.7,MAX_PROFIT,1.0,9.0,ADI,2025-07-16 14:15:00+00:00,0.69,21.2,238.01,239.52,-0.3113,-0.1533,30.0,"RSI=21.2, Close=$238.01 < KC_Lower=$239.52",2025-07-16 14:30:00+00:00,trades_opt_Aggressive_-0.18_No_DKF.csv,,,,,,,,,44.75,-0.13078732879589952
237.64,237.64,239.0,1.36,0.44,0.41,44.16,91.71,-44.16,-2.93,-6.6,BARS_STOP,10.0,3.0,ADI,2025-07-22 14:30:00+00:00,0.91,24.7,237.29,238.66,-0.4251,-0.2255,29.1,"RSI=24.7, Close=$237.29 < KC_Lower=$238.66",2025-07-22 17:00:00+00:00,trades_opt_Aggressive_-0.18_No_DKF.csv,,,,,,,,,43.48,-0.17888402625820568
226.09,226.09,228.51,2.42,0.79,3.2,78.58,163.21,-78.58,163.21,207.7,MAX_PROFIT,1.0,9.0,ADI,2025-07-23 14:15:00+00:00,1.61,23.1,226.11,230.45,-1.0404,-0.3623,45.8,"RSI=23.1, Close=$226.11 < KC_Lower=$230.45",2025-07-23 14:30:00+00:00,trades_opt_Aggressive_-0.18_No_DKF.csv,,,,,,,,,41.75,-0.4601707284709629
224.59,224.59,226.56,1.97,0.64,2.13,64.04,133.0,-64.04,133.0,207.7,MAX_PROFIT,1.0,8.0,ADI,2025-07-24 14:00:00+00:00,1.31,24.1,224.86,226.88,-0.3959,-0.2117,34.8,"RSI=24.1, Close=$224.86 < KC_Lower=$226.88",2025-07-24 14:15:00+00:00,trades_opt_Aggressive_-0.18_No_DKF.csv,,,,,,,,,41.63,-0.17627677100494232
223.05,223.05,224.2,1.15,0.38,1.53,37.54,77.96,-37.54,77.96,207.7,MAX_PROFIT,1.0,8.0,ADI,2025-07-31 18:15:00+00:00,0.77,23.3,223.18,224.89,-0.2867,-0.2146,38.2,"RSI=23.3, Close=$223.18 < KC_Lower=$224.89",2025-07-31 18:30:00+00:00,trades_opt_Aggressive_-0.18_No_DKF.csv,,,,,,,,,41.39,-0.12853620264514684
219.97,219.97,221.42,1.45,0.47,1.57,47.23,98.1,-47.23,98.1,207.7,MAX_PROFIT,2.0,7.0,ADI,2025-08-01 13:45:00+00:00,0.97,23.0,220.87,223.06,-0.1996,-0.2073,45.7,"RSI=23.0, Close=$220.87 < KC_Lower=$223.06",2025-08-01 14:15:00+00:00,trades_opt_Aggressive_-0.18_No_DKF.csv,,,,,,,,,44.92,-0.09073964631540665
52.52999877929688,,,,,,,0.0,0.0,5.548351593017577,,MeanRev,,,COIN,,,,,,,,,,,weekly_options_backtest.csv,2023-06-12,2.626499938964844,1.0,1.0,2023-06-19,61.470001220703125,8.174851531982421,211.245068416194,,
72.05000305175781,,,,,,,0.0,0.0,13.205246810913088,,MeanRev,,,COIN,,,,,,,,,,,weekly_options_backtest.csv,2023-10-30,3.602500152587891,1.0,1.0,2023-11-06,92.91999816894533,16.80774696350098,366.5578418206859,,
229.3800048828125,,,,,,,0.0,0.0,7.660592041015628,,MeanRev,,,COIN,,,,,,,,,,,weekly_options_backtest.csv,2024-07-15,11.469000244140624,1.0,1.0,2024-07-22,242.92999267578125,19.129592285156253,66.79389552658989,,
162.00999450683594,,,,,,,0.0,0.0,13.322650985717774,,MeanRev,,,COIN,,,,,,,,,,,weekly_options_backtest.csv,2024-08-05,8.100499725341797,1.0,7.0,2024-09-23,191.22999572753903,21.42315071105957,164.46702595444663,,
184.19000244140625,,,,,,,0.0,0.0,21.571102752685547,,MeanRev,,,COIN,,,,,,,,,,,weekly_options_backtest.csv,2024-09-30,9.209500122070311,1.0,2.0,2024-10-14,220.2100067138672,30.78060287475586,234.22664060768068,,
180.08999633789062,,,,,,,0.0,0.0,80.8435563659668,,MeanRev,,,COIN,,,,,,,,,,,weekly_options_backtest.csv,2024-11-04,9.004499816894532,1.0,1.0,2024-11-11,305.8500061035156,89.84805618286134,897.8128492410598,,
239.13999938964844,,,,,,,0.0,0.0,-51.809990463256845,,SL_Stock,,,COIN,,,,,,,,,,,weekly_options_backtest.csv,2025-02-24,11.956999969482425,1.0,5.0,2025-03-31,160.5500030517578,-39.85299049377442,-433.3025892405311,,
146.0399932861328,,,,,,,0.0,0.0,39.87960403442383,,MeanRev,,,COIN,,,,,,,,,,,weekly_options_backtest.csv,2025-04-07,7.301999664306641,1.0,2.0,2025-04-21,209.63999938964844,47.18160369873047,546.1463416570916,,
208.1999969482422,,,,,,,0.0,0.0,35.78699645996094,,MeanRev,,,COIN,,,,,,,,,,,weekly_options_backtest.csv,2025-04-28,10.40999984741211,1.0,2.0,2025-05-12,266.4599914550781,46.19699630737305,343.7751871711839,,
54.540000915527344,,,,,,,0.0,0.0,7.3650988006591795,,MeanRev,,,SHOP,,,,,,,,,,,weekly_options_backtest.csv,2023-08-14,2.7270000457763675,1.0,2.0,2023-08-28,66.70999908447266,10.092098846435547,270.08062622024494,,
52.709999084472656,,,,,,,0.0,0.0,4.376251411437988,,MeanRev,,,SHOP,,,,,,,,,,,weekly_options_backtest.csv,2023-09-25,2.635499954223633,1.0,5.0,2023-10-30,61.470001220703125,7.01175136566162,166.05014181178944,,
70.05000305175781,,,,,,,0.0,0.0,2.5162474060058595,,MeanRev,,,SHOP,,,,,,,,,,,weekly_options_backtest.csv,2024-04-22,3.5025001525878907,1.0,1.0,2024-04-29,74.45999908447266,6.01874755859375,71.8414645648675,,
59.06999969482422,,,,,,,0.0,0.0,4.402102584838867,,MeanRev,,,SHOP,,,,,,,,,,,weekly_options_backtest.csv,2024-05-13,2.953499984741211,1.0,4.0,2024-06-10,67.66000366210938,7.355602569580078,149.04698180401667,,
67.25,,,,,,,0.0,0.0,-1.1162480163574222,,MeanRev,,,SHOP,,,,,,,,,,,weekly_options_backtest.csv,2024-06-17,3.3625000000000003,1.0,1.0,2024-06-24,66.05000305175781,2.246251983642578,-33.19696702921702,,
65.95999908447266,,,,,,,0.0,0.0,-8.165129394531252,,SL_Stock,,,SHOP,,,,,,,,,,,weekly_options_backtest.csv,2024-07-01,3.297999954223633,1.0,4.0,2024-07-29,54.43000030517578,-4.867129440307619,-247.57821430756715,,
48.58599853515625,,,,,,,0.0,0.0,16.633672943115236,,MeanRev,,,SHOP,,,,,,,,,,,weekly_options_backtest.csv,2024-08-05,2.4292999267578126,1.0,1.0,2024-08-12,74.55000305175781,19.06297286987305,684.7105522007255,,
96.06999969482422,,,,,,,0.0,0.0,-2.199598007202149,,MeanRev,,,SHOP,,,,,,,,,,,weekly_options_backtest.csv,2025-03-10,4.803499984741212,1.0,6.0,2025-04-21,97.12000274658205,2.6039019775390626,-45.79156894325778,,
104.0,,,,,,,0.0,0.0,-2.138498611450195,,MeanRev,,,SHOP,,,,,,,,,,,weekly_options_backtest.csv,2025-05-12,5.2,1.0,1.0,2025-05-19,101.51000213623048,3.061501388549805,-41.12497329711914,,
112.0199966430664,,,,,,,0.0,0.0,8.552902793884277,,MeanRev,,,CRWD,,,,,,,,,,,weekly_options_backtest.csv,2023-02-20,5.60099983215332,1.0,1.0,2023-02-27,126.04000091552734,14.153902626037596,152.70314319213415,,
201.53500366210935,,,,,,,0.0,0.0,57.85870147705078,,MeanRev,,,CRWD,,,,,,,,,,,weekly_options_backtest.csv,2024-08-05,10.076750183105467,1.0,6.0,2024-09-16,299.8500061035156,67.93545166015625,574.1801714411441,,
284.0,,,,,,,0.0,0.0,22.11649444580077,,MeanRev,,,CRWD,,,,,,,,,,,weekly_options_backtest.csv,2024-09-30,14.2,1.0,1.0,2024-10-07,320.2099914550781,36.31649444580078,155.74996088592096,,
300.0599975585937,,,,,,,0.0,0.0,47.61369842529296,,MeanRev,,,CRWD,,,,,,,,,,,weekly_options_backtest.csv,2025-04-07,15.002999877929687,1.0,1.0,2025-04-14,375.6199951171875,62.61669830322265,317.36118651400886,,
417.1090087890625,,,,,,,0.0,0.0,51.36554626464845,,MeanRev,,,CRWD,,,,,,,,,,,weekly_options_backtest.csv,2025-09-01,20.85545043945313,1.0,2.0,2025-09-15,502.5499877929688,72.22099670410157,246.29315206483432,,
391.976576306158,,,,,,,0.0,0.0,75.42696422356808,,MeanRev,,,MPWR,,,,,,,,,,,weekly_options_backtest.csv,2023-05-15,19.5988288153079,1.0,1.0,2023-05-22,511.03326416015625,95.02579303887596,384.8544468364096,,
452.1269988761973,,,,,,,0.0,0.0,8.189756792017846,,MeanRev,,,MPWR,,,,,,,,,,,weekly_options_backtest.csv,2023-09-18,22.606349943809867,1.0,6.0,2023-10-30,485.5940246582031,30.796106735827717,36.22768298453412,,
568.4618259436346,,,,,,,0.0,0.0,43.0078828978849,,MeanRev,,,MPWR,,,,,,,,,,,weekly_options_backtest.csv,2024-11-18,28.42309129718173,1.0,9.0,2025-01-20,673.9828491210938,71.43097419506663,151.3131785990826,,
648.1731837488309,,,,,,,0.0,0.0,40.54025055760174,,MeanRev,,,MPWR,,,,,,,,,,,weekly_options_backtest.csv,2025-01-27,32.40865918744154,1.0,1.0,2025-02-03,715.5287475585938,72.94890974504328,125.09079849039608,,
463.29760288858256,,,,,,,0.0,0.0,72.1712078259574,,MeanRev,,,MPWR,,,,,,,,,,,weekly_options_backtest.csv,2025-04-07,23.16488014442913,1.0,2.0,2025-04-21,581.4578857421875,95.33608797038652,311.5544193450692,,
87.16750451985486,,,,,,,0.0,0.0,9.796470493987313,,MeanRev,,,MU,,,,,,,,,,,weekly_options_backtest.csv,2024-08-05,4.358375225992743,1.0,7.0,2024-09-23,106.93263244628906,14.154845719980056,224.773453087805,,
105.5201380745426,,,,,,,0.0,0.0,0.0155130218679646,,MeanRev,,,MU,,,,,,,,,,,weekly_options_backtest.csv,2024-09-30,5.276006903727129,1.0,1.0,2024-10-07,106.35569763183594,5.291519925595094,0.2940295975921828,,
95.296296477774,,,,,,,0.0,0.0,6.121564158498456,,MeanRev,,,MU,,,,,,,,,,,weekly_options_backtest.csv,2025-01-06,4.764814823888701,1.0,1.0,2025-01-13,105.44713592529295,10.886378982387155,128.47433499005265,,
88.39611171244539,,,,,,,0.0,0.0,6.6032823477574505,,MeanRev,,,MU,,,,,,,,,,,weekly_options_backtest.csv,2025-02-03,4.41980558562227,1.0,1.0,2025-02-10,99.23497772216795,11.02308793337972,149.40209970407025,,
95.535599875349,,,,,,,0.0,0.0,2.7500598434872305,,MeanRev,,,MU,,,,,,,,,,,weekly_options_backtest.csv,2025-03-03,4.77677999376745,1.0,1.0,2025-03-10,100.50135040283205,7.52683983725468,57.57141520177604,,
63.839894869097925,,,,,,,0.0,0.0,12.948896337972943,,MeanRev,,,MU,,,,,,,,,,,weekly_options_backtest.csv,2025-04-07,3.1919947434548965,1.0,4.0,2025-05-05,85.72557830810547,16.140891081427842,405.6678465565874,,
42.0099983215332,,,,,,,0.0,0.0,6.010452289581298,,MeanRev,,,UBER,,,,,,,,,,,weekly_options_backtest.csv,2023-10-30,2.1004999160766604,1.0,1.0,2023-11-06,51.58000183105469,8.11095220565796,286.1438957259134,,
65.63999938964844,,,,,,,0.0,0.0,1.7290988159179692,,MeanRev,,,UBER,,,,,,,,,,,weekly_options_backtest.csv,2024-05-20,3.2819999694824222,1.0,2.0,2024-06-03,69.30999755859375,5.011098785400391,52.684303229614336,,
67.52999877929688,,,,,,,0.0,0.0,-0.0187985992431642,,MeanRev,,,UBER,,,,,,,,,,,weekly_options_backtest.csv,2024-07-22,3.376499938964844,1.0,2.0,2024-08-05,68.54000091552734,3.35770133972168,-0.5567480995994777,,
65.5,,,,,,,0.0,0.0,-0.4415023803710936,,MeanRev,,,UBER,,,,,,,,,,,weekly_options_backtest.csv,2024-12-09,3.2750000000000004,1.0,5.0,2025-01-13,67.33999633789062,2.833497619628907,-13.480988713621176,,
65.30000305175781,,,,,,,0.0,0.0,8.851496810913087,,MeanRev,,,UBER,,,,,,,,,,,weekly_options_backtest.csv,2025-02-03,3.265000152587891,1.0,1.0,2025-02-10,79.41999816894531,12.116496963500978,271.1024930243036,,
84.1500015258789,,,,,,,0.0,0.0,4.239748802185059,,MeanRev,,,UBER,,,,,,,,,,,weekly_options_backtest.csv,2025-11-24,4.207500076293946,1.0,1.0,2025-12-01,91.31999969482422,8.447248878479005,100.76645811779802,,
139.6752817878405,,,,,,,0.0,0.0,4.685663298837516,,MeanRev,,,SMH,,,,,,,,,,,weekly_options_backtest.csv,2023-10-23,6.983764089392025,1.0,1.0,2023-10-30,147.9584197998047,11.669427388229542,67.09366523354927,,
217.4960247258221,,,,,,,0.0,0.0,16.773056725390987,,MeanRev,,,SMH,,,,,,,,,,,weekly_options_backtest.csv,2024-09-09,10.874801236291107,1.0,2.0,2024-09-23,246.64682006835935,27.64785796168209,154.23782339502787,,
235.3699951171875,,,,,,,0.0,0.0,-29.998896331787115,,SL_Stock,,,SMH,,,,,,,,,,,weekly_options_backtest.csv,2025-03-03,11.768499755859375,1.0,4.0,2025-03-31,180.8000030517578,-18.230396575927735,-254.90841614583096,,
173.49000549316406,,,,,,,0.0,0.0,26.99864555358887,,MeanRev,,,SMH,,,,,,,,,,,weekly_options_backtest.csv,2025-04-07,8.674500274658204,1.0,3.0,2025-04-28,219.02999877929688,35.67314582824707,311.2415090061506,,
217.02999877929688,,,,,,,0.0,0.0,18.018349609375,,MeanRev,,,SMH,,,,,,,,,,,weekly_options_backtest.csv,2025-05-05,10.851499938964844,1.0,1.0,2025-05-12,246.4199981689453,28.869849548339847,166.04478376925488,,
45.02000045776367,,,,,,,0.0,0.0,8.205400791168213,,MeanRev,,,NET,,,,,,,,,,,weekly_options_backtest.csv,2023-05-08,2.251000022888184,1.0,1.0,2023-05-15,57.9900016784668,10.456400814056396,364.5224659145109,,
57.29999923706055,,,,,,,0.0,0.0,3.1260000038146982,,MeanRev,,,NET,,,,,,,,,,,weekly_options_backtest.csv,2023-09-25,2.8649999618530275,1.0,1.0,2023-10-02,62.54999923706055,5.990999965667726,109.10994922990716,,
58.5,,,,,,,0.0,0.0,3.5554988098144524,,MeanRev,,,NET,,,,,,,,,,,weekly_options_backtest.csv,2023-10-23,2.9250000000000003,1.0,1.0,2023-10-30,64.41999816894531,6.480498809814453,121.55551486545136,,
72.23999786376953,,,,,,,0.0,0.0,1.899003028869629,,MeanRev,,,NET,,,,,,,,,,,weekly_options_backtest.csv,2024-05-13,3.611999893188477,1.0,5.0,2024-06-17,77.94000244140625,5.511002922058106,52.57483624101916,,
77.43000030517578,,,,,,,0.0,0.0,5.80734920501709,,MeanRev,,,NET,,,,,,,,,,,weekly_options_backtest.csv,2024-06-24,3.871500015258789,1.0,1.0,2024-07-01,86.95999908447266,9.67884922027588,150.00256185273187,,
79.37000274658203,,,,,,,0.0,0.0,0.7659463882446289,,MeanRev,,,NET,,,,,,,,,,,weekly_options_backtest.csv,2024-07-22,3.9685001373291016,1.0,3.0,2024-08-12,82.37999725341797,4.7344465255737305,19.3006516754244,,
41.20242236322223,,,,,,,0.0,0.0,2.246804564552816,,MeanRev,,,NVDA,,,,,,,,,,,weekly_options_backtest.csv,2023-10-23,2.060121118161112,1.0,1.0,2023-10-30,44.97598648071289,4.306925682713928,109.0617704340772,,
114.71860595727398,,,,,,,0.0,0.0,15.087140551598823,,MeanRev,,,NVDA,,,,,,,,,,,weekly_options_backtest.csv,2025-02-03,5.7359302978637,1.0,1.0,2025-02-10,138.81204223632812,20.823070849462525,263.02865913865634,,
123.47622827864048,,,,,,,0.0,0.0,-24.33042923672097,,SL_Stock,,,NVDA,,,,,,,,,,,weekly_options_backtest.csv,2025-03-03,6.173811413932025,1.0,5.0,2025-04-07,110.9098663330078,-18.156617822788945,-394.0909043936154,,
114.08929310397338,,,,,,,0.0,0.0,-0.8874370954730137,,MeanRev,,,NVDA,,,,,,,,,,,weekly_options_backtest.csv,2025-04-14,5.704464655198669,1.0,2.0,2025-04-28,114.4792251586914,4.817027559725656,-15.55688656365436,,
112.88951088889792,,,,,,,0.0,0.0,14.051398077732804,,MeanRev,,,NVDA,,,,,,,,,,,weekly_options_backtest.csv,2025-05-05,5.644475544444896,1.0,1.0,2025-05-12,135.37542724609375,19.6958736221777,248.94072030415157,,
12.261007440509989,,,,,,,0.0,0.0,1.5749905385584513,,MeanRev,,,VRT,,,,,,,,,,,weekly_options_backtest.csv,2023-04-10,0.6130503720254995,1.0,2.0,2023-04-24,14.872700691223145,2.188040910583951,256.91046126515363,,
62.27466062627998,,,,,,,0.0,0.0,12.448438864065803,,MeanRev,,,VRT,,,,,,,,,,,weekly_options_backtest.csv,2024-08-05,3.1137330313139997,1.0,3.0,2024-08-26,82.86321258544922,15.562171895379803,399.7914637791714,,
72.85336012280335,,,,,,,0.0,0.0,13.6086125961263,,MeanRev,,,VRT,,,,,,,,,,,weekly_options_backtest.csv,2024-09-09,3.642668006140168,1.0,1.0,2024-09-16,94.35009765625,17.25128060226647,373.58915424593454,,
110.85203153469516,,,,,,,0.0,0.0,-30.28564506148173,,SL_Stock,,,VRT,,,,,,,,,,,weekly_options_backtest.csv,2025-02-17,5.542601576734759,1.0,6.0,2025-03-31,59.350772857666016,-24.743043484746973,-546.4156974336142,,
53.556560548550166,,,,,,,0.0,0.0,21.11382268688267,,MeanRev,,,VRT,,,,,,,,,,,weekly_options_backtest.csv,2025-04-07,2.6778280274275086,1.0,2.0,2025-04-21,86.86331176757812,23.79165071431018,788.4682089598542,,
86.86331118436186,,,,,,,0.0,0.0,4.1825772100095815,,MeanRev,,,VRT,,,,,,,,,,,weekly_options_backtest.csv,2025-04-28,4.343165559218093,1.0,1.0,2025-05-05,93.96622467041016,8.525742769227675,96.30250454377286,,
100.99921034710668,,,,,,,0.0,0.0,1.4690333054087947,,MeanRev,,,VRT,,,,,,,,,,,weekly_options_backtest.csv,2025-05-12,5.049960517355334,1.0,1.0,2025-05-19,104.0361785888672,6.518993822764129,29.089995859574124,,
24.945878653315948,,,,,,,0.0,0.0,2.1659556194035376,,MeanRev,,,WDC,,,,,,,,,,,weekly_options_backtest.csv,2023-04-24,1.2472939326657977,1.0,3.0,2023-05-15,28.85379219055176,3.413249552069335,173.6523815821277,,
40.68293806566733,,,,,,,0.0,0.0,5.005064700795435,,MeanRev,,,WDC,,,,,,,,,,,weekly_options_backtest.csv,2024-08-05,2.0341469032833666,1.0,6.0,2024-09-16,50.26071166992188,7.039211604078802,246.0522734477356,,
49.27432592973423,,,,,,,0.0,0.0,1.7162421141686095,,MeanRev,,,WDC,,,,,,,,,,,weekly_options_backtest.csv,2024-10-14,2.463716296486712,1.0,1.0,2024-10-21,52.293731689453125,4.179958410655321,69.66070389744107,,
44.9221580332224,,,,,,,0.0,0.0,2.1839146842792694,,MeanRev,,,WDC,,,,,,,,,,,weekly_options_backtest.csv,2024-12-30,2.2461079016611203,1.0,2.0,2025-01-13,48.97313690185547,4.43002258594039,97.2310672458854,,
40.52454659403007,,,,,,,0.0,0.0,-7.56299623487404,,SL_Stock,,,WDC,,,,,,,,,,,weekly_options_backtest.csv,2025-03-10,2.0262273297015034,1.0,3.0,2025-03-31,30.423295974731445,-5.536768905172536,-373.2550698537954,,
29.506809145501144,,,,,,,0.0,0.0,6.931212941813484,,MeanRev,,,WDC,,,,,,,,,,,weekly_options_backtest.csv,2025-04-07,1.4753404572750572,1.0,2.0,2025-04-21,40.62416458129883,8.40655339908854,469.8043022974766,,
40.43489133667362,,,,,,,0.0,0.0,2.070605959940204,,MeanRev,,,WDC,,,,,,,,,,,weekly_options_backtest.csv,2025-04-28,2.0217445668336813,1.0,1.0,2025-05-05,43.93147659301758,4.092350526773885,102.41679359045072,,
12.140000343322754,,,,,,,0.0,0.0,1.2587998247146608,,MeanRev,,,APP,,,,,,,,,,,weekly_options_backtest.csv,2023-03-13,0.6070000171661377,1.0,1.0,2023-03-20,14.170000076293944,1.8657998418807984,207.38052538969265,,
62.09000015258789,,,,,,,0.0,0.0,15.458548908233642,,MeanRev,,,APP,,,,,,,,,,,weekly_options_backtest.csv,2024-08-05,3.1045000076293947,1.0,1.0,2024-08-12,86.3499984741211,18.563048915863035,497.9400505796048,,
246.52999877929688,,,,,,,0.0,0.0,31.053942108154303,,MeanRev,,,APP,,,,,,,,,,,weekly_options_backtest.csv,2025-03-10,12.326499938964844,1.0,7.0,2025-04-28,307.5799865722656,43.380442047119146,251.92830294016247,,
193.51219335236252,,,,,,,0.0,0.0,-33.45694620569995,,SL_Stock,,,AVGO,,,,,,,,,,,weekly_options_backtest.csv,2025-03-24,9.675609667618128,1.0,1.0,2025-03-31,145.69683837890625,-23.78133653808182,-345.7864398733661,,
143.9041624928364,,,,,,,0.0,0.0,29.51792057089008,,MeanRev,,,AVGO,,,,,,,,,,,weekly_options_backtest.csv,2025-04-07,7.1952081246418205,1.0,2.0,2025-04-21,191.5302581787109,36.7131286955319,410.24415221289365,,
189.75748558285355,,,,,,,0.0,0.0,10.4901396678403,,MeanRev,,,AVGO,,,,,,,,,,,weekly_options_backtest.csv,2025-04-28,9.487874279142678,1.0,1.0,2025-05-05,207.3558349609375,19.97801394698298,110.56364533519287,,
37.630001068115234,,,,,,,0.0,0.0,2.0998502922058107,,MeanRev,,,RBLX,,,,,,,,,,,weekly_options_backtest.csv,2023-06-26,1.8815000534057615,1.0,1.0,2023-07-03,41.150001525878906,3.981350345611572,111.6051146745814,,
29.520000457763672,,,,,,,0.0,0.0,-0.4222009086608889,,MeanRev,,,RBLX,,,,,,,,,,,weekly_options_backtest.csv,2023-08-14,1.4760000228881838,1.0,7.0,2023-10-02,30.459999084472656,1.0537991142272949,-28.60439716218576,,
29.6299991607666,,,,,,,0.0,0.0,1.2298505496978762,,MeanRev,,,RBLX,,,,,,,,,,,weekly_options_backtest.csv,2023-10-09,1.48149995803833,1.0,1.0,2023-10-16,31.75,2.7113505077362063,83.01387678244247,,
31.25,,,,,,,0.0,0.0,2.216250991821289,,MeanRev,,,RBLX,,,,,,,,,,,weekly_options_backtest.csv,2023-10-23,1.5625,1.0,1.0,2023-10-30,34.900001525878906,3.778750991821289,141.8400634765625,,
37.119998931884766,,,,,,,0.0,0.0,0.4500018119812012,,MeanRev,,,RBLX,,,,,,,,,,,weekly_options_backtest.csv,2024-03-25,1.8559999465942385,1.0,5.0,2024-04-29,39.2400016784668,2.3060017585754395,24.245787981134107,,
31.40999984741211,,,,,,,0.0,0.0,2.27185079574585,,MeanRev,,,RBLX,,,,,,,,,,,weekly_options_backtest.csv,2024-05-13,1.5704999923706056,1.0,3.0,2024-06-03,35.630001068115234,3.842350788116456,144.65780367923364,,
35.29999923706055,,,,,,,0.0,0.0,0.3825004005432126,,MeanRev,,,RBLX,,,,,,,,,,,weekly_options_backtest.csv,2024-06-10,1.7649999618530274,1.0,1.0,2024-06-17,36.15999984741211,2.14750036239624,21.671411264033992,,
50.5099983215332,,,,,,,0.0,0.0,5.727450504302979,,MeanRev,,,RBLX,,,,,,,,,,,weekly_options_backtest.csv,2025-04-07,2.52549991607666,1.0,1.0,2025-04-14,59.709999084472656,8.252950420379639,226.7848225946694,,
40.94745633906334,,,,,,,0.0,0.0,1.919528211866147,,MeanRev,,,C,,,,,,,,,,,weekly_options_backtest.csv,2023-05-29,2.047372816953167,1.0,1.0,2023-06-05,44.21555709838867,3.966901028819314,93.75567536950724,,
39.46856565507475,,,,,,,0.0,0.0,-4.31024210229565,,SL_Stock,,,C,,,,,,,,,,,weekly_options_backtest.csv,2023-08-21,1.9734282827537373,1.0,9.0,2023-10-23,35.41243362426758,-2.336813819541913,-218.41392159846333,,
35.69950260199782,,,,,,,0.0,0.0,2.2752202277592977,,MeanRev,,,C,,,,,,,,,,,weekly_options_backtest.csv,2023-10-30,1.784975130099891,1.0,1.0,2023-11-06,39.47445297241211,4.060195357859189,127.46509401685454,,
51.66053808739187,,,,,,,0.0,0.0,4.653664729577172,,MeanRev,,,C,,,,,,,,,,,weekly_options_backtest.csv,2024-08-05,2.5830269043695937,1.0,1.0,2024-08-12,59.217411041259766,7.236691633946766,180.1632310412552,,
55.87076047374983,,,,,,,0.0,0.0,2.190609416854504,,MeanRev,,,C,,,,,,,,,,,weekly_options_backtest.csv,2024-09-16,2.793538023687492,1.0,1.0,2024-09-23,59.67070388793945,4.984147440541996,78.41702523035224,,
55.022380177061926,,,,,,,0.0,0.0,7.263724108773895,,MeanRev,,,C,,,,,,,,,,,weekly_options_backtest.csv,2025-04-07,2.751119008853097,1.0,2.0,2025-04-21,67.04383850097656,10.014843117626992,264.02798589952823,,
67.26917503282777,,,,,,,0.0,0.0,1.440411163434331,,MeanRev,,,C,,,,,,,,,,,weekly_options_backtest.csv,2025-04-28,3.3634587516413887,1.0,1.0,2025-05-05,70.00264739990234,4.80386991507572,42.82529591693079,,
101.86631176352456,,,,,,,0.0,0.0,2.895170148569651,,MeanRev,,,QCOM,,,,,,,,,,,weekly_options_backtest.csv,2023-05-08,5.093315588176228,1.0,3.0,2023-05-29,108.67118072509766,7.988485736745879,56.84254388812238,,
106.05457688093512,,,,,,,0.0,0.0,1.3992300556756463,,MeanRev,,,QCOM,,,,,,,,,,,weekly_options_backtest.csv,2023-09-11,5.302728844046757,1.0,7.0,2023-10-30,113.9178695678711,6.701958899722404,26.38698105875294,,
155.4241353794784,,,,,,,0.0,0.0,0.0802961016921983,,TimeStop,,,QCOM,,,,,,,,,,,weekly_options_backtest.csv,2024-08-12,7.77120676897392,1.0,9.0,2024-10-14,166.30780029296875,7.851502870666119,1.0332513865513882,,
165.06231908074352,,,,,,,0.0,0.0,-0.8473882226852556,,MeanRev,,,QCOM,,,,,,,,,,,weekly_options_backtest.csv,2024-10-21,8.253115954037176,1.0,2.0,2024-11-04,166.29806518554688,7.40572773135192,-10.267494451846868,,
154.6510608251681,,,,,,,0.0,0.0,-1.3139261891659224,,MeanRev,,,QCOM,,,,,,,,,,,weekly_options_backtest.csv,2024-11-25,7.732553041258405,1.0,7.0,2025-01-13,160.95700073242188,6.4186268520924825,-16.992139364000955,,
122.51921856212404,,,,,,,0.0,0.0,14.09634895212313,,MeanRev,,,QCOM,,,,,,,,,,,weekly_options_backtest.csv,2025-04-07,6.125960928106203,1.0,2.0,2025-04-21,146.0908203125,20.22230988022933,230.10837185474696,,
136.00134443553372,,,,,,,0.0,0.0,8.39657529682502,,MeanRev,,,QCOM,,,,,,,,,,,weekly_options_backtest.csv,2025-05-05,6.800067221776686,1.0,1.0,2025-05-12,149.96531677246094,15.196642518601706,123.47782783581376,,
145.09761415453784,,,,,,,0.0,0.0,0.3547516936214663,,MeanRev,,,QCOM,,,,,,,,,,,weekly_options_backtest.csv,2025-05-26,7.254880707726892,1.0,1.0,2025-06-02,146.759521484375,7.6096324013483585,4.889834966461048,,
49.70322385577389,,,,,,,0.0,0.0,-2.1223647329000626,,TimeStop,,,SCHW,,,,,,,,,,,weekly_options_backtest.csv,2023-03-13,2.485161192788695,1.0,9.0,2023-05-15,49.8790397644043,0.3627964598886324,-85.40149182510271,,
50.19760544756131,,,,,,,0.0,0.0,1.2361163749625774,,MeanRev,,,SCHW,,,,,,,,,,,weekly_options_backtest.csv,2023-05-22,2.5098802723780658,1.0,1.0,2023-05-29,52.48545837402344,3.745996647340643,49.25001357898955,,
52.51442241581654,,,,,,,0.0,0.0,-0.2625739711781931,,MeanRev,,,SCHW,,,,,,,,,,,weekly_options_backtest.csv,2023-06-05,2.625721120790827,1.0,1.0,2023-06-12,52.51441955566406,2.363147149612634,-10.000070803372669,,
52.11863800623159,,,,,,,0.0,0.0,1.427300078635597,,MeanRev,,,SCHW,,,,,,,,,,,weekly_options_backtest.csv,2023-06-19,2.6059319003115795,1.0,1.0,2023-06-26,54.71539688110352,4.033231978947176,54.77119637949638,,
49.28584057543195,,,,,,,0.0,0.0,2.391229188724474,,MeanRev,,,SCHW,,,,,,,,,,,weekly_options_backtest.csv,2023-10-09,2.464292028771597,1.0,3.0,2023-10-30,54.10202026367188,4.855521217496071,97.03513872568324,,
52.5485656232134,,,,,,,0.0,0.0,1.287527933848446,,MeanRev,,,SCHW,,,,,,,,,,,weekly_options_backtest.csv,2023-11-13,2.62742828116067,1.0,1.0,2023-11-20,54.93359756469727,3.914956215009116,49.00335217826303,,
61.71926737471605,,,,,,,0.0,0.0,-0.7405211731243897,,MeanRev,,,SCHW,,,,,,,,,,,weekly_options_backtest.csv,2024-07-22,3.085963368735803,1.0,8.0,2024-09-16,64.37811279296875,2.345442195611413,-23.996434326689755,,
64.60456512595924,,,,,,,0.0,0.0,0.6722258779508854,,MeanRev,,,SCHW,,,,,,,,,,,weekly_options_backtest.csv,2024-09-23,3.2302282562979623,1.0,2.0,2024-10-07,66.63267517089844,3.902454134248848,20.810476059710314,,
66.44881440870655,,,,,,,0.0,0.0,7.646572559833752,,MeanRev,,,SCHW,,,,,,,,,,,weekly_options_backtest.csv,2025-04-07,3.322440720435328,1.0,2.0,2025-04-21,79.23506164550781,10.96901328026908,230.14925481745988,,
57.07947668280468,,,,,,,0.0,0.0,2.117846813927118,,MeanRev,,,APO,,,,,,,,,,,weekly_options_backtest.csv,2023-03-13,2.853973834140234,1.0,4.0,2023-04-10,62.093994140625,4.971820648067352,74.20694571872708,,
58.34026537496275,,,,,,,0.0,0.0,1.428036137285142,,MeanRev,,,APO,,,,,,,,,,,weekly_options_backtest.csv,2023-05-08,2.9170132687481374,1.0,1.0,2023-05-15,60.98601531982422,4.345049406033279,48.95542137516559,,
95.43524821161157,,,,,,,0.0,0.0,10.506276034249014,,MeanRev,,,APO,,,,,,,,,,,weekly_options_backtest.csv,2024-08-05,4.771762410580578,1.0,3.0,2024-08-26,113.80110168457033,15.278038444829592,220.17600899309485,,
150.2291662956912,,,,,,,0.0,0.0,-19.33577523553364,,SL_Stock,,,APO,,,,,,,,,,,weekly_options_backtest.csv,2025-02-24,7.511458314784561,1.0,2.0,2025-03-10,132.8338165283203,-11.824316920749078,-257.4170610449326,,
132.5173270934843,,,,,,,0.0,0.0,-3.094867292954098,,MeanRev,,,APO,,,,,,,,,,,weekly_options_backtest.csv,2025-03-17,6.625866354674216,1.0,6.0,2025-04-28,133.87217712402344,3.530999061720117,-46.70886986380015,,
132.0228709031173,,,,,,,0.0,0.0,5.986517818956209,,MeanRev,,,APO,,,,,,,,,,,weekly_options_backtest.csv,2025-05-05,6.601143545155866,1.0,1.0,2025-05-12,142.2484588623047,12.587661364112074,90.68910224425146,,
131.9859929833632,,,,,,,0.0,0.0,-0.9927991339853496,,MeanRev,,,APO,,,,,,,,,,,weekly_options_backtest.csv,2025-05-26,6.59929964916816,1.0,3.0,2025-06-16,133.5044403076172,5.60650051518281,-15.044007497227252,,
126.64351171432354,,,,,,,0.0,0.0,0.8533545976922925,,MeanRev,,,APO,,,,,,,,,,,weekly_options_backtest.csv,2025-10-06,6.332175585716177,1.0,4.0,2025-11-03,131.85308837890625,7.18553018340847,13.476483495139483,,
331.3099975585937,,,,,,,0.0,0.0,19.68771118164063,,MeanRev,,,MDB,,,,,,,,,,,weekly_options_backtest.csv,2023-09-25,16.56549987792969,1.0,6.0,2023-11-06,376.8900146484375,36.25321105957032,118.84767333746856,,
379.6199951171875,,,,,,,0.0,0.0,-8.671604614257813,,MeanRev,,,MDB,,,,,,,,,,,weekly_options_backtest.csv,2024-03-11,18.980999755859376,1.0,6.0,2024-04-22,383.7999877929688,10.309395141601565,-45.68571058318946,,
356.9700012207031,,,,,,,0.0,0.0,-54.35211639404298,,SL_Stock,,,MDB,,,,,,,,,,,weekly_options_backtest.csv,2024-05-13,17.848500061035157,1.0,2.0,2024-05-27,236.05999755859372,-36.50361633300782,-304.51923807703275,,
243.1499938964844,,,,,,,0.0,0.0,-16.304249725341798,,TimeStop,,,MDB,,,,,,,,,,,weekly_options_backtest.csv,2024-06-03,12.15749969482422,1.0,9.0,2024-08-05,234.8999938964844,-4.14675003051758,-134.10857606093927,,
235.17999267578125,,,,,,,0.0,0.0,33.79471038818359,,MeanRev,,,MDB,,,,,,,,,,,weekly_options_backtest.csv,2024-08-12,11.758999633789063,1.0,2.0,2024-08-26,290.7900085449219,45.553710021972655,287.3944335458239,,
246.50999450683597,,,,,,,0.0,0.0,11.263758468627929,,MeanRev,,,MDB,,,,,,,,,,,weekly_options_backtest.csv,2024-12-23,12.325499725341798,1.0,5.0,2025-01-27,273.32000732421875,23.589258193969727,91.38581574481007,,
182.0200042724609,,,,,,,0.0,0.0,-2.165407333374022,,MeanRev,,,MDB,,,,,,,,,,,weekly_options_backtest.csv,2025-03-10,9.101000213623047,1.0,9.0,2025-05-12,191.2899932861328,6.935592880249025,-23.79306980053336,,
187.25,,,,,,,0.0,0.0,0.0907511901855482,,MeanRev,,,MDB,,,,,,,,,,,weekly_options_backtest.csv,2025-05-19,9.3625,1.0,1.0,2025-05-26,188.8300018310547,9.453251190185547,0.9693051021153348,,
188.4199981689453,,,,,,,0.0,0.0,10.244404373168942,,MeanRev,,,MDB,,,,,,,,,,,weekly_options_backtest.csv,2025-06-02,9.420999908447266,1.0,1.0,2025-06-09,205.6300048828125,19.66540428161621,108.7400963031894,,
192.51792370099776,,,,,,,0.0,0.0,14.900960628922643,,MeanRev,,,ETN,,,,,,,,,,,weekly_options_backtest.csv,2023-10-30,9.62589618504989,1.0,1.0,2023-11-06,216.9233856201172,24.52685681397253,154.80076184558826,,
251.53943296574724,,,,,,,0.0,0.0,29.683537209614023,,MeanRev,,,ETN,,,,,,,,,,,weekly_options_backtest.csv,2024-08-05,12.576971648287362,1.0,3.0,2024-08-26,303.0111694335937,42.260508857901385,236.0149807100512,,
285.5174493919361,,,,,,,0.0,0.0,25.13241922005919,,MeanRev,,,ETN,,,,,,,,,,,weekly_options_backtest.csv,2024-09-09,14.275872469596806,1.0,1.0,2024-09-16,326.3789978027344,39.408291689656,176.04821893431364,,
311.54629656827706,,,,,,,0.0,0.0,-48.83975132806079,,SL_Stock,,,ETN,,,,,,,,,,,weekly_options_backtest.csv,2025-02-10,15.577314828413854,1.0,7.0,2025-03-31,244.95123291015625,-33.26243649964693,-313.5312591806546,,
236.33640376657016,,,,,,,0.0,0.0,30.556309695704297,,MeanRev,,,ETN,,,,,,,,,,,weekly_options_backtest.csv,2025-04-07,11.81682018832851,1.0,2.0,2025-04-21,286.9820556640625,42.37312988403281,258.58318235124545,,
286.2268479259872,,,,,,,0.0,0.0,12.655160946368996,,MeanRev,,,ETN,,,,,,,,,,,weekly_options_backtest.csv,2025-04-28,14.31134239629936,1.0,1.0,2025-05-05,307.8980712890625,26.96650334266836,88.4274905591063,,
337.3500061035156,,,,,,,0.0,0.0,49.039255523681646,,MeanRev,,,ADBE,,,,,,,,,,,weekly_options_backtest.csv,2023-05-15,16.86750030517578,1.0,1.0,2023-05-22,415.3900146484375,65.90675582885743,290.7322047513702,,
531.5,,,,,,,0.0,0.0,-67.12169555664062,,SL_Stock,,,ADBE,,,,,,,,,,,weekly_options_backtest.csv,2024-02-19,26.575000000000003,1.0,9.0,2024-04-22,477.55999755859375,-40.54669555664061,-252.5745834680738,,
478.0400085449219,,,,,,,0.0,0.0,16.38429260253907,,MeanRev,,,ADBE,,,,,,,,,,,weekly_options_backtest.csv,2024-04-29,23.902000427246094,1.0,6.0,2024-06-10,525.3099975585938,40.28629302978516,68.5477880916715,,
501.7999877929688,,,,,,,0.0,0.0,-5.817475891113283,,MeanRev,,,ADBE,,,,,,,,,,,weekly_options_backtest.csv,2024-10-14,25.08999938964844,1.0,5.0,2024-11-18,512.1500244140625,19.27252349853516,-23.186432971829564,,
467.1900024414063,,,,,,,0.0,0.0,-23.257099304199222,,MeanRev,,,ADBE,,,,,,,,,,,weekly_options_backtest.csv,2024-12-16,23.359500122070315,1.0,8.0,2025-02-10,460.1600036621094,0.1024008178710929,-99.56163095384758,,
445.1099853515625,,,,,,,0.0,0.0,0.5629556274414078,,MeanRev,,,ADBE,,,,,,,,,,,weekly_options_backtest.csv,2025-02-24,22.255499267578127,1.0,1.0,2025-03-03,449.3999938964844,22.81845489501953,2.5295124619447344,,
394.1199951171875,,,,,,,0.0,0.0,-43.54549468994142,,SL_Stock,,,ADBE,,,,,,,,,,,weekly_options_backtest.csv,2025-03-17,19.705999755859377,1.0,3.0,2025-04-07,352.4700012207031,-23.83949493408204,-220.9758207116268,,
359.510009765625,,,,,,,0.0,0.0,30.262796630859373,,MeanRev,,,ADBE,,,,,,,,,,,weekly_options_backtest.csv,2025-04-14,17.975500488281252,1.0,4.0,2025-05-12,417.1300048828125,48.23829711914063,168.3557943245506,,
351.1600036621094,,,,,,,0.0,0.0,-0.9538064575195336,,MeanRev,,,ADBE,,,,,,,,,,,weekly_options_backtest.csv,2025-08-04,17.55800018310547,1.0,6.0,2025-09-15,365.8999938964844,16.604193725585937,-5.4323183026122654,,
346.92999267578125,,,,,,,0.0,0.0,0.8141976928710939,,MeanRev,,,ADBE,,,,,,,,,,,weekly_options_backtest.csv,2025-10-06,17.346499633789062,1.0,2.0,2025-10-20,353.5199890136719,18.16069732666016,4.693729052316278,,
328.0,,,,,,,0.0,0.0,6.949006347656248,,MeanRev,,,ADBE,,,,,,,,,,,weekly_options_backtest.csv,2025-11-10,16.400000000000002,1.0,3.0,2025-12-01,346.260009765625,23.34900634765625,42.371989924733214,,
37.610853362163546,,,,,,,0.0,0.0,3.033615498013076,,MeanRev,,,MRVL,,,,,,,,,,,weekly_options_backtest.csv,2023-03-13,1.8805426681081772,1.0,2.0,2023-03-27,42.85658264160156,4.914158166121253,161.31596211347266,,
51.61549041375617,,,,,,,0.0,0.0,0.1680825769954137,,MeanRev,,,MRVL,,,,,,,,,,,weekly_options_backtest.csv,2023-09-25,2.5807745206878088,1.0,6.0,2023-11-06,54.25633239746094,2.7488570976832225,6.512873389288484,,
53.21933208694471,,,,,,,0.0,0.0,10.021677296283638,,MeanRev,,,MRVL,,,,,,,,,,,weekly_options_backtest.csv,2024-08-05,2.6609666043472355,1.0,1.0,2024-08-12,69.04667663574219,12.682643900630874,376.6179282337166,,
68.17145181676639,,,,,,,0.0,0.0,-5.996457138873346,,TimeStop,,,MRVL,,,,,,,,,,,weekly_options_backtest.csv,2025-03-10,3.40857259083832,1.0,9.0,2025-05-12,63.66569519042969,-2.5878845480350265,-175.92282338333743,,
61.009632262289294,,,,,,,0.0,0.0,4.095433554667386,,MeanRev,,,MRVL,,,,,,,,,,,weekly_options_backtest.csv,2025-05-19,3.050481613114465,1.0,2.0,2025-06-02,68.24890899658203,7.14591516778185,134.25531027823672,,
69.36725627775728,,,,,,,0.0,0.0,2.2752763006666394,,MeanRev,,,MRVL,,,,,,,,,,,weekly_options_backtest.csv,2025-06-09,3.468362813887864,1.0,1.0,2025-06-16,73.40127563476562,5.743639114554504,65.60087345983757,,
34.24954809398129,,,,,,,0.0,0.0,2.144078508521666,,MeanRev,,,DELL,,,,,,,,,,,weekly_options_backtest.csv,2023-03-13,1.7124774046990645,1.0,2.0,2023-03-27,38.07504653930664,3.8565559132207294,125.20331670586027,,
88.54894703913537,,,,,,,0.0,0.0,12.93883307829554,,MeanRev,,,DELL,,,,,,,,,,,weekly_options_backtest.csv,2024-08-05,4.4274473519567685,1.0,5.0,2024-09-09,111.8605728149414,17.36628043025231,292.2413763447024,,
109.98154167420616,,,,,,,0.0,0.0,4.437333581080506,,MeanRev,,,DELL,,,,,,,,,,,weekly_options_backtest.csv,2024-09-16,5.499077083710309,1.0,1.0,2024-09-23,117.65422058105467,9.936410664790817,80.69233279571654,,
108.4572374030926,,,,,,,0.0,0.0,1.187235878774472,,MeanRev,,,DELL,,,,,,,,,,,weekly_options_backtest.csv,2025-01-20,5.42286187015463,1.0,3.0,2025-02-10,112.78661346435548,6.610097748929102,21.89316097665269,,
114.88693430807643,,,,,,,0.0,0.0,-16.183471152034624,,SL_Stock,,,DELL,,,,,,,,,,,weekly_options_backtest.csv,2025-02-17,5.744346715403823,1.0,2.0,2025-03-03,90.18590545654295,-10.439124436630802,-281.7286621755898,,
87.76016921673622,,,,,,,0.0,0.0,1.1423598349631234,,MeanRev,,,DELL,,,,,,,,,,,weekly_options_backtest.csv,2025-03-10,4.388008460836811,1.0,6.0,2025-04-21,93.568115234375,5.530368295799934,26.033674391440687,,
93.8506083516976,,,,,,,0.0,0.0,0.3951195197503852,,MeanRev,,,DELL,,,,,,,,,,,weekly_options_backtest.csv,2025-04-28,4.692530417584879,1.0,1.0,2025-05-05,95.18041229248048,5.087649937335264,8.420180256471149,,
124.8000030517578,,,,,,,0.0,0.0,8.547500381469728,,MeanRev,,,DELL,,,,,,,,,,,weekly_options_backtest.csv,2025-11-24,6.240000152587891,1.0,1.0,2025-12-01,138.91000366210938,14.78750053405762,136.97916943038626,,
68.770982054414,,,,,,,0.0,0.0,2.7112464546762096,,MeanRev,,,MCHP,,,,,,,,,,,weekly_options_backtest.csv,2023-05-15,3.4385491027207005,1.0,1.0,2023-05-22,73.47113800048828,6.14979555739691,78.84856006654017,,
72.14569134993819,,,,,,,0.0,0.0,-1.5207980232314071,,MeanRev,,,MCHP,,,,,,,,,,,weekly_options_backtest.csv,2023-09-25,3.60728456749691,1.0,6.0,2023-11-06,73.13580322265625,2.0864865442655027,-42.159081014412095,,
78.45154973561957,,,,,,,0.0,0.0,5.207612227246333,,MeanRev,,,MCHP,,,,,,,,,,,weekly_options_backtest.csv,2024-04-22,3.9225774867809786,1.0,1.0,2024-04-29,87.06673431396484,9.130189714027312,132.759958083579,,
72.09929153034713,,,,,,,0.0,0.0,1.0453589436799882,,MeanRev,,,MCHP,,,,,,,,,,,weekly_options_backtest.csv,2024-08-05,3.604964576517357,1.0,7.0,2024-09-23,77.58980560302734,4.650323520197345,28.99775910391543,,
76.10714756948674,,,,,,,0.0,0.0,-8.914211020745894,,SL_Stock,,,MCHP,,,,,,,,,,,weekly_options_backtest.csv,2024-09-30,3.805357378474337,1.0,6.0,2024-11-11,60.51985931396485,-5.108853642271557,-234.2542403814861,,
60.82794317391621,,,,,,,0.0,0.0,-6.743375713696475,,TimeStop,,,MCHP,,,,,,,,,,,weekly_options_backtest.csv,2024-11-18,3.0413971586958106,1.0,9.0,2025-01-20,54.6646842956543,-3.701978555000664,-221.71966901514827,,
56.031543491327184,,,,,,,0.0,0.0,1.219996059041348,,MeanRev,,,MCHP,,,,,,,,,,,weekly_options_backtest.csv,2025-01-27,2.80157717456636,1.0,3.0,2025-02-17,59.20149612426758,4.021573233607708,43.54675895123911,,
52.38914867625673,,,,,,,0.0,0.0,-9.132341638688448,,SL_Stock,,,MCHP,,,,,,,,,,,weekly_options_backtest.csv,2025-03-17,2.619457433812837,1.0,2.0,2025-03-31,35.37537384033203,-6.512884204875611,-348.6348554782801,,
34.76006552117599,,,,,,,0.0,0.0,7.299857179150388,,MeanRev,,,MCHP,,,,,,,,,,,weekly_options_backtest.csv,2025-04-07,1.7380032760587996,1.0,3.0,2025-04-28,46.79277038574219,9.037860455209188,420.0140057102759,,
46.1286261088842,,,,,,,0.0,0.0,8.644452558287785,,MeanRev,,,MCHP,,,,,,,,,,,weekly_options_backtest.csv,2025-05-05,2.30643130544421,1.0,1.0,2025-05-12,59.78261947631836,10.950883863731995,374.79774653955695,,
62.23862599970124,,,,,,,0.0,0.0,-8.891996369311192,,SL_Stock,,,MCHP,,,,,,,,,,,weekly_options_backtest.csv,2025-10-13,3.111931299985062,1.0,5.0,2025-11-17,50.44500350952149,-5.78006506932613,-285.7388390725038,,
50.08821772225491,,,,,,,0.0,0.0,9.968715805008973,,MeanRev,,,MCHP,,,,,,,,,,,weekly_options_backtest.csv,2025-11-24,2.504410886112746,1.0,1.0,2025-12-01,65.80999755859375,12.473126691121715,398.046337375655,,
100.81999969482422,,,,,,,0.0,0.0,3.16479881286621,,MeanRev,,,AMD,,,,,,,,,,,weekly_options_backtest.csv,2023-09-18,5.040999984741212,1.0,2.0,2023-10-02,107.23999786376952,8.205798797607422,62.78117084796382,,
100.80999755859376,,,,,,,0.0,0.0,6.931951599121093,,MeanRev,,,AMD,,,,,,,,,,,weekly_options_backtest.csv,2023-10-23,5.040499877929688,1.0,1.0,2023-10-30,112.25,11.97245147705078,137.52508217435553,,
159.0800018310547,,,,,,,0.0,0.0,1.9126995849609372,,MeanRev,,,AMD,,,,,,,,,,,weekly_options_backtest.csv,2024-04-29,7.954000091552735,1.0,2.0,2024-05-13,164.47000122070312,9.866699676513672,24.047014872331378,,
158.0,,,,,,,0.0,0.0,7.454996032714842,,MeanRev,,,AMD,,,,,,,,,,,weekly_options_backtest.csv,2024-06-17,7.9,1.0,2.0,2024-07-01,171.89999389648438,15.354996032714842,94.36703838879546,,
154.22999572753906,,,,,,,0.0,0.0,-2.597099914550782,,MeanRev,,,AMD,,,,,,,,,,,weekly_options_backtest.csv,2024-07-22,7.711499786376954,1.0,4.0,2024-08-19,154.97999572753906,5.114399871826172,-33.67827253446584,,
136.10000610351562,,,,,,,0.0,0.0,12.221994018554687,,MeanRev,,,AMD,,,,,,,,,,,weekly_options_backtest.csv,2024-09-09,6.805000305175781,1.0,1.0,2024-09-16,155.9499969482422,19.02699432373047,179.60313696472318,,
137.9199981689453,,,,,,,0.0,0.0,-16.974503326416016,,SL_Stock,,,AMD,,,,,,,,,,,weekly_options_backtest.csv,2024-12-02,6.895999908447266,1.0,5.0,2025-01-06,116.04000091552734,-10.07850341796875,-246.14999350018948,,
115.27999877929688,,,,,,,0.0,0.0,-16.191099243164064,,SL_Stock,,,AMD,,,,,,,,,,,weekly_options_backtest.csv,2025-01-13,5.763999938964844,1.0,7.0,2025-03-03,100.30999755859376,-10.42709930419922,-280.9004062215833,,
98.56999969482422,,,,,,,0.0,0.0,-1.1673021697998052,,MeanRev,,,AMD,,,,,,,,,,,weekly_options_backtest.csv,2025-03-10,4.928499984741212,1.0,8.0,2025-05-05,102.83999633789062,3.7611978149414074,-23.684735181369764,,
196.83999633789065,,,,,,,0.0,0.0,-6.084495544433594,,MeanRev,,,BA,,,,,,,,,,,weekly_options_backtest.csv,2023-09-25,9.841999816894532,1.0,5.0,2023-10-30,195.0500030517578,3.757504272460938,-61.82174006942268,,
195.8800048828125,,,,,,,0.0,0.0,6.924592437744142,,MeanRev,,,BA,,,,,,,,,,,weekly_options_backtest.csv,2023-11-06,9.794000244140626,1.0,1.0,2023-11-13,208.0399932861328,16.71859268188477,70.70239192496304,,
199.5,,,,,,,0.0,0.0,-19.58000396728515,,SL_Stock,,,BA,,,,,,,,,,,weekly_options_backtest.csv,2024-03-04,9.975,1.0,5.0,2024-04-08,169.5500030517578,-9.605003967285151,-196.2907665893248,,
170.74000549316406,,,,,,,0.0,0.0,5.821694335937501,,MeanRev,,,BA,,,,,,,,,,,weekly_options_backtest.csv,2024-04-15,8.537000274658203,1.0,4.0,2024-05-13,184.9499969482422,14.358694610595704,68.19367633405147,,
184.6499938964844,,,,,,,0.0,0.0,1.7870075988769545,,MeanRev,,,BA,,,,,,,,,,,weekly_options_backtest.csv,2024-05-20,9.232499694824218,1.0,2.0,2024-06-03,190.2400054931641,11.019507293701173,19.35562044891005,,
176.75,,,,,,,0.0,0.0,2.53524642944336,,MeanRev,,,BA,,,,,,,,,,,weekly_options_backtest.csv,2024-06-17,8.8375,1.0,1.0,2024-06-24,182.00999450683597,11.37274642944336,28.687371195964467,,
167.72999572753906,,,,,,,0.0,0.0,-19.655899353027344,,SL_Stock,,,BA,,,,,,,,,,,weekly_options_backtest.csv,2024-08-12,8.386499786376953,1.0,8.0,2024-10-07,151.02000427246094,-11.269399566650392,-234.37548266508543,,
148.0,,,,,,,0.0,0.0,0.3960015869140632,,MeanRev,,,BA,,,,,,,,,,,weekly_options_backtest.csv,2024-10-14,7.4,1.0,6.0,2024-11-25,155.44000244140625,7.796001586914063,5.351372796135989,,
132.0500030517578,,,,,,,0.0,0.0,28.514496002197266,,MeanRev,,,BA,,,,,,,,,,,weekly_options_backtest.csv,2025-04-07,6.602500152587891,1.0,2.0,2025-04-21,177.9499969482422,35.11699615478516,431.8742195109353,,
202.0399932861328,,,,,,,0.0,0.0,-18.075399932861323,,SL_Stock,,,BA,,,,,,,,,,,weekly_options_backtest.csv,2025-11-03,10.10199966430664,1.0,2.0,2025-11-17,179.6999969482422,-7.97340026855468,-178.92893024662305,,
180.30999755859372,,,,,,,0.0,0.0,13.12545120239258,,MeanRev,,,BA,,,,,,,,,,,weekly_options_backtest.csv,2025-11-24,9.015499877929688,1.0,1.0,2025-12-01,201.88999938964844,22.140951080322267,145.58761444303514,,
37.03351213443917,,,,,,,0.0,0.0,-0.0548972257806201,,MeanRev,,,WFC,,,,,,,,,,,weekly_options_backtest.csv,2023-03-13,1.8516756067219584,1.0,5.0,2023-04-17,38.37342071533203,1.7967783809413385,-2.964732352758339,,
37.675556301146464,,,,,,,0.0,0.0,-0.4655781954387956,,MeanRev,,,WFC,,,,,,,,,,,weekly_options_backtest.csv,2023-05-01,1.8837778150573232,1.0,2.0,2023-05-15,37.53890609741211,1.4181996196185276,-24.715133160469254,,
36.96300453459399,,,,,,,0.0,0.0,0.9874927239359133,,MeanRev,,,WFC,,,,,,,,,,,weekly_options_backtest.csv,2023-10-09,1.8481502267297,1.0,3.0,2023-10-30,39.3352165222168,2.835642950665613,53.43140993918448,,
49.542826110131294,,,,,,,0.0,0.0,3.166250453348502,,MeanRev,,,WFC,,,,,,,,,,,weekly_options_backtest.csv,2024-08-05,2.477141305506565,1.0,2.0,2024-08-19,55.176177978515625,5.643391758855067,127.81872581552297,,
53.25912457441452,,,,,,,0.0,0.0,0.7204526182360276,,MeanRev,,,WFC,,,,,,,,,,,weekly_options_backtest.csv,2024-09-09,2.6629562287207262,1.0,1.0,2024-09-16,54.77719879150391,3.383408846956754,27.05461736343035,,
59.69249596767207,,,,,,,0.0,0.0,5.18250283223487,,MeanRev,,,WFC,,,,,,,,,,,weekly_options_backtest.csv,2025-04-07,2.984624798383604,1.0,2.0,2025-04-21,68.58392333984375,8.167127630618474,173.64001113445082,,
124.62999725341795,,,,,,,0.0,0.0,8.457355766296388,,MeanRev,,,AMZN,,,,,,,,,,,weekly_options_backtest.csv,2023-10-23,6.231499862670899,1.0,1.0,2023-10-30,138.60000610351562,14.688855628967286,135.71942474008912,,
154.2100067138672,,,,,,,0.0,0.0,17.12674903869629,,MeanRev,,,AMZN,,,,,,,,,,,weekly_options_backtest.csv,2024-08-05,7.71050033569336,1.0,5.0,2024-09-09,186.4900054931641,24.83724937438965,222.12240831393703,,
195.6000061035156,,,,,,,0.0,0.0,-9.475005798339849,,MeanRev,,,AMZN,,,,,,,,,,,weekly_options_backtest.csv,2025-03-10,9.780000305175784,1.0,8.0,2025-05-05,193.05999755859372,0.3049945068359365,-96.8814468576803,,
210.7100067138672,,,,,,,0.0,0.0,-7.371550827026367,,MeanRev,,,AMZN,,,,,,,,,,,weekly_options_backtest.csv,2025-05-12,10.53550033569336,1.0,1.0,2025-05-19,200.9900054931641,3.1639495086669926,-69.96868294951493,,
87.03380255669379,,,,,,,0.0,0.0,-1.2198536761196015,,MeanRev,,,TSM,,,,,,,,,,,weekly_options_backtest.csv,2023-09-11,4.351690127834689,1.0,4.0,2023-10-09,87.83506774902344,3.1318364517150874,-28.03172193527887,,
84.77647546076433,,,,,,,0.0,0.0,5.9695405159483865,,MeanRev,,,TSM,,,,,,,,,,,weekly_options_backtest.csv,2023-10-30,4.238823773038217,1.0,1.0,2023-11-06,94.61251068115234,10.208364288986605,140.83011787181854,,
172.1006612944854,,,,,,,0.0,0.0,-23.860200644717217,,SL_Stock,,,TSM,,,,,,,,,,,weekly_options_backtest.csv,2025-03-17,8.605033064724271,1.0,3.0,2025-04-07,156.0155487060547,-15.255167579992946,-277.28191705073664,,
157.22727432950137,,,,,,,0.0,0.0,11.972310038720504,,MeanRev,,,TSM,,,,,,,,,,,weekly_options_backtest.csv,2025-04-14,7.8613637164750685,1.0,2.0,2025-04-28,178.06509399414062,19.833673755195573,152.2930431730327,,
103.12486095232306,,,,,,,0.0,0.0,2.283232132328417,,MeanRev,,,ORCL,,,,,,,,,,,weekly_options_backtest.csv,2023-10-02,5.156243047616154,1.0,5.0,2023-11-06,110.60386657714844,7.439475179944571,44.2809253024643,,
101.15457087127128,,,,,,,0.0,0.0,2.227354188001165,,MeanRev,,,ORCL,,,,,,,,,,,weekly_options_backtest.csv,2023-12-18,5.057728543563565,1.0,4.0,2024-01-15,107.69371795654295,7.28508273156473,44.03862660513251,,
152.60007343331048,,,,,,,0.0,0.0,18.50209258721679,,MeanRev,,,ORCL,,,,,,,,,,,weekly_options_backtest.csv,2025-01-13,7.630003671665524,1.0,1.0,2025-01-20,182.2386779785156,26.132096258882317,242.49126715266755,,
149.41385999991857,,,,,,,0.0,0.0,-23.06242286736156,,SL_Stock,,,ORCL,,,,,,,,,,,weekly_options_backtest.csv,2025-03-10,7.470692999995929,1.0,4.0,2025-04-07,131.36866760253906,-15.591729867365633,-308.70526827128526,,
136.2734621893537,,,,,,,0.0,0.0,7.65690188739961,,MeanRev,,,ORCL,,,,,,,,,,,weekly_options_backtest.csv,2025-04-14,6.813673109467685,1.0,2.0,2025-04-28,150.1498260498047,14.470574996867295,112.37553907246075,,
165.34671710785776,,,,,,,0.0,0.0,-11.409341399410508,,SL_Stock,,,ADI,,,,,,,,,,,weekly_options_backtest.csv,2023-10-16,8.267335855392888,1.0,2.0,2023-10-30,161.6783447265625,-3.14200554401762,-138.00505506218246,,
161.21616719516027,,,,,,,0.0,0.0,8.96327224254112,,MeanRev,,,ADI,,,,,,,,,,,weekly_options_backtest.csv,2023-11-06,8.060808359758013,1.0,1.0,2023-11-13,176.24594116210938,17.024080602299133,111.195699519275,,
203.2284975930408,,,,,,,0.0,0.0,19.65742193666572,,MeanRev,,,ADI,,,,,,,,,,,weekly_options_backtest.csv,2025-02-10,10.16142487965204,1.0,1.0,2025-02-17,235.0339813232422,29.818846816317755,193.4514319544805,,
207.4918633921993,,,,,,,0.0,0.0,-25.05916210133374,,SL_Stock,,,ADI,,,,,,,,,,,weekly_options_backtest.csv,2025-03-24,10.374593169609966,1.0,1.0,2025-03-31,162.6341094970703,-14.684568931723772,-241.54356408633845,,
161.25081457675594,,,,,,,0.0,0.0,20.30999907794168,,MeanRev,,,ADI,,,,,,,,,,,weekly_options_backtest.csv,2025-04-07,8.062540728837797,1.0,3.0,2025-04-28,196.2181396484375,28.37253980677947,251.90569277123305,,
374.1894267831872,,,,,,,0.0,0.0,11.275427847022211,,MeanRev,,,DE,,,,,,,,,,,weekly_options_backtest.csv,2023-03-13,18.70947133915936,1.0,2.0,2023-03-27,397.2929992675781,29.98489918618157,60.265881609505854,,
356.4603496031209,,,,,,,0.0,0.0,-8.247753530840926,,MeanRev,,,DE,,,,,,,,,,,weekly_options_backtest.csv,2023-04-10,17.823017480156047,1.0,8.0,2023-06-05,365.70751953125,9.57526394931512,-46.27585390646609,,
368.4430953714945,,,,,,,0.0,0.0,-7.920652081620137,,MeanRev,,,DE,,,,,,,,,,,weekly_options_backtest.csv,2023-10-02,18.422154768574725,1.0,6.0,2023-11-13,373.2625427246094,10.501502686954588,-42.995253167297854,,
357.9200721834091,,,,,,,0.0,0.0,7.606045510805458,,MeanRev,,,DE,,,,,,,,,,,weekly_options_backtest.csv,2023-11-27,17.896003609170457,1.0,2.0,2023-12-11,375.1281433105469,25.502049119975915,42.50136330386014,,
353.8601869597396,,,,,,,0.0,0.0,9.702409450550231,,MeanRev,,,DE,,,,,,,,,,,weekly_options_backtest.csv,2024-07-08,17.693009347986983,1.0,1.0,2024-07-15,371.5089721679688,27.39541879853721,54.8375307994404,,
339.77846176675394,,,,,,,0.0,0.0,18.836516844533985,,MeanRev,,,DE,,,,,,,,,,,weekly_options_backtest.csv,2024-08-05,16.988923088337696,1.0,1.0,2024-08-12,371.3713989257813,35.82543993287168,110.87528471692592,,
472.22081991563937,,,,,,,0.0,0.0,-13.81615119497852,,MeanRev,,,DE,,,,,,,,,,,weekly_options_backtest.csv,2025-09-08,23.61104099578197,1.0,6.0,2025-10-20,472.760009765625,9.79488980080345,-58.51563765209136,,
45.34999847412109,,,,,,,0.0,0.0,-4.157750968933107,,SL_Stock,,,UAL,,,,,,,,,,,weekly_options_backtest.csv,2023-09-18,2.2674999237060547,1.0,3.0,2023-10-09,38.720001220703125,-1.890251045227053,-183.36278318976,,
39.119998931884766,,,,,,,0.0,0.0,-0.4455981826782227,,MeanRev,,,UAL,,,,,,,,,,,weekly_options_backtest.csv,2023-10-16,1.9559999465942384,1.0,6.0,2023-11-27,40.2400016784668,1.5104017639160157,-22.78109380596316,,
40.15999984741211,,,,,,,0.0,0.0,2.022201290130616,,MeanRev,,,UAL,,,,,,,,,,,weekly_options_backtest.csv,2023-12-04,2.0079999923706056,1.0,1.0,2023-12-11,43.58000183105469,4.030201282501221,100.70723594691076,,
37.13999938964844,,,,,,,0.0,0.0,5.02269931793213,,MeanRev,,,UAL,,,,,,,,,,,weekly_options_backtest.csv,2024-08-05,1.856999969482422,1.0,4.0,2024-09-02,46.0099983215332,6.879699287414551,270.47385032171235,,
80.16999816894531,,,,,,,0.0,0.0,-17.24584945678711,,SL_Stock,,,UAL,,,,,,,,,,,weekly_options_backtest.csv,2025-03-10,4.0084999084472654,1.0,3.0,2025-03-31,57.66999816894531,-13.237349548339845,-430.23200325997936,,
54.90999984741211,,,,,,,0.0,0.0,13.435797920227053,,MeanRev,,,UAL,,,,,,,,,,,weekly_options_backtest.csv,2025-04-07,2.745499992370606,1.0,4.0,2025-05-05,77.2699966430664,16.181297912597657,489.3752670757028,,
82.83000183105469,,,,,,,0.0,0.0,-3.0317996215820315,,MeanRev,,,UAL,,,,,,,,,,,weekly_options_backtest.csv,2025-05-12,4.141500091552735,1.0,2.0,2025-05-26,79.44000244140625,1.1097004699707034,-73.2053496211646,,
75.45999908447266,,,,,,,0.0,0.0,2.0407007980346688,,MeanRev,,,UAL,,,,,,,,,,,weekly_options_backtest.csv,2025-06-16,3.772999954223633,1.0,1.0,2025-06-23,79.18000030517578,5.813700752258302,54.08695528210209,,
484.4001235231284,,,,,,,0.0,0.0,65.37706727118211,,MeanRev,,,META,,,,,,,,,,,weekly_options_backtest.csv,2025-04-07,24.22000617615642,1.0,3.0,2025-04-28,596.15869140625,89.59707344733853,269.9300189920806,,
656.0,,,,,,,0.0,0.0,-1.7970111083984437,,MeanRev,,,META,,,,,,,,,,,weekly_options_backtest.csv,2025-11-03,32.800000000000004,1.0,4.0,2025-12-01,673.4199829101562,31.00298889160156,-5.478692403653791,,
74.58873485022984,,,,,,,0.0,0.0,-5.464487255317335,,SL_Stock,,,MDT,,,,,,,,,,,weekly_options_backtest.csv,2023-09-11,3.729436742511492,1.0,4.0,2023-10-09,67.3875961303711,-1.7350505128058429,-146.52312487374212,,
67.56554095831893,,,,,,,0.0,0.0,0.2373905822183064,,MeanRev,,,MDT,,,,,,,,,,,weekly_options_backtest.csv,2023-10-16,3.378277047915947,1.0,4.0,2023-11-13,70.00969696044922,3.615667630134253,7.026971999373238,,
70.52472781942741,,,,,,,0.0,0.0,2.496094766922506,,MeanRev,,,MDT,,,,,,,,,,,weekly_options_backtest.csv,2023-11-20,3.5262363909713708,1.0,1.0,2023-11-27,74.9073715209961,6.022331157893877,70.78637079787235,,
79.39023275538369,,,,,,,0.0,0.0,2.718040742735699,,MeanRev,,,MDT,,,,,,,,,,,weekly_options_backtest.csv,2024-12-16,3.969511637769185,1.0,4.0,2025-01-13,86.01461029052734,6.687552380504884,68.47292540659242,,
79.87548222132769,,,,,,,0.0,0.0,3.6249116535752863,,MeanRev,,,MDT,,,,,,,,,,,weekly_options_backtest.csv,2025-05-26,3.9937741110663847,1.0,1.0,2025-06-02,86.06669616699219,7.618685764641671,90.76406308336232,,
298.5937865374183,,,,,,,0.0,0.0,4.50137627676569,,MeanRev,,,GS,,,,,,,,,,,weekly_options_backtest.csv,2023-03-13,14.929689326870914,1.0,4.0,2023-04-10,314.7064819335937,19.431065603636604,30.15050198441822,,
299.29431923758983,,,,,,,0.0,0.0,5.540356580531004,,MeanRev,,,GS,,,,,,,,,,,weekly_options_backtest.csv,2023-05-15,14.964715961879492,1.0,1.0,2023-05-22,310.1202087402344,20.505072542410492,37.02279812489781,,
283.08589450706205,,,,,,,0.0,0.0,16.677323082249355,,MeanRev,,,GS,,,,,,,,,,,weekly_options_backtest.csv,2023-10-23,14.154294725353104,1.0,1.0,2023-10-30,310.9208984375,30.83161780760246,117.82517890048604,,
534.0892468223984,,,,,,,0.0,0.0,-14.38384030505124,,MeanRev,,,GS,,,,,,,,,,,weekly_options_backtest.csv,2025-03-10,26.70446234111992,1.0,6.0,2025-04-21,536.6105346679688,12.32062203606868,-53.8630589948362,,
536.6105248110515,,,,,,,0.0,0.0,11.554072313214387,,MeanRev,,,GS,,,,,,,,,,,weekly_options_backtest.csv,2025-04-28,26.830526240552576,1.0,1.0,2025-05-05,558.5137939453125,38.38459855376696,43.06315951325311,,
5.699999809265137,,,,,,,0.0,0.0,1.3430000877380373,,MeanRev,,,MARA,,,,,,,,,,,weekly_options_backtest.csv,2023-03-13,0.2849999904632568,1.0,1.0,2023-03-20,7.809999942779541,1.628000078201294,471.228116729071,,
9.199999809265137,,,,,,,0.0,0.0,0.0364999055862427,,MeanRev,,,MARA,,,,,,,,,,,weekly_options_backtest.csv,2023-10-02,0.4599999904632568,1.0,5.0,2023-11-06,9.609999656677246,0.4964998960494996,7.934762248469711,,
9.420000076293944,,,,,,,0.0,0.0,1.246399850845337,,MeanRev,,,MARA,,,,,,,,,,,weekly_options_backtest.csv,2023-11-13,0.4710000038146973,1.0,1.0,2023-11-20,11.40999984741211,1.7173998546600344,264.62841629523655,,
19.43000030517578,,,,,,,0.0,0.0,-0.4727497100830078,,MeanRev,,,MARA,,,,,,,,,,,weekly_options_backtest.csv,2024-04-08,0.9715000152587892,1.0,5.0,2024-05-13,19.450000762939453,0.4987503051757813,-48.66183249179634,,
19.170000076293945,,,,,,,0.0,0.0,0.2503001976013184,,MeanRev,,,MARA,,,,,,,,,,,weekly_options_backtest.csv,2024-06-10,0.9585000038146974,1.0,2.0,2024-06-24,19.850000381469727,1.2088002014160155,26.11373986490957,,
13.93000030517578,,,,,,,0.0,0.0,1.696450386047363,,MeanRev,,,MARA,,,,,,,,,,,weekly_options_backtest.csv,2024-08-05,0.6965000152587891,1.0,7.0,2024-09-23,17.290000915527344,2.392950401306152,243.5678892866981,,
16.43000030517578,,,,,,,0.0,0.0,1.5103492546081545,,MeanRev,,,MARA,,,,,,,,,,,weekly_options_backtest.csv,2024-10-07,0.8215000152587891,1.0,1.0,2024-10-14,18.8799991607666,2.3318492698669435,183.85261430973483,,
17.719999313354492,,,,,,,0.0,0.0,0.9059004497528076,,MeanRev,,,MARA,,,,,,,,,,,weekly_options_backtest.csv,2024-10-28,0.8859999656677247,1.0,1.0,2024-11-04,19.25,1.7919004154205322,102.24610438557806,,
14.600000381469728,,,,,,,0.0,0.0,-0.7790001392364502,,MeanRev,,,MARA,,,,,,,,,,,weekly_options_backtest.csv,2025-02-24,0.7300000190734863,1.0,8.0,2025-04-21,14.300000190734863,-0.0490001201629638,-106.71234505242268,,
14.399999618530272,,,,,,,0.0,0.0,0.8120003986358643,,MeanRev,,,MARA,,,,,,,,,,,weekly_options_backtest.csv,2025-04-28,0.7199999809265137,1.0,1.0,2025-05-05,15.760000228881836,1.532000379562378,112.77783613146242,,
73.53999047382287,,,,,,,0.0,0.0,-0.3923381895814128,,MeanRev,,,PYPL,,,,,,,,,,,weekly_options_backtest.csv,2023-02-20,3.676999523691144,1.0,5.0,2023-03-27,75.76485443115234,3.284661334109731,-10.67006364981972,,
61.60757892766677,,,,,,,0.0,0.0,4.247680864006606,,MeanRev,,,PYPL,,,,,,,,,,,weekly_options_backtest.csv,2023-05-15,3.080378946383339,1.0,8.0,2023-07-10,71.93370819091797,7.328059810389945,137.89475054664268,,
62.8746496973451,,,,,,,0.0,0.0,-0.8001503560106764,,MeanRev,,,PYPL,,,,,,,,,,,weekly_options_backtest.csv,2023-08-07,3.143732484867255,1.0,5.0,2023-09-11,64.06190490722656,2.343582128856579,-25.45224060451387,,
57.40729229821618,,,,,,,0.0,0.0,-1.214992242414057,,MeanRev,,,PYPL,,,,,,,,,,,weekly_options_backtest.csv,2023-09-25,2.8703646149108093,1.0,9.0,2023-11-27,59.51242446899414,1.6553723724967524,-42.32884686852964,,
58.22540069990678,,,,,,,0.0,0.0,1.1830624560502514,,MeanRev,,,PYPL,,,,,,,,,,,weekly_options_backtest.csv,2024-07-01,2.911270034995339,1.0,4.0,2024-07-29,61.8370475769043,4.094332491045591,40.63733153672038,,
78.01963423379682,,,,,,,0.0,0.0,-9.06467603255097,,SL_Stock,,,PYPL,,,,,,,,,,,weekly_options_backtest.csv,2025-02-17,3.900981711689841,1.0,5.0,2025-03-24,64.99974060058594,-5.163694320861128,-232.36909840893105,,
64.13174348298664,,,,,,,0.0,0.0,2.2747431166353875,,MeanRev,,,PYPL,,,,,,,,,,,weekly_options_backtest.csv,2025-03-31,3.206587174149332,1.0,5.0,2025-05-05,70.09795379638672,5.48133029078472,70.939693608637,,
72.80170580198268,,,,,,,0.0,0.0,-2.3873347838191616,,MeanRev,,,PYPL,,,,,,,,,,,weekly_options_backtest.csv,2025-05-12,3.640085290099134,1.0,1.0,2025-05-19,69.68889617919922,1.2527505062799724,-65.58458369952493,,
67.14478391043973,,,,,,,0.0,0.0,0.5931237256771626,,MeanRev,,,PYPL,,,,,,,,,,,weekly_options_backtest.csv,2025-09-15,3.3572391955219865,1.0,2.0,2025-09-29,69.09027862548828,3.950362921199149,17.66700825095494,,
14.0,,,,,,,0.0,0.0,1.626500396728516,,MeanRev,,,PLTR,,,,,,,,,,,weekly_options_backtest.csv,2023-09-25,0.7000000000000001,1.0,1.0,2023-10-02,16.610000610351562,2.326500396728516,232.3571995326451,,
157.47000122070312,,,,,,,0.0,0.0,15.001145629882814,,MeanRev,,,PLTR,,,,,,,,,,,weekly_options_backtest.csv,2025-11-24,7.873500061035156,1.0,1.0,2025-12-01,181.75999450683597,22.87464569091797,190.52702754295225,,
149.55337380020327,,,,,,,0.0,0.0,8.226907531472323,,MeanRev,,,TXN,,,,,,,,,,,weekly_options_backtest.csv,2023-05-15,7.477668690010164,1.0,1.0,2023-05-22,163.36056518554688,15.704576221482489,110.01968491146324,,
149.26040578470923,,,,,,,0.0,0.0,-10.826813611717634,,SL_Stock,,,TXN,,,,,,,,,,,weekly_options_backtest.csv,2023-09-25,7.4630202892354625,1.0,4.0,2023-10-23,133.55517578125,-3.363793322482172,-145.0728149209785,,
131.45552400673935,,,,,,,0.0,0.0,7.88533880521023,,MeanRev,,,TXN,,,,,,,,,,,weekly_options_backtest.csv,2023-10-30,6.572776200336968,1.0,2.0,2023-11-13,145.6092071533203,14.458115005547198,119.96968350764736,,
180.1801045261848,,,,,,,0.0,0.0,3.787280306131704,,MeanRev,,,TXN,,,,,,,,,,,weekly_options_backtest.csv,2024-12-23,9.00900522630924,1.0,8.0,2025-02-17,197.09469604492188,12.796285532440944,42.038829049311765,,
171.82365726588512,,,,,,,0.0,0.0,-23.62316674303936,,SL_Stock,,,TXN,,,,,,,,,,,weekly_options_backtest.csv,2025-03-17,8.591182863294256,1.0,3.0,2025-04-07,144.01573181152344,-15.031983879745098,-274.9698978468856,,
147.3721960723986,,,,,,,0.0,0.0,12.185928790321736,,MeanRev,,,TXN,,,,,,,,,,,weekly_options_backtest.csv,2025-04-14,7.36860980361993,1.0,3.0,2025-05-05,169.5206756591797,19.554538593941665,165.37622584297017,,
177.81287977645923,,,,,,,0.0,0.0,-18.33663069202557,,SL_Stock,,,TXN,,,,,,,,,,,weekly_options_backtest.csv,2025-09-22,8.890643988822964,1.0,5.0,2025-10-27,160.03160095214844,-9.44598670320261,-206.2463721984347,,
162.33999633789062,,,,,,,0.0,0.0,9.883198089599608,,MeanRev,,,TXN,,,,,,,,,,,weekly_options_backtest.csv,2025-11-03,8.116999816894532,1.0,4.0,2025-12-01,182.5399932861328,18.00019790649414,121.75924987738638,,
37.381731468411616,,,,,,,0.0,0.0,1.6269825074859603,,MeanRev,,,CMCSA,,,,,,,,,,,weekly_options_backtest.csv,2023-10-30,1.8690865734205808,1.0,6.0,2023-12-11,41.61009216308594,3.4960690809065413,87.04693140609587,,
37.70932534180833,,,,,,,0.0,0.0,-0.9586219788896256,,MeanRev,,,CMCSA,,,,,,,,,,,weekly_options_backtest.csv,2024-04-15,1.8854662670904163,1.0,6.0,2024-05-27,37.97495269775391,0.9268442882007908,-50.84270111970428,,
36.91245246725879,,,,,,,0.0,0.0,-0.2149680714449995,,MeanRev,,,CMCSA,,,,,,,,,,,weekly_options_backtest.csv,2024-06-10,1.84562262336294,1.0,2.0,2024-06-24,37.14961624145508,1.63065455191794,-11.647455374886045,,
36.14356441849203,,,,,,,0.0,0.0,1.2429361310830305,,MeanRev,,,CMCSA,,,,,,,,,,,weekly_options_backtest.csv,2024-07-08,1.8071782209246017,1.0,1.0,2024-07-15,38.33380126953125,3.050114352007632,68.77772854340346,,
36.4046334735434,,,,,,,0.0,0.0,-3.4363048878679168,,SL_Stock,,,CMCSA,,,,,,,,,,,weekly_options_backtest.csv,2024-12-30,1.82023167367717,1.0,4.0,2025-01-27,32.707332611083984,-1.6160732141907466,-188.7839299557957,,
32.17289887739546,,,,,,,0.0,0.0,2.186125334847678,,MeanRev,,,CMCSA,,,,,,,,,,,weekly_options_backtest.csv,2025-02-03,1.6086449438697732,1.0,4.0,2025-03-03,36.52610397338867,3.794770278717451,135.8985612815661,,
34.48554000463638,,,,,,,0.0,0.0,0.5412809511990129,,MeanRev,,,CMCSA,,,,,,,,,,,weekly_options_backtest.csv,2025-03-17,1.7242770002318188,1.0,1.0,2025-03-24,35.583553314208984,2.265557951430832,31.391763105709863,,
32.32738895634849,,,,,,,0.0,0.0,0.7915137896088105,,MeanRev,,,CMCSA,,,,,,,,,,,weekly_options_backtest.csv,2025-04-07,1.6163694478174246,1.0,5.0,2025-05-12,34.7884635925293,2.407883237426235,48.96861857155167,,
32.27739486116018,,,,,,,0.0,0.0,0.6612828712485372,,MeanRev,,,CMCSA,,,,,,,,,,,weekly_options_backtest.csv,2025-08-04,1.6138697430580091,1.0,2.0,2025-08-18,33.79132843017578,2.2751526143065464,40.97498413939643,,
31.00094517091281,,,,,,,0.0,0.0,-2.7313565211133675,,SL_Stock,,,CMCSA,,,,,,,,,,,weekly_options_backtest.csv,2025-09-22,1.5500472585456408,1.0,5.0,2025-10-27,27.84000015258789,-1.1813092625677268,-176.2111771789533,,
585.6293183549608,,,,,,,0.0,0.0,28.672482068387207,,MeanRev,,,BLK,,,,,,,,,,,weekly_options_backtest.csv,2023-03-13,29.28146591774804,1.0,4.0,2023-04-10,647.7601928710938,57.95394798613525,97.92024125065502,,
605.5212106637343,,,,,,,0.0,0.0,9.427149495722762,,MeanRev,,,BLK,,,,,,,,,,,weekly_options_backtest.csv,2023-05-08,30.27606053318672,1.0,1.0,2023-05-15,624.682373046875,39.70321002890948,31.137305612760656,,
612.9354593559472,,,,,,,0.0,0.0,-4.064502519461165,,MeanRev,,,BLK,,,,,,,,,,,weekly_options_backtest.csv,2023-10-02,30.64677296779736,1.0,4.0,2023-10-30,625.5419311523438,26.5822704483362,-13.262415993135765,,
728.7487340813597,,,,,,,0.0,0.0,17.70036858735731,,MeanRev,,,BLK,,,,,,,,,,,weekly_options_backtest.csv,2024-04-22,36.437436704067984,1.0,2.0,2024-05-06,767.1915893554688,54.137805291425295,48.57742527585973,,
904.56900426174,,,,,,,0.0,0.0,-102.73214255491982,,SL_Stock,,,BLK,,,,,,,,,,,weekly_options_backtest.csv,2025-03-10,45.228450213087,1.0,4.0,2025-04-07,865.8285522460938,-57.50369234183282,-227.1405322776104,,
884.0460114385527,,,,,,,0.0,0.0,11.60816333434429,,MeanRev,,,BLK,,,,,,,,,,,weekly_options_backtest.csv,2025-04-14,44.20230057192764,1.0,2.0,2025-04-28,915.5054321289062,55.81046390627193,26.261446087981444,,
77.05840444014697,,,,,,,0.0,0.0,2.3190440739296534,,MeanRev,,,MS,,,,,,,,,,,weekly_options_backtest.csv,2023-03-20,3.8529202220073486,1.0,4.0,2023-04-17,82.9971923828125,6.171964295937002,60.18925750612727,,
78.53427449133396,,,,,,,0.0,0.0,-1.1347375145404328,,MeanRev,,,MS,,,,,,,,,,,weekly_options_backtest.csv,2023-05-08,3.926713724566698,1.0,4.0,2023-06-05,79.20496368408203,2.7919762100262653,-28.89789259250489,,
73.80845545356254,,,,,,,0.0,0.0,-5.851449534105017,,SL_Stock,,,MS,,,,,,,,,,,weekly_options_backtest.csv,2023-10-09,3.690422772678128,1.0,2.0,2023-10-23,65.2778549194336,-2.1610267614268897,-158.55770177406094,,
64.9533000216385,,,,,,,0.0,0.0,6.10749778222738,,MeanRev,,,MS,,,,,,,,,,,weekly_options_backtest.csv,2023-10-30,3.247665001081925,1.0,2.0,2023-11-13,75.3487319946289,9.355162783309304,188.05812114835524,,
113.59117583168606,,,,,,,0.0,0.0,-1.2896437076444045,,MeanRev,,,MS,,,,,,,,,,,weekly_options_backtest.csv,2025-03-10,5.679558791584303,1.0,7.0,2025-04-28,117.72355651855467,4.389915083939899,-22.706758658002386,,
130.57745971929933,,,,,,,0.0,0.0,3.520811735421441,,MeanRev,,,AMAT,,,,,,,,,,,weekly_options_backtest.csv,2023-10-23,6.528872985964966,1.0,1.0,2023-10-30,136.99853515625,10.049684721386408,53.92679169881364,,
172.6861699460409,,,,,,,0.0,0.0,13.278449691698308,,MeanRev,,,AMAT,,,,,,,,,,,weekly_options_backtest.csv,2024-08-05,8.634308497302046,1.0,7.0,2024-09-23,202.4130401611328,21.912758189000357,153.78706581826918,,
183.88253227968863,,,,,,,0.0,0.0,-20.433596293026177,,TimeStop,,,AMAT,,,,,,,,,,,weekly_options_backtest.csv,2024-10-21,9.194126613984432,1.0,9.0,2024-12-23,165.1765594482422,-11.239469679041749,-222.24619206294497,,
162.3745902666044,,,,,,,0.0,0.0,16.428054695281325,,MeanRev,,,AMAT,,,,,,,,,,,weekly_options_backtest.csv,2024-12-30,8.118729513330221,1.0,2.0,2025-01-13,190.14659118652344,24.546784208611548,202.34760461360293,,
170.08739335627573,,,,,,,0.0,0.0,-20.96491206282883,,SL_Stock,,,AMAT,,,,,,,,,,,weekly_options_backtest.csv,2025-02-17,8.504369667813787,1.0,5.0,2025-03-24,143.95310974121094,-12.46054239501504,-246.51929398335133,,
141.68060111394166,,,,,,,0.0,0.0,3.5382504789553577,,MeanRev,,,AMAT,,,,,,,,,,,weekly_options_backtest.csv,2025-03-31,7.084030055697084,1.0,3.0,2025-04-21,150.39361572265625,10.62228053465244,49.94685865441584,,
149.6394086335745,,,,,,,0.0,0.0,2.360902005653232,,MeanRev,,,AMAT,,,,,,,,,,,weekly_options_backtest.csv,2025-04-28,7.481970431678725,1.0,1.0,2025-05-05,154.42263793945312,9.842872437331955,31.55454872766074,,
208.9457853673912,,,,,,,0.0,0.0,3.2131086244045517,,MeanRev,,,DHR,,,,,,,,,,,weekly_options_backtest.csv,2023-03-13,10.44728926836956,1.0,4.0,2023-04-10,220.3181304931641,13.66039789277411,30.755428914298648,,
209.3928410343665,,,,,,,0.0,0.0,-4.796634314257921,,MeanRev,,,DHR,,,,,,,,,,,weekly_options_backtest.csv,2023-05-01,10.469642051718328,1.0,6.0,2023-06-12,211.6776885986328,5.673007737460407,-45.8146925230426,,
186.9309099020957,,,,,,,0.0,0.0,10.310156044206687,,MeanRev,,,DHR,,,,,,,,,,,weekly_options_backtest.csv,2023-10-30,9.346545495104785,1.0,2.0,2023-11-13,205.6685485839844,19.656701539311477,110.30980429728385,,
247.2801606072992,,,,,,,0.0,0.0,-23.34775786762887,,SL_Stock,,,DHR,,,,,,,,,,,weekly_options_backtest.csv,2024-11-04,12.36400803036496,1.0,8.0,2024-12-30,233.69705200195312,-10.983749837263913,-188.83648255718333,,
233.01039806760696,,,,,,,0.0,0.0,1.55811785458463,,MeanRev,,,DHR,,,,,,,,,,,weekly_options_backtest.csv,2025-01-06,11.65051990338035,1.0,1.0,2025-01-13,237.19989013671875,13.20863775796498,13.37380535380699,,
216.93900904804295,,,,,,,0.0,0.0,-28.03582984126558,,SL_Stock,,,DHR,,,,,,,,,,,weekly_options_backtest.csv,2025-02-03,10.84695045240215,1.0,8.0,2025-03-31,181.16123962402344,-17.188879388863434,-258.46739103576164,,
175.8291600573879,,,,,,,0.0,0.0,5.6641710643086025,,MeanRev,,,DHR,,,,,,,,,,,weekly_options_backtest.csv,2025-04-07,8.791458002869396,1.0,8.0,2025-06-02,195.363525390625,14.455629067177998,64.42811945936504,,
185.8500061035156,,,,,,,0.0,0.0,9.867250366210936,,MeanRev,,,DHR,,,,,,,,,,,weekly_options_backtest.csv,2025-09-29,9.292500305175782,1.0,1.0,2025-10-06,202.4600067138672,19.15975067138672,106.18509596082582,,
3.910000085830689,,,,,,,0.0,0.0,-0.3773500835895539,,MeanRev,,,IREN,,,,,,,,,,,weekly_options_backtest.csv,2023-10-02,0.1955000042915344,1.0,7.0,2023-11-20,3.539999961853028,-0.1818500792980194,-193.01794133305495,,
3.4800000190734863,,,,,,,0.0,0.0,1.5036000990867615,,MeanRev,,,IREN,,,,,,,,,,,weekly_options_backtest.csv,2023-11-27,0.1740000009536743,1.0,1.0,2023-12-04,5.820000171661377,1.677600100040436,864.1379832446548,,
4.570000171661377,,,,,,,0.0,0.0,0.8510998725891112,,MeanRev,,,IREN,,,,,,,,,,,weekly_options_backtest.csv,2024-04-15,0.2285000085830688,1.0,4.0,2024-05-13,6.019999980926514,1.07959988117218,372.4725779516558,,
7.269999980926514,,,,,,,0.0,0.0,0.9906502604484556,,MeanRev,,,IREN,,,,,,,,,,,weekly_options_backtest.csv,2024-09-16,0.3634999990463257,1.0,1.0,2024-09-23,8.850000381469727,1.3541502594947814,272.53102147111804,,
8.510000228881836,,,,,,,0.0,0.0,0.5518997001647947,,MeanRev,,,IREN,,,,,,,,,,,weekly_options_backtest.csv,2024-09-30,0.4255000114440918,1.0,2.0,2024-10-14,9.489999771118164,0.9773997116088866,129.7061540120102,,
8.90999984741211,,,,,,,0.0,0.0,-2.4961499929428097,,SL_Stock,,,IREN,,,,,,,,,,,weekly_options_backtest.csv,2025-03-03,0.4454999923706055,1.0,6.0,2025-04-14,5.590000152587891,-2.050650000572204,-560.3030383143746,,
5.590000152587891,,,,,,,0.0,0.0,1.7491497993469238,,MeanRev,,,IREN,,,,,,,,,,,weekly_options_backtest.csv,2025-04-21,0.2795000076293945,1.0,3.0,2025-05-12,8.40999984741211,2.0286498069763184,625.8138646157836,,
24.93750047543919,,,,,,,0.0,0.0,2.453244715659597,,MeanRev,,,INTC,,,,,,,,,,,weekly_options_backtest.csv,2023-02-27,1.2468750237719597,1.0,2.0,2023-03-13,29.09537696838379,3.700119739431557,196.7514521413872,,
38.24110278301373,,,,,,,0.0,0.0,-4.939476564315132,,SL_Stock,,,INTC,,,,,,,,,,,weekly_options_backtest.csv,2024-04-08,1.9120551391506864,1.0,2.0,2024-04-22,31.55088996887207,-3.0274214251644462,-258.33337455473134,,
31.531097535077297,,,,,,,0.0,0.0,-1.232309369672911,,TimeStop,,,INTC,,,,,,,,,,,weekly_options_backtest.csv,2024-04-29,1.5765548767538649,1.0,9.0,2024-07-01,31.818159103393555,0.3442455070809538,-78.16469872651962,,
32.8217910066687,,,,,,,0.0,0.0,-0.1964040984427033,,MeanRev,,,INTC,,,,,,,,,,,weekly_options_backtest.csv,2024-07-08,1.6410895503334348,1.0,1.0,2024-07-15,32.7721061706543,1.4446854518907315,-11.967908661827636,,
31.22194177274597,,,,,,,0.0,0.0,-4.106450077861358,,SL_Stock,,,INTC,,,,,,,,,,,weekly_options_backtest.csv,2024-07-29,1.5610970886372986,1.0,1.0,2024-08-05,19.58575439453125,-2.5453529892240594,-263.0489870073315,,
19.8700008392334,,,,,,,0.0,0.0,2.02989933013916,,MeanRev,,,INTC,,,,,,,,,,,weekly_options_backtest.csv,2024-08-12,0.99350004196167,1.0,6.0,2024-09-23,23.90999984741211,3.02339937210083,204.3179913843904,,
23.739999771118164,,,,,,,0.0,0.0,-0.2357001972198487,,MeanRev,,,INTC,,,,,,,,,,,weekly_options_backtest.csv,2024-09-30,1.1869999885559082,1.0,1.0,2024-10-07,23.559999465942383,0.9512997913360596,-19.85679860929056,,
23.57999992370605,,,,,,,0.0,0.0,-0.4827994537353515,,MeanRev,,,INTC,,,,,,,,,,,weekly_options_backtest.csv,2024-10-14,1.1789999961853028,1.0,2.0,2024-10-28,23.200000762939453,0.6962005424499513,-40.949911390794455,,
22.959999084472656,,,,,,,0.0,0.0,0.7887008476257324,,MeanRev,,,INTC,,,,,,,,,,,weekly_options_backtest.csv,2024-11-04,1.1479999542236328,1.0,1.0,2024-11-11,24.350000381469727,1.9367008018493648,68.70216716681958,,
20.82999992370605,,,,,,,0.0,0.0,0.3248499011993409,,MeanRev,,,INTC,,,,,,,,,,,weekly_options_backtest.csv,2025-01-06,1.0414999961853029,1.0,1.0,2025-01-13,21.489999771118164,1.3663498973846435,31.19058112233961,,
20.809999465942383,,,,,,,0.0,0.0,1.6054006004333494,,MeanRev,,,INTC,,,,,,,,,,,weekly_options_backtest.csv,2025-01-27,1.0404999732971192,1.0,2.0,2025-02-10,23.600000381469727,2.6459005737304686,154.2912678167768,,
20.239999771118164,,,,,,,0.0,0.0,2.511800298690796,,MeanRev,,,INTC,,,,,,,,,,,weekly_options_backtest.csv,2025-03-10,1.0119999885559083,1.0,1.0,2025-03-17,24.26000022888184,3.523800287246704,248.2016133493296,,
20.440000534057617,,,,,,,0.0,0.0,0.1093995952606199,,MeanRev,,,INTC,,,,,,,,,,,weekly_options_backtest.csv,2025-05-26,1.0220000267028808,1.0,3.0,2025-06-16,21.07999992370605,1.1313996219635007,10.704461096107677,,
210.0,,,,,,,0.0,0.0,12.64500198364258,,MeanRev,,,TSLA,,,,,,,,,,,weekly_options_backtest.csv,2023-10-23,10.5,1.0,3.0,2023-11-13,234.3000030517578,23.14500198364258,120.42859032040552,,
215.1000061035156,,,,,,,0.0,0.0,-28.892407073974603,,SL_Stock,,,TSLA,,,,,,,,,,,weekly_options_backtest.csv,2024-01-15,10.755000305175782,1.0,3.0,2024-02-05,193.57000732421875,-18.137406768798822,-268.6416202152063,,
192.1100006103516,,,,,,,0.0,0.0,-32.40505058288574,,SL_Stock,,,TSLA,,,,,,,,,,,weekly_options_backtest.csv,2024-02-12,9.60550003051758,1.0,9.0,2024-04-15,147.0500030517578,-22.799550552368164,-337.3593303829248,,
140.55999755859375,,,,,,,0.0,0.0,25.70670318603516,,MeanRev,,,TSLA,,,,,,,,,,,weekly_options_backtest.csv,2024-04-22,7.027999877929688,1.0,1.0,2024-04-29,181.19000244140625,32.734703063964844,365.77552123703015,,
170.0,,,,,,,0.0,0.0,5.15600357055664,,MeanRev,,,TSLA,,,,,,,,,,,weekly_options_backtest.csv,2024-05-13,8.5,1.0,1.0,2024-05-20,179.24000549316406,13.65600357055664,60.65886553596047,,
300.3399963378906,,,,,,,0.0,0.0,-20.51538955688477,,MeanRev,,,TSLA,,,,,,,,,,,weekly_options_backtest.csv,2025-03-03,15.016999816894533,1.0,7.0,2025-04-21,284.95001220703125,-5.498389739990236,-136.61443568644384,,
288.9800109863281,,,,,,,0.0,0.0,4.587099151611328,,MeanRev,,,TSLA,,,,,,,,,,,weekly_options_backtest.csv,2025-04-28,14.449000549316407,1.0,1.0,2025-05-05,298.260009765625,19.036099700927736,31.74682661236626,,
321.989990234375,,,,,,,0.0,0.0,9.667554016113282,,MeanRev,,,TSLA,,,,,,,,,,,weekly_options_backtest.csv,2025-05-12,16.09949951171875,1.0,1.0,2025-05-19,339.3399963378906,25.767053527832037,60.04878604503398,,
117.62213832103906,,,,,,,0.0,0.0,-0.9092081285105068,,MeanRev,,,IBM,,,,,,,,,,,weekly_options_backtest.csv,2023-03-06,5.881106916051953,1.0,3.0,2023-03-27,118.93771362304688,4.971898787541447,-15.45981294828878,,
113.91130463225926,,,,,,,0.0,0.0,0.3231382270427092,,MeanRev,,,IBM,,,,,,,,,,,weekly_options_backtest.csv,2023-04-24,5.695565231612964,1.0,3.0,2023-05-15,117.03716278076172,6.018703458655673,5.673505857665292,,
158.07184283638395,,,,,,,0.0,0.0,-0.0077786048153054,,MeanRev,,,IBM,,,,,,,,,,,weekly_options_backtest.csv,2024-05-06,7.903592141819198,1.0,6.0,2024-06-17,165.35549926757812,7.895813537003892,-0.0984186010073519,,
241.2399079650033,,,,,,,0.0,0.0,4.614351172785314,,MeanRev,,,IBM,,,,,,,,,,,weekly_options_backtest.csv,2025-08-25,12.061995398250168,1.0,2.0,2025-09-08,252.05029296875,16.67634657103548,38.25528878459627,,
112.83566197094471,,,,,,,0.0,0.0,4.197382090265348,,MeanRev,,,TJX,,,,,,,,,,,weekly_options_backtest.csv,2025-03-17,5.641783098547236,1.0,2.0,2025-03-31,121.02910614013672,9.839165188812585,74.39814712738917,,
189.4338491463263,,,,,,,0.0,0.0,-4.160160795840572,,MeanRev,,,CME,,,,,,,,,,,weekly_options_backtest.csv,2024-06-10,9.471692457316315,1.0,5.0,2024-07-15,190.31951904296875,5.311531661475744,-43.92204259785796,,
81.65942729151494,,,,,,,0.0,0.0,3.859532414707125,,MeanRev,,,PM,,,,,,,,,,,weekly_options_backtest.csv,2023-03-27,4.082971364575747,1.0,1.0,2023-04-03,88.2253189086914,7.942503779282871,94.52754060909658,,
80.44780635423756,,,,,,,0.0,0.0,1.8534994724629792,,MeanRev,,,PM,,,,,,,,,,,weekly_options_backtest.csv,2023-05-29,4.022390317711878,1.0,2.0,2023-06-12,84.53700256347656,5.875889790174857,46.079552854466286,,
80.8380816602325,,,,,,,0.0,0.0,1.36362826550143,,MeanRev,,,PM,,,,,,,,,,,weekly_options_backtest.csv,2023-10-30,4.041904083011626,1.0,2.0,2023-11-13,84.17963409423828,5.405532348513056,33.73727425232193,,
160.15508835604743,,,,,,,0.0,0.0,-10.278291168195151,,TimeStop,,,PM,,,,,,,,,,,weekly_options_backtest.csv,2025-09-08,8.007754417802373,1.0,9.0,2025-11-10,155.42999267578125,-2.270536750392779,-128.35422556597206,,
396.6933666008424,,,,,,,0.0,0.0,-32.05223451185927,,SL_Stock,,,MSFT,,,,,,,,,,,weekly_options_backtest.csv,2025-03-03,19.83466833004212,1.0,4.0,2025-03-31,357.92120361328125,-12.217566181817148,-161.5970278833052,,
349.0089910855667,,,,,,,0.0,0.0,22.998409450420503,,MeanRev,,,MSFT,,,,,,,,,,,weekly_options_backtest.csv,2025-04-07,17.450449554278336,1.0,2.0,2025-04-21,389.7605285644531,40.44885900469884,131.7926473979117,,
72.94926297134006,,,,,,,0.0,0.0,3.1415666932453394,,MeanRev,,,LRCX,,,,,,,,,,,weekly_options_backtest.csv,2024-08-05,3.6474631485670033,1.0,7.0,2024-09-23,81.71047973632812,6.789029841812343,86.1301832337794,,
81.16418158102863,,,,,,,0.0,0.0,0.0635703783910912,,MeanRev,,,LRCX,,,,,,,,,,,weekly_options_backtest.csv,2024-09-30,4.058209079051432,1.0,1.0,2024-10-07,81.88632202148438,4.121779457442523,1.5664638551828935,,
82.75567016844509,,,,,,,0.0,0.0,-10.956552348024946,,SL_Stock,,,LRCX,,,,,,,,,,,weekly_options_backtest.csv,2024-10-14,4.137783508422255,1.0,5.0,2024-11-18,71.76043701171875,-6.818768839602692,-264.7927888378747,,
73.11384330102015,,,,,,,0.0,0.0,1.2911260735007444,,MeanRev,,,LRCX,,,,,,,,,,,weekly_options_backtest.csv,2024-11-25,3.655692165051008,1.0,1.0,2024-12-02,75.66260528564453,4.946818238551752,35.31823838571838,,
57.56758927350343,,,,,,,0.0,0.0,8.145934063496526,,MeanRev,,,LRCX,,,,,,,,,,,weekly_options_backtest.csv,2025-04-07,2.878379463675172,1.0,2.0,2025-04-21,70.9854507446289,11.024313527171698,283.0041753110494,,
70.51831812624859,,,,,,,0.0,0.0,2.496464685778855,,MeanRev,,,LRCX,,,,,,,,,,,weekly_options_backtest.csv,2025-04-28,3.525915906312429,1.0,1.0,2025-05-05,74.90148162841797,6.0223805920912845,70.80329628138456,,
30.5,,,,,,,0.0,0.0,2.2925004959106445,,MeanRev,,,CVNA,,,,,,,,,,,weekly_options_backtest.csv,2023-10-23,1.525,1.0,5.0,2023-11-27,35.20000076293945,3.817500495910645,150.3279013711898,,
38.36000061035156,,,,,,,0.0,0.0,8.284200592041016,,MeanRev,,,CVNA,,,,,,,,,,,weekly_options_backtest.csv,2023-12-04,1.9180000305175784,1.0,1.0,2023-12-11,51.400001525878906,10.202200622558594,431.91868927163154,,
179.97000122070312,,,,,,,0.0,0.0,13.450097198486333,,MeanRev,,,CVNA,,,,,,,,,,,weekly_options_backtest.csv,2025-03-10,8.998500061035157,1.0,4.0,2025-04-07,206.1999969482422,22.448597259521488,149.4704351531568,,
307.4599914550781,,,,,,,0.0,0.0,40.50140563964844,,MeanRev,,,CVNA,,,,,,,,,,,weekly_options_backtest.csv,2025-11-10,15.372999572753908,1.0,2.0,2025-11-24,374.5,55.87440521240234,263.4580548055857,,
216.89,216.89,220.69,3.8,1.0,5.03,100.0,279.59,-100.0,279.59,279.6,MAX_PROFIT,1.0,7.0,AMD,2025-10-10 15:30:00+00:00,2.53,21.7,216.91,222.79,-0.8767,-0.3942,30.3,"RSI=21.7, Close=$216.91 < KC_Lower=$222.79",2025-10-10 15:45:00+00:00,trades_telemetry_exhaustive.csv,,,,,,,,,36.44,-0.40421411775554433
230.18,230.18,232.81,2.63,0.85,3.48,85.33,177.23,-85.33,177.23,207.7,MAX_PROFIT,1.0,9.0,AMD,2025-10-22 14:45:00+00:00,1.75,21.7,230.1,233.84,-0.4971,-0.1765,16.5,"RSI=21.7, Close=$230.10 < KC_Lower=$233.84",2025-10-22 15:00:00+00:00,trades_telemetry_exhaustive.csv,,,,,,,,,33.27,-0.21596142149622033
241.47,241.47,245.26,3.79,1.0,1.2,100.0,279.12,-100.0,20.22,20.2,BARS_STOP,10.0,8.0,AMD,2025-11-06 15:15:00+00:00,2.53,22.6,241.37,248.2,-1.0045,-0.1796,27.4,"RSI=22.6, Close=$241.37 < KC_Lower=$248.20",2025-11-06 17:45:00+00:00,trades_telemetry_exhaustive.csv,,,,,,,,,33.99,-0.4159937052221808
231.11,231.11,235.04,3.93,1.0,1.24,100.0,292.79,-100.0,24.1,24.1,BARS_STOP,10.0,7.0,AMD,2025-11-07 14:45:00+00:00,2.62,23.6,230.96,235.09,-0.5559,-0.2478,36.0,"RSI=23.6, Close=$230.96 < KC_Lower=$235.09",2025-11-07 17:15:00+00:00,trades_telemetry_exhaustive.csv,,,,,,,,,33.73,-0.24053481026351087
231.01,231.01,234.58,3.57,1.0,1.08,100.0,256.82,-100.0,8.28,8.3,BARS_STOP,10.0,3.0,AMD,2025-11-18 14:45:00+00:00,2.38,22.7,230.83,235.53,-0.4678,-0.4309,55.3,"RSI=22.7, Close=$230.83 < KC_Lower=$235.53",2025-11-18 17:15:00+00:00,trades_telemetry_exhaustive.csv,,,,,,,,,36.62,-0.20250205618804382
274.59,274.59,276.32,1.73,0.56,2.25,56.37,117.07,-56.37,117.07,207.7,MAX_PROFIT,6.0,7.0,IBP,2025-12-12 19:30:00+00:00,1.16,24.6,274.68,277.99,-0.5044,-0.4817,36.1,"RSI=24.6, Close=$274.68 < KC_Lower=$277.99",2025-12-15 14:30:00+00:00,trades_telemetry_exhaustive.csv,,,,,,,,,28.685,-0.18369204996540298
273.25,273.25,275.44,2.19,0.71,0.68,71.27,148.03,-71.27,-3.51,-4.9,BARS_STOP,10.0,4.0,IBP,2025-12-15 14:45:00+00:00,1.46,24.2,273.04,273.9,-0.4522,-0.4988,43.1,"RSI=24.2, Close=$273.04 < KC_Lower=$273.90",2025-12-15 17:15:00+00:00,trades_telemetry_exhaustive.csv,,,,,,,,,28.66,-0.16548947849954254
185.09,185.09,186.9,1.8,0.59,2.39,58.59,121.69,-58.59,121.69,207.7,MAX_PROFIT,1.0,7.0,NVDA,2025-10-10 19:45:00+00:00,1.2,24.0,185.01,185.92,-0.2709,-0.2405,42.4,"RSI=24.0, Close=$185.01 < KC_Lower=$185.92",2025-10-13 13:30:00+00:00,trades_telemetry_exhaustive.csv,,,,,,,,,36.44,-0.14636122967205142
193.55,193.55,195.61,2.06,0.67,0.65,67.11,139.38,-67.11,-1.63,-2.4,BARS_STOP,10.0,8.0,NVDA,2025-11-06 15:00:00+00:00,1.38,18.2,193.58,196.4,-0.5328,-0.2085,31.0,"RSI=18.2, Close=$193.58 < KC_Lower=$196.40",2025-11-06 17:30:00+00:00,trades_telemetry_exhaustive.csv,,,,,,,,,33.99,-0.2752777060191165
183.19,183.19,185.85,2.66,0.87,0.84,86.6,179.86,-86.6,-2.41,-2.8,BARS_STOP,10.0,7.0,NVDA,2025-11-07 14:45:00+00:00,1.78,22.1,183.18,186.0,-0.3719,-0.1879,49.7,"RSI=22.1, Close=$183.18 < KC_Lower=$186.00",2025-11-07 17:15:00+00:00,trades_telemetry_exhaustive.csv,,,,,,,,,33.73,-0.20301326491620722
