symbol,entry_date,entry_price,opt_cost,contracts,max_profit,max_loss,weeks_held,exit_date,exit_price,exit_opt_val,pnl,roi,reason
COIN,2023-06-12,52.529998779296875,2.101199951171875,1,0,0,1,2023-06-19,61.470001220703125,6.361081176757812,4.2598812255859375,202.73564270787884,MeanRev
COIN,2023-10-30,72.05000305175781,2.8820001220703126,1,0,0,1,2023-11-06,92.91999816894531,13.028797668457031,10.146797546386718,352.0748479045056,MeanRev
COIN,2024-07-15,229.3800048828125,9.1752001953125,1,0,0,1,2024-07-22,242.92999267578125,15.032674072265625,5.857473876953124,63.84028416018255,MeanRev
COIN,2024-08-05,162.00999450683594,6.480399780273437,1,0,0,7,2024-09-23,191.22999572753906,16.554120544433594,10.073720764160157,155.4490634177372,MeanRev
COIN,2024-09-30,184.19000244140625,7.367600097656251,1,0,0,2,2024-10-14,220.2100067138672,23.90408221435547,16.53648211669922,224.44869289200065,MeanRev
COIN,2024-11-04,180.08999633789062,7.203599853515625,1,0,0,1,2024-11-11,305.8500061035156,69.36324475097656,62.159644897460936,862.8969704240958,MeanRev
COIN,2025-02-24,239.13999938964844,9.565599975585938,1,0,0,5,2025-03-31,160.5500030517578,-30.472192687988283,-40.03779266357422,-418.56018196204906,SL_Stock
COIN,2025-04-07,146.0399932861328,5.841599731445313,1,0,0,2,2025-04-21,209.63999938964844,36.473282836914066,30.631683105468753,524.3714823625882,MeanRev
COIN,2025-04-28,208.1999969482422,8.327999877929688,1,0,0,2,2025-05-12,266.4599914550781,35.79239715576172,27.46439727783203,329.78383381844606,MeanRev
MSTR,2023-10-16,33.79999923706055,1.3519999694824218,1,0,0,1,2023-10-23,40.67599868774414,4.654799697875976,3.3027997283935546,244.2899262533228,MeanRev
MSTR,2024-07-08,131.4530029296875,5.2581201171875005,1,0,0,1,2024-07-15,177.85000610351562,27.930809692382816,22.672689575195314,431.1938310630043,MeanRev
MSTR,2024-09-02,132.0,5.28,1,0,0,1,2024-09-09,141.47000122070312,9.487000610351563,4.207000610351563,79.678041862719,MeanRev
MSTR,2025-03-03,293.1499938964844,11.725999755859375,1,0,0,6,2025-04-14,317.20001220703125,16.715409057617187,4.989409301757812,42.54996934708829,MeanRev
MSTR,2025-08-25,344.9100036621094,13.796400146484375,1,0,0,5,2025-09-29,351.6300048828125,10.25820068359375,-3.538199462890626,-25.645816483455913,MeanRev
MSTR,2025-10-06,362.95001220703125,14.51800048828125,1,0,0,1,2025-10-13,289.8699951171875,-27.878800781249993,-42.396801269531245,-292.0292040474404,SL_Stock
MSTR,2025-10-20,297.2099914550781,11.888399658203125,1,0,0,3,2025-11-10,199.75,-35.49912091064452,-47.38752056884765,-398.60302421907346,SL_Stock
SHOP,2023-08-14,54.540000915527344,2.1816000366210937,1,0,0,2,2023-08-28,66.70999908447266,7.830279113769531,5.6486790771484365,258.9236790579278,MeanRev
SHOP,2023-09-25,52.709999084472656,2.1083999633789063,1,0,0,5,2023-10-30,61.470001220703125,5.434201049804687,3.325801086425781,157.74052097287446,MeanRev
SHOP,2024-04-22,70.05000305175781,2.8020001220703126,1,0,0,1,2024-04-29,74.45999908447266,4.726798126220703,1.9247980041503903,68.6937159277572,MeanRev
SHOP,2024-05-13,59.06999969482422,2.3627999877929686,1,0,0,4,2024-06-10,67.66000366210938,5.7126819763183585,3.34988198852539,141.7759440423237,MeanRev
SHOP,2024-06-17,67.25,2.69,1,0,0,1,2024-06-24,66.05000305175781,1.821001525878906,-0.8689984741210939,-32.30477598963174,MeanRev
SHOP,2024-07-01,65.95999908447266,2.638399963378906,1,0,0,4,2024-07-29,54.43000030517578,-3.6830595703125013,-6.3214595336914075,-239.59443683419917,SL_Stock
SHOP,2024-08-05,48.58599853515625,1.94343994140625,1,0,0,1,2024-08-12,74.55000305175781,14.731098205566406,12.787658264160155,657.9909155776205,MeanRev
SHOP,2025-03-10,96.06999969482422,3.842799987792969,1,0,0,6,2025-04-21,97.12000274658203,2.0621215209960932,-1.7806784667968758,-46.338047060824806,MeanRev
SHOP,2025-05-12,104.0,4.16,1,0,0,1,2025-05-19,101.51000213623047,2.4990010681152346,-1.6609989318847656,-39.92785893953763,MeanRev
CRWD,2023-02-20,112.0199966430664,4.480799865722656,1,0,0,1,2023-02-27,126.04000091552734,11.042722015380859,6.561922149658202,146.44532999243665,MeanRev
CRWD,2024-08-05,201.53500366210938,8.061400146484376,1,0,0,6,2024-09-16,299.8500061035156,52.38206127929687,44.320661132812496,549.7886263857154,MeanRev
CRWD,2024-09-30,284.0,11.36,1,0,0,1,2024-10-07,320.2099914550781,28.328995727539063,16.968995727539063,149.37496239030864,MeanRev
CRWD,2025-04-07,300.05999755859375,12.00239990234375,1,0,0,1,2025-04-14,375.6199951171875,48.582158691406256,36.57975878906251,304.7703716480856,MeanRev
CRWD,2025-09-01,417.1090087890625,16.6843603515625,1,0,0,2,2025-09-15,502.54998779296875,56.067977783203126,39.38361743164063,236.05110775464843,MeanRev
MPWR,2023-05-15,391.976576306158,15.67906305224632,1,0,0,1,2023-05-22,511.0332336425781,73.63948541523175,57.960422362985426,369.6676400231805,MeanRev
MPWR,2023-09-18,452.12693638610995,18.0850774554444,1,0,0,6,2023-10-30,485.5940246582031,23.967575118224346,5.882497662779947,32.5268038097844,MeanRev
MPWR,2024-11-18,568.4618259436346,22.738473037745386,1,0,0,9,2025-01-20,673.98291015625,55.03438941008224,32.295916372336855,142.03203671032048,MeanRev
MPWR,2025-01-27,648.1731837488309,25.926927349953235,1,0,0,1,2025-02-03,715.5287475585938,57.01201651983935,31.085089169886114,119.8949985484577,MeanRev
MPWR,2025-04-07,463.29760288858256,18.531904115543302,1,0,0,2,2025-04-21,581.4578857421875,73.90566471923711,55.37376060369381,298.80232629333574,MeanRev
MU,2024-08-05,87.16751170253436,3.4867004681013745,1,0,0,7,2024-09-23,106.9326400756836,10.928574327005032,7.441873858903658,213.43599563503682,MeanRev
MU,2024-09-30,105.52013807454259,4.220805522981704,1,0,0,1,2024-10-07,106.35569763183594,4.216504749330209,-0.004300773651494616,-0.10189461769980865,MeanRev
MU,2025-01-06,95.29628913791835,3.811851565516734,1,0,0,1,2025-01-13,105.4471435546875,8.506093617349636,4.6942420518329016,123.14860563560666,MeanRev
MU,2025-02-03,88.39611171244539,3.5358444684978156,1,0,0,1,2025-02-10,99.23497772216797,8.601693026509324,5.065848558011508,143.27124971545217,MeanRev
MU,2025-03-03,95.53559987534899,3.82142399501396,1,0,0,1,2025-03-10,100.5013427734375,5.922153044556818,2.1007290495428577,54.972414793119114,MeanRev
MU,2025-04-07,63.839894869097925,2.553595794763917,1,0,0,4,2025-05-05,85.72557830810547,12.474999196362122,9.921403401598205,388.5267755351802,MeanRev
UBER,2023-10-30,42.0099983215332,1.6803999328613282,1,0,0,1,2023-11-06,51.58000183105469,6.297361694335938,4.6169617614746095,274.7537458903014,MeanRev
UBER,2024-05-20,65.63999938964844,2.6255999755859376,1,0,0,2,2024-06-03,69.30999755859375,3.9354790649414064,1.3098790893554688,49.88875310539839,MeanRev
UBER,2024-07-22,67.52999877929688,2.701199951171875,1,0,0,2,2024-08-05,68.54000091552734,2.6659610290527342,-0.0352389221191407,-1.3045654803841096,MeanRev
UBER,2024-12-09,65.5,2.62,1,0,0,5,2025-01-13,67.33999633789062,2.2299981689453126,-0.39000183105468755,-14.885566070789602,MeanRev
UBER,2025-02-03,65.30000305175781,2.6120001220703126,1,0,0,1,2025-02-10,79.41999816894531,9.410797668457032,6.798797546386719,260.29085867721494,MeanRev
UBER,2025-11-24,84.1500015258789,3.366000061035156,1,0,0,1,2025-12-01,91.31999969482422,6.614399139404297,3.2483990783691405,96.50620972865195,MeanRev
SMH,2023-10-23,139.6752817878405,5.58701127151362,1,0,0,1,2023-10-30,147.9584197998047,9.16987915034435,3.58286787883073,64.12852426302817,MeanRev
SMH,2024-09-09,217.49602472582214,8.699840989032886,1,0,0,2,2024-09-23,246.64682006835938,21.53527046249493,12.835429473462042,147.53636864906525,MeanRev
SMH,2025-03-03,235.3699951171875,9.414799804687501,1,0,0,4,2025-03-31,180.8000030517578,-13.80611737060547,-23.22091717529297,-246.64270783252974,SL_Stock
SMH,2025-04-07,173.49000549316406,6.939600219726563,1,0,0,3,2025-04-28,219.02999877929688,27.627716796875003,20.688116577148442,298.11683558283715,MeanRev
SMH,2025-05-05,217.02999877929688,8.681199951171875,1,0,0,1,2025-05-12,246.4199981689453,22.50807965087891,13.826879699707034,159.2738305473605,MeanRev
NET,2023-05-08,45.02000045776367,1.8008000183105468,1,0,0,1,2023-05-15,57.9900016784668,8.105720626831054,6.304920608520508,350.1177556870298,MeanRev
NET,2023-09-25,57.29999923706055,2.291999969482422,1,0,0,1,2023-10-02,62.54999923706055,4.6877999725341795,2.3958000030517574,104.52879733644916,MeanRev
NET,2023-10-23,58.5,2.34,1,0,0,1,2023-10-30,64.41999816894531,5.065999084472656,2.7259990844726563,116.49568737062634,MeanRev
NET,2024-05-13,72.23999786376953,2.8895999145507814,1,0,0,5,2024-06-17,77.94000244140625,4.29480224609375,1.4052023315429683,48.62965023174918,MeanRev
NET,2024-06-24,77.43000030517578,3.0972000122070313,1,0,0,1,2024-07-01,86.95999908447266,7.552479400634765,4.4552793884277335,143.84861716608833,MeanRev
NET,2024-07-22,79.37000274658203,3.1748001098632814,1,0,0,3,2024-08-12,82.37999725341797,3.7273573303222656,0.5525572204589841,17.404472764831148,MeanRev
NVDA,2023-10-23,41.20242236322223,1.6480968945288894,1,0,0,1,2023-10-30,44.975982666015625,3.3700673564726964,1.721970461943807,104.48235584085816,MeanRev
NVDA,2025-02-03,114.71860595727398,4.58874423829096,1,0,0,1,2025-02-10,138.81202697753906,16.176580324594408,11.587836086303447,252.52739060085952,MeanRev
NVDA,2025-03-03,123.47622827864049,4.9390491311456195,1,0,0,5,2025-04-07,110.90986633300781,-13.871647268630314,-18.810696399775935,-380.856636577186,SL_Stock
NVDA,2025-04-14,114.08928452588457,4.563571381035382,1,0,0,2,2025-04-28,114.4792251586914,3.8458274212317263,-0.7177439598036561,-15.72768123637445,MeanRev
NVDA,2025-05-05,112.88951088889792,4.515580435555917,1,0,0,1,2025-05-12,135.37542724609375,15.306980570598242,10.791400135042325,238.98146183091495,MeanRev
VRT,2023-04-10,12.261007440509989,0.49044029762039953,1,0,0,2,2023-04-24,14.872700691223145,1.6981988634528975,1.2077585658324979,246.26005890880162,MeanRev
VRT,2024-08-05,62.27466062627998,2.4909864250511995,1,0,0,3,2024-08-26,82.86321258544922,12.037966477120458,9.546980052069259,383.2610228645879,MeanRev
VRT,2024-09-09,72.85337960551512,2.9141351842206045,1,0,0,1,2024-09-16,94.35009765625,13.371080691165986,10.456945506945381,358.8352923216267,MeanRev
VRT,2025-02-17,110.85203153469517,4.434081261387807,1,0,0,6,2025-03-31,59.350772857666016,-18.96489378205113,-23.398975043438938,-527.707402369874,SL_Stock
VRT,2025-04-07,53.556560548550166,2.142262421942007,1,0,0,2,2025-04-21,86.86331176757812,18.367185547067585,16.224923125125578,757.3732778460137,MeanRev
VRT,2025-04-28,86.86331118436186,3.4745324473744748,1,0,0,1,2025-05-05,93.96622467041016,6.678535945661174,3.2040034982866996,92.21394667670467,MeanRev
VRT,2025-05-12,100.99921034710668,4.039968413884267,1,0,0,1,2025-05-19,104.03617858886719,5.154455693376093,1.1144872794918257,27.586534480359738,MeanRev
WDC,2023-04-24,24.945878653315948,0.9978351461326379,1,0,0,3,2023-05-15,28.853792190551758,2.6524413709107515,1.6546062247781137,165.81959767512276,MeanRev
WDC,2024-08-05,40.68293806566733,1.6273175226266932,1,0,0,6,2024-09-16,50.260711669921875,5.439813811177951,3.8124962885512574,234.28103216128426,MeanRev
WDC,2024-10-14,49.27432592973423,1.9709730371893692,1,0,0,1,2024-10-21,52.293731689453125,3.2835786133298788,1.3126055761405095,66.5968306706164,MeanRev
WDC,2024-12-30,44.9221580332224,1.7968863213288961,1,0,0,2,2025-01-13,48.97313690185547,3.46299849137965,1.666112170050754,92.72218004412058,MeanRev
WDC,2025-03-10,40.52454659403007,1.6209818637612028,1,0,0,3,2025-03-31,30.423295974731445,-4.215411184569919,-5.8363930483311215,-360.05295178249554,SL_Stock
WDC,2025-04-07,29.506809145501144,1.1802723658200458,1,0,0,2,2025-04-21,40.62416458129883,6.502895610554878,5.3226232447348325,450.96567528603515,MeanRev
WDC,2025-04-28,40.43489133667362,1.617395653466945,1,0,0,1,2025-05-05,43.93147659301758,3.2039487162922278,1.5865530628252829,98.09307076004873,MeanRev
APP,2023-03-13,12.140000343322754,0.4856000137329102,1,0,0,1,2023-03-20,14.170000076293945,1.452039878845215,0.9664398651123047,199.0197359516275,MeanRev
APP,2024-08-05,62.09000015258789,2.4836000061035155,1,0,0,1,2024-08-12,86.3499984741211,14.365239166259766,11.88163916015625,478.40389478808163,MeanRev
APP,2025-03-10,246.52999877929688,9.861199951171875,1,0,0,7,2025-04-28,307.5799865722656,33.48335388183594,23.622153930664062,239.54644513477166,MeanRev
AVGO,2025-03-24,193.51221088300852,7.740488435320341,1,0,0,1,2025-03-31,145.6968536376953,-18.025399993479134,-25.765888428799474,-332.8716093835641,SL_Stock
AVGO,2025-04-07,143.9041624928364,5.756166499713457,1,0,0,2,2025-04-21,191.53025817871094,28.417981042708032,22.661814542994577,393.69630020470544,MeanRev
AVGO,2025-04-28,189.75747130639968,7.590298852255987,1,0,0,1,2025-05-05,207.3558349609375,15.630450794299298,8.04015194204331,105.92668481892011,MeanRev
RBLX,2023-06-26,37.630001068115234,1.5052000427246095,1,0,0,1,2023-07-03,41.150001525878906,3.1146802673339846,1.6094802246093751,106.92799487940519,MeanRev
RBLX,2023-08-14,29.520000457763672,1.180800018310547,1,0,0,7,2023-10-02,30.459999084472656,0.8242393188476562,-0.3565606994628907,-30.19653573287092,MeanRev
RBLX,2023-10-09,29.6299991607666,1.185199966430664,1,0,0,1,2023-10-16,31.75,2.126680389404297,0.9414804229736331,79.43641998311777,MeanRev
RBLX,2023-10-23,31.25,1.25,1,0,0,1,2023-10-30,34.900001525878906,2.950000762939453,1.7000007629394531,136.00006103515625,MeanRev
RBLX,2024-03-25,37.119998931884766,1.4847999572753907,1,0,0,5,2024-04-29,39.2400016784668,1.8024013519287108,0.31760139465332005,21.390180751090462,MeanRev
RBLX,2024-05-13,31.40999984741211,1.2563999938964845,1,0,0,3,2024-06-03,35.630001068115234,2.9894806060791015,1.733080612182617,137.94019584541692,MeanRev
RBLX,2024-06-10,35.29999923706055,1.411999969482422,1,0,0,1,2024-06-17,36.15999984741211,1.700800277709961,0.288800308227539,20.453280061571157,MeanRev
RBLX,2025-04-07,50.5099983215332,2.020399932861328,1,0,0,1,2025-04-14,59.709999084472656,6.418360321044922,4.397960388183594,217.677714033336,MeanRev
C,2023-05-29,40.947452655311004,1.6378981062124403,1,0,0,1,2023-06-05,44.21556091308594,3.1081624244786634,1.4702643182662232,89.76531035047948,MeanRev
C,2023-08-21,39.46856171272783,1.5787424685091134,1,0,0,9,2023-10-23,35.41242980957031,-1.7914769833264308,-3.370219451835544,-213.47493457993903,SL_Stock
C,2023-10-30,35.699499122192265,1.4279799648876905,1,0,0,1,2023-11-06,39.474456787109375,3.1726608008574764,1.7446808359697858,122.17824331358904,MeanRev
C,2024-08-05,51.6605345206762,2.066421380827048,1,0,0,1,2024-08-12,59.21741485595703,5.6382194103847585,3.5717980295577103,172.8494518445295,MeanRev
C,2024-09-16,55.87076047374983,2.2348304189499935,1,0,0,1,2024-09-23,59.67070007324219,3.9113171768011714,1.676486757851178,75.01628506734099,MeanRev
C,2025-04-07,55.02238365262001,2.2008953461048004,1,0,0,2,2025-04-21,67.04383087158203,7.771439886364853,5.570544540260052,253.10356306213924,MeanRev
C,2025-04-28,67.26917503282777,2.690767001313111,1,0,0,1,2025-05-05,70.00265502929688,3.7884302994163495,1.0976632981032384,40.79369553616392,MeanRev
QCOM,2023-05-08,101.86631974339075,4.07465278973563,1,0,0,3,2023-05-29,108.67118835449219,6.2546912583656615,2.1800384686300314,53.502435204337395,MeanRev
QCOM,2023-09-11,106.05456187434667,4.242182474973867,1,0,0,7,2023-10-30,113.9178695678711,5.204308589254369,0.962126114280502,22.67997946708855,MeanRev
QCOM,2024-08-12,155.4241353794784,6.2169654151791365,1,0,0,9,2024-10-14,166.30780029296875,6.063528998263088,-0.15343641691604848,-2.4680275129313607,TimeStop
QCOM,2024-10-21,165.06233428307453,6.602493371322981,1,0,0,2,2024-11-04,166.29806518554688,5.899860148294556,-0.7026332230284256,-10.641937575889376,MeanRev
QCOM,2024-11-25,154.6510608251681,6.186042433006723,1,0,0,7,2025-01-13,160.95700073242188,5.008782683528909,-1.1772597494778143,-19.030903234616314,MeanRev
QCOM,2025-04-07,122.51920490975441,4.900768196390176,1,0,0,2,2025-04-21,146.0908203125,15.706422258484936,10.80565406209476,220.48898517693664,MeanRev
QCOM,2025-05-05,136.00134443553372,5.440053777421349,1,0,0,1,2025-05-12,149.96533203125,11.878042197537352,6.437988420116003,118.3442054715806,MeanRev
QCOM,2025-05-26,145.09759864879115,5.803903945951646,1,0,0,1,2025-06-02,146.759521484375,6.054474969148407,0.25057102319676083,4.317284116521945,MeanRev
SCHW,2023-03-13,49.70322035553059,1.9881288142212237,1,0,0,9,2023-05-15,49.87904739379883,0.2867264005562411,-1.7014024136649826,-85.57807731042037,TimeStop
SCHW,2023-05-22,50.19760175156234,2.0079040700624935,1,0,0,1,2023-05-29,52.48545455932617,2.951040066938161,0.9431359968756676,46.971168141828294,MeanRev
SCHW,2023-06-05,52.51441864273405,2.100576745709362,1,0,0,1,2023-06-12,52.5144157409668,1.8905176202547993,-0.21005912545456273,-10.00006907072686,MeanRev
SCHW,2023-06-19,52.11863025917427,2.084745210366971,1,0,0,1,2023-06-26,54.71539306640625,3.174652092946265,1.0899068825792941,52.280100088942824,MeanRev
SCHW,2023-10-09,49.28584057543195,1.971433623017278,1,0,0,3,2023-10-30,54.10201644897461,3.7880914728834254,1.8166578498661474,92.14907510229807,MeanRev
SCHW,2023-11-13,52.5485656232134,2.101942624928536,1,0,0,1,2023-11-20,54.93359375,3.0842624258289826,0.9823198009004468,46.73390173691562,MeanRev
SCHW,2024-07-22,61.719267374716054,2.4687706949886423,1,0,0,8,2024-09-16,64.37811279296875,1.8231768481240764,-0.6455938468645659,-26.15041762181708,MeanRev
SCHW,2024-09-23,64.60456124020246,2.5841824496080985,1,0,0,2,2024-10-07,66.63267517089844,3.0814029250344688,0.49722047542637027,19.240919908800393,MeanRev
SCHW,2025-04-07,66.44881440870655,2.6579525763482623,1,0,0,2,2025-04-21,79.23506164550781,8.519485679479239,5.861533103130976,220.52812963217292,MeanRev
APO,2023-03-13,57.079476682804675,2.283179067312187,1,0,0,4,2023-04-10,62.09398651123047,3.877162354600209,1.593983287288022,69.8142038050698,MeanRev
APO,2023-05-08,58.34026164753158,2.333610465901263,1,0,0,1,2023-05-15,60.98601531982422,3.4231262554574577,1.0895157895561947,46.687988654328095,MeanRev
APO,2024-08-05,95.43524821161157,3.8174099284644627,1,0,0,3,2024-08-26,113.80109405517578,11.855109871707231,8.03769994324277,210.553754872113,MeanRev
APO,2025-02-24,150.22918182434825,6.00916727297393,1,0,0,2,2025-03-10,132.83380126953125,-8.910725722912757,-14.919892995886688,-248.2855330552789,SL_Stock
APO,2025-03-17,132.5173270934843,5.300693083739373,1,0,0,6,2025-04-28,133.87217712402344,2.7977022487653116,-2.502990834974061,-47.220067176730915,MeanRev
APO,2025-05-05,132.0228709031173,5.280914836124692,1,0,0,1,2025-05-12,142.2484588623047,9.865617332105913,4.584702495981221,86.81644446562643,MeanRev
APO,2025-05-26,131.9859929833632,5.279439719334528,1,0,0,3,2025-06-16,133.5044403076172,4.454831465661169,-0.8246082536733592,-15.619237978103119,MeanRev
APO,2025-10-06,126.64351171432354,5.065740468572941,1,0,0,4,2025-11-03,131.85308837890625,5.644232613435121,0.5784921448621798,11.419695668403351,MeanRev
TQQQ,2023-09-25,17.21860254667111,0.6887441018668444,1,0,0,5,2023-10-30,18.325546264648438,0.8978439099220856,0.2090998080552412,30.359578759146554,MeanRev
TQQQ,2025-03-10,31.78642330184025,1.27145693207361,1,0,0,3,2025-03-31,20.46808624267578,-4.617451077788248,-5.888908009861858,-463.1622087472267,SL_Stock
TQQQ,2025-04-07,18.306210745840033,0.7322484298336014,1,0,0,3,2025-04-28,29.603755950927734,6.161346503427372,5.429098073593771,741.428434995415,MeanRev
TQQQ,2025-05-05,28.84162154515661,1.1536648618062644,1,0,0,1,2025-05-12,35.59125518798828,4.413115197041474,3.2594503352352096,282.530086782046,MeanRev
MDB,2023-09-25,331.30999755859375,13.25239990234375,1,0,0,6,2023-11-06,376.8900146484375,28.09096850585938,14.838568603515629,111.96891667064286,MeanRev
MDB,2024-03-11,379.6199951171875,15.1847998046875,1,0,0,6,2024-04-22,383.79998779296875,8.163916259765625,-7.020883544921876,-46.236260176143716,MeanRev
MDB,2024-05-13,356.9700012207031,14.278800048828126,1,0,0,2,2024-05-27,236.05999755859375,-27.640357177734387,-41.91915722656251,-293.57619045868535,SL_Stock
MDB,2024-06-03,243.14999389648438,9.725999755859375,1,0,0,9,2024-08-05,234.89999389648438,-3.1524000244140638,-12.878399780273439,-132.41209236628777,TimeStop
MDB,2024-08-12,235.17999267578125,9.40719970703125,1,0,0,2,2024-08-26,290.7900085449219,35.33076770019532,25.923567993164067,275.5715707171385,MeanRev
MDB,2024-12-23,246.50999450683594,9.860399780273438,1,0,0,5,2025-01-27,273.32000732421875,18.335206298828126,8.474806518554688,85.9478997546251,MeanRev
MDB,2025-03-10,182.02000427246094,7.280800170898438,1,0,0,9,2025-05-12,191.2899932861328,5.363074523925781,-1.9177256469726567,-26.339490192820563,MeanRev
MDB,2025-05-19,187.25,7.49,1,0,0,1,2025-05-26,188.8300018310547,7.531000915527343,0.041000915527343196,0.5474087520339546,MeanRev
MDB,2025-06-02,188.4199981689453,7.536799926757813,1,0,0,1,2025-06-09,205.6300048828125,15.388123291015624,7.851323364257811,104.17316952229751,MeanRev
ETN,2023-10-30,192.51790965984287,7.700716386393715,1,0,0,1,2023-11-06,216.9233856201172,19.1333827278915,11.432666341497786,148.46237373055317,MeanRev
ETN,2024-08-05,251.53943296574724,10.06157731862989,1,0,0,3,2024-08-26,303.01116943359375,32.778972356964175,22.717395038334285,225.7836352981261,MeanRev
ETN,2024-09-09,285.5174493919361,11.420697975677445,1,0,0,1,2024-09-16,326.37896728515625,30.70938712471977,19.288689149042323,168.89238459962138,MeanRev
ETN,2025-02-10,311.54629656827706,12.461851862731082,1,0,0,7,2025-03-31,244.95123291015625,-25.44269987585674,-37.90455173858782,-304.16467918341016,SL_Stock
ETN,2025-04-07,236.33640376657019,9.453456150662808,1,0,0,2,2025-04-21,286.9820556640625,32.885590869276406,23.432134718613597,247.8684445685053,MeanRev
ETN,2025-04-28,286.2268479259872,11.449073917039488,1,0,0,1,2025-05-05,307.8980712890625,21.13977820687318,9.690704289833693,84.64181784529455,MeanRev
ADBE,2023-05-15,337.3500061035156,13.494000244140626,1,0,0,1,2023-05-22,415.3900146484375,51.1646044921875,37.67060424804687,279.165581491702,MeanRev
ADBE,2024-02-19,531.5,21.26,1,0,0,9,2024-04-22,477.55999755859375,-31.10799658203124,-52.36799658203124,-246.32171487314784,SL_Stock
ADBE,2024-04-29,478.0400085449219,19.121600341796874,1,0,0,6,2024-06-10,525.3099975585938,31.28363464355469,12.162034301757817,63.60364239583798,MeanRev
ADBE,2024-10-14,501.79998779296875,20.07199951171875,1,0,0,5,2024-11-18,512.1500244140625,15.21101806640625,-4.8609814453125,-24.21772401137458,MeanRev
ADBE,2024-12-16,467.19000244140625,18.68760009765625,1,0,0,8,2025-02-10,460.1600036621094,0.22252062988281196,-18.46507946777344,-98.80926053254575,MeanRev
ADBE,2025-02-24,445.1099853515625,17.8043994140625,1,0,0,1,2025-03-03,449.3999938964844,18.16896374511719,0.36456433105468733,2.0476081364853136,MeanRev
ADBE,2025-03-17,394.1199951171875,15.7647998046875,1,0,0,3,2025-04-07,352.4700012207031,-17.913636108398443,-33.67843591308594,-213.6305968381026,SL_Stock
ADBE,2025-04-14,359.510009765625,14.380400390625,1,0,0,4,2025-05-12,417.1300048828125,37.43823779296875,23.05783740234375,160.34210992745253,MeanRev
ADBE,2025-08-04,351.1600036621094,14.046400146484375,1,0,0,6,2025-09-15,365.8999938964844,12.988555175781247,-1.0578449707031279,-7.531075290973341,MeanRev
ADBE,2025-10-06,346.92999267578125,13.87719970703125,1,0,0,2,2025-10-20,353.5199890136719,14.396757934570314,0.5195582275390631,3.7439702426118084,MeanRev
ADBE,2025-11-10,328.0,13.120000000000001,1,0,0,3,2025-12-01,346.260009765625,18.3140048828125,5.1940048828125,39.58845185070503,MeanRev
MRVL,2023-03-13,37.61086061552815,1.504434424621126,1,0,0,2,2023-03-27,42.85657501220703,3.8264047380363393,2.321970313415213,154.34174301083107,MeanRev
MRVL,2023-09-25,51.615486747756734,2.0646194699102693,1,0,0,6,2023-11-06,54.25634002685547,2.1462744275134753,0.08165495760320596,3.9549640402623334,MeanRev
MRVL,2024-08-05,53.21933208694471,2.1287732834777886,1,0,0,1,2024-08-12,69.04667663574219,9.829568229528748,7.7007949460509595,361.7480079170351,MeanRev
MRVL,2025-03-10,68.17145181676639,2.7268580726706557,1,0,0,9,2025-05-12,63.66569519042969,-1.9801925059012873,-4.707050578571943,-172.61809940705524,TimeStop
MRVL,2025-05-19,61.009632262289294,2.4403852904915717,1,0,0,2,2025-06-02,68.24890899658203,5.571946599539626,3.131561309048054,128.3224137290738,MeanRev
MRVL,2025-06-09,69.36725627775728,2.7746902511102913,1,0,0,1,2025-06-16,73.40127563476562,4.514230904503436,1.7395406533931448,62.693147557536136,MeanRev
DELL,2023-03-13,34.249559215227016,1.3699823686090806,1,0,0,2,2023-03-27,38.07504653930664,3.0087295569270767,1.638747188317996,119.61812252969268,MeanRev
DELL,2024-08-05,88.54895449788869,3.5419581799155475,1,0,0,5,2024-09-09,111.86056518554688,13.426784433786867,9.88482625387132,279.07800577439366,MeanRev
DELL,2024-09-16,109.98153437725863,4.3992613750903455,1,0,0,1,2024-09-23,117.65421295166016,7.7956745247820765,3.396413149691731,77.20416815702342,MeanRev
DELL,2025-01-20,108.45724481111174,4.33828979244447,1,0,0,3,2025-02-10,112.78660583496094,5.201483366635729,0.8631935741912597,19.89709345130864,MeanRev
DELL,2025-02-17,114.88694186675659,4.5954776746702635,1,0,0,2,2025-03-03,90.18589782714844,-7.888698485002786,-12.48417615967305,-271.66220888166583,SL_Stock
DELL,2025-03-10,87.76016921673622,3.5104067686694487,1,0,0,6,2025-04-21,93.568115234375,4.308135716287172,0.7977289476177232,22.724686914846817,MeanRev
DELL,2025-04-28,93.85060835169759,3.7540243340679034,1,0,0,1,2025-05-05,95.18041229248047,4.043523871052553,0.2894995369846498,7.711711785068394,MeanRev
DELL,2025-11-24,124.80000305175781,4.992000122070313,1,0,0,1,2025-12-01,138.91000366210938,11.547800415039061,6.555800292968748,131.3261244522944,MeanRev
MCHP,2023-05-15,68.770982054414,2.7508392821765604,1,0,0,1,2023-05-22,73.47115325927734,4.825840956390573,2.075001674214013,75.43158510417224,MeanRev
MCHP,2023-09-25,72.14569134993819,2.8858276539975276,1,0,0,6,2023-11-06,73.13579559326172,1.6493831832607757,-1.236444470736752,-42.84540239345184,MeanRev
MCHP,2024-04-22,78.45154973561957,3.1380619894247825,1,0,0,1,2024-04-29,87.06674194335938,7.131851894352209,3.993789904927427,127.26931202718217,MeanRev
MCHP,2024-08-05,72.09928398016368,2.883971359206547,1,0,0,7,2024-09-23,77.58979797363281,3.610448404496532,0.7264770452899851,25.19016157947759,MeanRev
MCHP,2024-09-30,76.10713980553645,3.044285592221458,1,0,0,6,2024-11-11,60.51985549926758,-3.883052600327765,-6.9273381925492235,-227.55217875252788,SL_Stock
MCHP,2024-11-18,60.82794317391621,2.4331177269566484,1,0,0,9,2025-01-20,54.66468811035156,-2.8383157590866595,-5.271433486043308,-216.65344950804473,TimeStop
MCHP,2025-01-27,56.031543491327184,2.2412617396530874,1,0,0,3,2025-02-17,59.20149612426758,3.153859534227358,0.9125977945742707,40.71803745311454,MeanRev
MCHP,2025-03-17,52.38914867625673,2.0955659470502694,1,0,0,2,2025-03-31,35.37537384033203,-4.945431907258752,-7.040997854309021,-335.9950501304895,SL_Stock
MCHP,2025-04-07,34.76006201394066,1.3904024805576265,1,0,0,3,2025-04-28,46.79277038574219,6.989635922291102,5.5992334417334755,402.7059445037728,MeanRev
MCHP,2025-05-05,46.1286261088842,1.8451450443553679,1,0,0,1,2025-05-12,59.78261947631836,8.487627223636911,6.642482179281544,359.9978332111124,MeanRev
MCHP,2025-10-13,62.238625999701235,2.4895450399880494,1,0,0,5,2025-11-17,50.445003509521484,-4.3983280333280215,-6.8878730733160705,-276.67196064663824,SL_Stock
MCHP,2025-11-24,50.08821772225491,2.0035287088901965,1,0,0,1,2025-12-01,65.80999755859375,9.664065756170597,7.660537047280401,382.3522474765914,MeanRev
AMD,2023-09-18,100.81999969482422,4.032799987792969,1,0,0,2,2023-10-02,107.23999786376953,6.436239074707031,2.4034390869140623,59.59727966150369,MeanRev
AMD,2023-10-23,100.80999755859375,4.03239990234375,1,0,0,1,2023-10-30,112.25,9.3491611328125,5.3167612304687495,131.85104055226495,MeanRev
AMD,2024-04-29,159.0800018310547,6.363200073242187,1,0,0,2,2024-05-13,164.47000122070312,7.785559753417967,1.4223596801757799,22.352898915703225,MeanRev
AMD,2024-06-17,158.0,6.32,1,0,0,2,2024-07-01,171.89999389648438,12.005996948242188,5.685996948242188,89.9683061430726,MeanRev
AMD,2024-07-22,154.22999572753906,6.169199829101562,1,0,0,4,2024-08-19,154.97999572753906,4.076519897460937,-2.0926799316406255,-33.921415898524856,MeanRev
AMD,2024-09-09,136.10000610351562,5.444000244140625,1,0,0,1,2024-09-16,155.9499969482422,14.824595642089843,9.380595397949218,172.3107086199261,MeanRev
AMD,2024-12-02,137.9199981689453,5.5167999267578125,1,0,0,5,2025-01-06,116.04000091552734,-7.646602630615234,-13.163402557373047,-238.6057629809514,SL_Stock
AMD,2025-01-13,115.27999877929688,4.6111999511718755,1,0,0,7,2025-03-03,100.30999755859375,-7.967639465332033,-12.578839416503907,-272.7888521361378,SL_Stock
AMD,2025-03-10,98.56999969482422,3.9427999877929687,1,0,0,8,2025-05-05,102.83999633789062,2.9235583190917964,-1.0192416687011723,-25.85070690516324,MeanRev
BA,2023-09-25,196.83999633789062,7.873599853515625,1,0,0,5,2023-10-30,195.0500030517578,3.041803283691406,-4.831796569824219,-61.36705775906027,MeanRev
BA,2023-11-06,195.8800048828125,7.8352001953125,1,0,0,1,2023-11-13,208.0399932861328,13.131674377441405,5.296474182128905,67.59845377400289,MeanRev
BA,2024-03-04,199.5,7.98,1,0,0,5,2024-04-08,169.5500030517578,-7.2350030517578094,-15.21500305175781,-190.66419864358159,SL_Stock
BA,2024-04-15,170.74000549316406,6.829600219726562,1,0,0,4,2024-05-13,184.9499969482422,11.202755859375,4.373155639648437,64.0323810904341,MeanRev
BA,2024-05-20,184.64999389648438,7.385999755859375,1,0,0,2,2024-06-03,190.24000549316406,8.703805603027345,1.3178058471679694,17.841942739336584,MeanRev
BA,2024-06-17,176.75,7.07,1,0,0,1,2024-06-24,182.00999450683594,8.992997253417968,1.922997253417968,27.199395380735048,MeanRev
BA,2024-08-12,167.72999572753906,6.709199829101562,1,0,0,8,2024-10-07,151.02000427246094,-8.61715966796875,-15.326359497070312,-228.43796410104372,SL_Stock
BA,2024-10-14,148.0,5.92,1,0,0,6,2024-11-25,155.44000244140625,6.088001220703125,0.1680012207031254,2.837858457823064,MeanRev
BA,2025-04-07,132.0500030517578,5.282000122070313,1,0,0,2,2025-04-21,177.9499969482422,27.17559704589844,21.893596923828127,414.4944418374378,MeanRev
BA,2025-11-03,202.0399932861328,8.081599731445312,1,0,0,2,2025-11-17,179.6999969482422,-5.884720214843744,-13.966319946289056,-172.8162790832914,SL_Stock
BA,2025-11-24,180.30999755859375,7.21239990234375,1,0,0,1,2025-12-01,201.88999938964844,17.281160827636718,10.068760925292967,139.6034754259953,MeanRev
WFC,2023-03-13,37.03351213443917,1.481340485377567,1,0,0,5,2023-04-17,38.3734245300293,1.4106264404838464,-0.07071404489372046,-4.773652350134529,MeanRev
WFC,2023-05-01,37.675556301146464,1.5070222520458587,1,0,0,2,2023-05-15,37.53890609741211,1.1372926997695094,-0.3697295522763493,-24.53378188506658,MeanRev
WFC,2023-10-09,36.96300817699672,1.478520327079869,1,0,0,3,2023-10-30,39.33521270751953,2.2210664942173124,0.7425461671374434,50.222249470455296,MeanRev
WFC,2024-08-05,49.542826110131294,1.9817130444052518,1,0,0,2,2024-08-19,55.176177978515625,4.402046369716367,2.4203333253111152,122.13339020723365,MeanRev
WFC,2024-09-09,53.25911666314569,2.1303646665258276,1,0,0,1,2024-09-16,54.777198791503906,2.676369264052353,0.5460045975265255,25.629630743779803,MeanRev
WFC,2025-04-07,59.69249596767207,2.387699838706883,1,0,0,2,2025-04-21,68.58392333984375,6.3558735570513445,3.9681737183444614,166.19231839851037,MeanRev
AMZN,2023-10-23,124.62999725341797,4.985199890136719,1,0,0,1,2023-10-30,138.60000610351562,11.471684326171875,6.486484436035156,130.11483148085492,MeanRev
AMZN,2024-08-05,154.2100067138672,6.168400268554688,1,0,0,5,2024-09-09,186.49000549316406,19.224199523925783,13.055799255371095,211.6561618403241,MeanRev
AMZN,2025-03-10,195.60000610351562,7.824000244140625,1,0,0,8,2025-05-05,193.05999755859375,0.2947957763671871,-7.529204467773438,-96.2321604400772,MeanRev
AMZN,2025-05-12,210.7100067138672,8.428400268554688,1,0,0,1,2025-05-19,200.99000549316406,2.7255596313476564,-5.702840637207031,-67.66219514376435,MeanRev
TSM,2023-09-11,87.03379485463849,3.4813517941855396,1,0,0,4,2023-10-09,87.8350601196289,2.4894437090065336,-0.9919080851790061,-28.49203826041552,MeanRev
TSM,2023-10-30,84.77645368968652,3.391058147587461,1,0,0,1,2023-11-06,94.61251831054688,7.969984643258893,4.578926495671432,135.02943023637238,MeanRev
TSM,2025-03-17,172.1006612944854,6.884026451779416,1,0,0,3,2025-04-07,156.0155487060547,-11.54940528803328,-18.433431739812697,-267.771076548492,SL_Stock
TSM,2025-04-14,157.22727432950137,6.289090973180055,1,0,0,2,2025-04-28,178.06509399414062,15.450182610863672,9.161091637683619,145.6663876663776,MeanRev
ORCL,2023-10-02,103.12486095232306,4.124994438092923,1,0,0,5,2023-11-06,110.60386657714844,5.8020000314591496,1.6770055933662267,40.65473586775414,MeanRev
ORCL,2023-12-18,101.15457087127129,4.0461828348508515,1,0,0,4,2024-01-15,107.69371032714844,5.697279428849085,1.6510965939982336,40.80627745678961,MeanRev
ORCL,2025-01-13,152.60007343331048,6.104002937332419,1,0,0,1,2025-01-20,182.23867797851562,20.312904916201745,14.208901978869326,232.7800645698726,MeanRev
ORCL,2025-03-10,149.41385999991857,5.976554399996743,1,0,0,4,2025-04-07,131.36866760253906,-11.855717853955472,-17.832272253952215,-298.3704499362029,SL_Stock
ORCL,2025-04-14,136.2734621893537,5.450938487574148,1,0,0,2,2025-04-28,150.1498260498047,11.298932720284816,5.8479942327106675,107.28417218505841,MeanRev
SOXL,2023-09-25,17.312943438730144,0.6925177375492058,1,0,0,6,2023-11-06,20.252504348754883,1.7467875500320516,1.0542698124828458,152.23722878404052,MeanRev
SOXL,2024-08-05,23.25940685947643,0.9303762743790572,1,0,0,7,2024-09-23,37.242740631103516,7.270779768127259,6.340403493748202,681.4880891045779,MeanRev
SOXL,2024-09-30,35.91188956784306,1.4364755827137226,1,0,0,1,2024-10-07,38.30931091308594,2.491538697063788,1.0550631143500653,73.4480367815852,MeanRev
SOXL,2024-10-14,39.072127912219685,1.5628851164887874,1,0,0,5,2024-11-18,28.22426414489746,-5.245861932239418,-6.808747048728205,-435.65243387977796,SL_Stock
SOXL,2024-11-25,29.304097927608503,1.17216391710434,1,0,0,7,2025-01-13,32.27799987792969,1.8386001502918947,0.6664362331875546,56.85520800144472,MeanRev
SOXL,2025-02-03,24.638174538896717,0.9855269815558687,1,0,0,8,2025-03-31,8.699962615966797,-5.2607515598826415,-6.24627854143851,-633.8008657639592,SL_Stock
SOXL,2025-04-07,7.852888246460058,0.3141155298584023,1,0,0,5,2025-05-12,18.32672691345215,5.393977098425247,5.0798615685668445,1617.1952946283031,MeanRev
SOXL,2025-05-19,17.090992914414766,0.6836397165765906,1,0,0,1,2025-05-26,16.11436653137207,0.12696255339758367,-0.556677163179007,-81.42844098740134,MeanRev
SOXL,2025-06-02,16.004743650366617,0.6401897460146647,1,0,0,1,2025-06-09,19.971050262451172,2.5593240774554755,1.919134331440811,299.7758622951842,MeanRev
ADI,2023-10-16,165.9306716844134,6.637226867376536,1,0,0,2,2023-10-30,162.2493438720703,-2.2212418857409215,-8.858468753117457,-133.46641496705234,SL_Stock
ADI,2023-11-06,161.7855557574584,6.471422230298336,1,0,0,1,2023-11-13,176.86839294433594,13.365698600707267,6.894276370408931,106.5341763380984,MeanRev
ADI,2025-02-10,203.9462784022523,8.157851136090091,1,0,0,1,2025-02-17,235.8640899658203,23.300971804265092,15.143120668175001,185.62634222610762,MeanRev
ADI,2025-03-24,208.22470088806213,8.328988035522485,1,0,0,1,2025-03-31,163.20851135253906,-11.047406948597919,-19.376394984120402,-232.63804560027683,SL_Stock
ADI,2025-04-07,161.82034655667272,6.472813862266909,1,0,0,3,2025-04-28,196.91114807128906,22.07637046089501,15.603556598628101,241.06295856255974,MeanRev
DE,2023-03-13,374.18942678318723,14.96757707132749,1,0,0,2,2023-03-27,397.2929992675781,23.52584789925744,8.558270827929949,57.17873231683254,MeanRev
DE,2023-04-10,356.46032053992104,14.258412821596842,1,0,0,8,2023-06-05,365.70751953125,7.475282059983847,-6.783130761612995,-47.57283188868515,MeanRev
DE,2023-10-02,368.44312594147453,14.737725037658981,1,0,0,6,2023-11-13,373.2624816894531,8.30476788905289,-6.432957148606091,-43.64959403278388,MeanRev
DE,2023-11-27,357.9200112227264,14.316800448909055,1,0,0,2,2023-12-11,375.1280517578125,20.05746062667031,5.740660177761255,40.09736811131355,MeanRev
DE,2024-07-08,353.8601869597396,14.154407478389585,1,0,0,1,2024-07-15,371.50897216796875,21.563359334665194,7.408951856275609,52.34377961484659,MeanRev
DE,2024-08-05,339.77843127210696,13.591137250884278,1,0,0,1,2024-08-12,371.3713684082031,28.028492093843937,14.437354842959659,106.22624565152061,MeanRev
DE,2025-09-08,472.22081991563937,18.888832796625575,1,0,0,6,2025-10-20,472.760009765625,7.825128043643046,-11.06370475298253,-58.5727285116263,MeanRev
UAL,2023-09-18,45.349998474121094,1.8139999389648438,1,0,0,3,2023-10-09,38.720001220703125,-1.405200805664064,-3.2192007446289077,-177.4642146055385,SL_Stock
UAL,2023-10-16,39.119998931884766,1.5647999572753906,1,0,0,6,2023-11-27,40.2400016784668,1.1859213562011717,-0.3788786010742189,-24.212590198041507,MeanRev
UAL,2023-12-04,40.15999984741211,1.6063999938964844,1,0,0,1,2023-12-11,43.58000183105469,3.155760986328125,1.5493609924316405,96.44926533356801,MeanRev
UAL,2024-08-05,37.13999938964844,1.4855999755859375,1,0,0,4,2024-09-02,46.0099983215332,5.326359451293945,3.840759475708008,258.53254838626185,MeanRev
UAL,2025-03-10,80.16999816894531,3.2067999267578124,1,0,0,3,2025-03-31,57.66999816894531,-10.096239654541016,-13.303039581298828,-414.83846467305705,SL_Stock
UAL,2025-04-07,54.90999984741211,2.196399993896484,1,0,0,4,2025-05-05,77.2699966430664,12.49783839416504,10.301438400268555,469.0146798804835,MeanRev
UAL,2025-05-12,82.83000183105469,3.3132000732421876,1,0,0,2,2025-05-26,79.44000244140625,0.9555603637695312,-2.3576397094726564,-71.15899002035059,MeanRev
UAL,2025-06-16,75.45999908447266,3.0183999633789065,1,0,0,1,2025-06-23,79.18000030517578,4.576560577392578,1.5581606140136715,51.62207238663659,MeanRev
META,2025-04-07,484.4001235231284,19.376004940925135,1,0,0,3,2025-04-28,596.15869140625,69.44248740020839,50.06648245928326,258.3942490308467,MeanRev
META,2025-11-03,656.0,26.240000000000002,1,0,0,4,2025-12-01,673.4199829101562,24.453991455078125,-1.7860085449218772,-6.8064350035132515,MeanRev
MDT,2023-09-11,74.58871986015275,2.98354879440611,1,0,0,4,2023-10-09,67.3875961303711,-1.265801114894233,-4.249349909300343,-142.42602357526374,SL_Stock
MDT,2023-10-16,67.56553338664287,2.702621335465715,1,0,0,4,2023-11-13,70.00970458984375,2.8436584028798695,0.14103706741415456,5.21852860270753,MeanRev
MDT,2023-11-20,70.52473509522423,2.8209894038089693,1,0,0,1,2023-11-27,74.9073715209961,4.730208676314004,1.9092192725050348,67.67906571811861,MeanRev
MDT,2024-12-16,79.39024047610887,3.175609619044355,1,0,0,4,2025-01-13,86.01461791992188,5.217554493333115,2.0419448742887596,64.30087823273591,MeanRev
MDT,2025-05-26,79.87548968246716,3.1950195872986864,1,0,0,1,2025-06-02,86.06669616699219,5.971120870831331,2.776101283532644,86.88839638319001,MeanRev
GS,2023-03-13,298.5937865374183,11.943751461496731,1,0,0,4,2023-04-10,314.7065124511719,15.222613833774835,3.2788623722781036,27.452533509661738,MeanRev
GS,2023-05-15,299.2942892561611,11.971771570246444,1,0,0,1,2023-05-22,310.1201477050781,16.18752363768031,4.215752067433867,35.21410379990305,MeanRev
GS,2023-10-23,283.0859259067672,11.323437036270688,1,0,0,1,2023-10-30,310.92083740234375,24.10854908043189,12.7851120441612,112.9084040756225,MeanRev
GS,2025-03-10,534.0892468223984,21.363569872895937,1,0,0,6,2025-04-21,536.6105346679688,9.806071871943537,-11.5574980009524,-54.099095187342506,MeanRev
GS,2025-04-28,536.6105248110515,21.46442099244206,1,0,0,1,2025-05-05,558.5137939453125,30.26961346032835,8.80519246788629,41.022268762743366,MeanRev
MARA,2023-03-13,5.699999809265137,0.22799999237060548,1,0,0,1,2023-03-20,7.809999942779541,1.2602000598907472,1.0322000675201417,452.71934300872215,MeanRev
MARA,2023-10-02,9.199999809265137,0.3679999923706055,1,0,0,5,2023-11-06,9.609999656677246,0.38899991989135735,0.02099992752075186,5.70650216199006,MeanRev
MARA,2023-11-13,9.420000076293945,0.3768000030517578,1,0,0,1,2023-11-20,11.40999984741211,1.334119888305664,0.9573198852539062,254.06578489926588,MeanRev
MARA,2024-04-08,19.43000030517578,0.7772000122070313,1,0,0,5,2024-05-13,19.450000762939453,0.3986002349853516,-0.3785997772216797,-48.713300472881095,MeanRev
MARA,2024-06-10,19.170000076293945,0.7668000030517579,1,0,0,2,2024-06-24,19.850000381469727,0.9534401550292969,0.18664015197753903,24.340134485489965,MeanRev
MARA,2024-08-05,13.930000305175781,0.5572000122070313,1,0,0,7,2024-09-23,17.290000915527344,1.8471603088378905,1.2899602966308592,231.50758585259433,MeanRev
MARA,2024-10-07,16.43000030517578,0.6572000122070313,1,0,0,1,2024-10-14,18.8799991607666,1.8164794387817385,1.1592794265747073,176.39674452859123,MeanRev
MARA,2024-10-28,17.719999313354492,0.7087999725341797,1,0,0,1,2024-11-04,19.25,1.4029203186035157,0.694120346069336,97.92894652459432,MeanRev
MARA,2025-02-24,14.600000381469727,0.5840000152587891,1,0,0,8,2025-04-21,14.300000190734863,-0.033200092315673835,-0.6172001075744629,-105.68494716579104,MeanRev
MARA,2025-04-28,14.399999618530273,0.575999984741211,1,0,0,1,2025-05-05,15.760000228881836,1.198400291442871,0.6224003067016601,108.0556116648677,MeanRev
PYPL,2023-02-20,73.53999047382287,2.9415996189529148,1,0,0,5,2023-03-27,75.76485443115234,2.583231788141195,-0.35836783081171975,-12.182753509442035,MeanRev
PYPL,2023-05-15,61.60757892766677,2.464303157106671,1,0,0,8,2023-07-10,71.93370819091797,5.6559252630469325,3.1916221059402616,129.5141832179257,MeanRev
PYPL,2023-08-07,62.8746496973451,2.514985987893804,1,0,0,5,2023-09-11,64.06190490722656,1.8511205988876336,-0.6638653890061703,-26.396385196647955,MeanRev
PYPL,2023-09-25,57.407292298216184,2.2962916919286473,1,0,0,9,2023-11-27,59.51242446899414,1.282195254581843,-1.0140964373468044,-44.162352758201564,MeanRev
PYPL,2024-07-01,58.22540069990678,2.3290160279962713,1,0,0,4,2024-07-29,61.8370475769043,3.203233055296522,0.8742170273002507,37.535895708384984,MeanRev
PYPL,2025-02-17,78.01963423379682,3.120785369351873,1,0,0,5,2025-03-24,64.99974060058594,-3.912057451251793,-7.0328428206036655,-225.35490231627983,SL_Stock
PYPL,2025-03-31,64.13174348298664,2.5652697393194654,1,0,0,5,2025-05-05,70.09795379638672,4.265740026359774,1.7004702870403086,66.28816693138174,MeanRev
PYPL,2025-05-12,72.80170580198268,2.912068232079307,1,0,0,1,2025-05-19,69.68889617919922,1.0644565974796467,-1.8476116345996603,-63.44671509569706,MeanRev
PYPL,2025-09-15,67.14478391043973,2.6857913564175893,1,0,0,2,2025-09-29,69.09027862548828,3.1213804426583485,0.4355890862407592,16.218277164379757,MeanRev
PLTR,2023-09-25,14.0,0.56,1,0,0,1,2023-10-02,16.610000610351562,1.8090003051757813,1.2490003051757812,223.0357687813895,MeanRev
PLTR,2025-11-24,157.47000122070312,6.2988000488281255,1,0,0,1,2025-12-01,181.75999450683594,17.81391668701172,11.515116638183594,182.81444956053096,MeanRev
TXN,2023-05-15,149.55337380020327,5.982134952008131,1,0,0,1,2023-05-22,163.36056518554688,12.287517149479118,6.305382197470987,105.40354318409928,MeanRev
TXN,2023-09-25,149.26040578470923,5.970416231388369,1,0,0,4,2023-10-23,133.55517578125,-2.449754506994373,-8.420170738382742,-141.03155311208016,SL_Stock
TXN,2023-10-30,131.45555262293587,5.258222104917435,1,0,0,2,2023-11-13,145.6092071533203,11.283404949126169,6.025182844208734,114.5859327352119,MeanRev
TXN,2024-12-23,180.1801045261848,7.207204181047392,1,0,0,8,2025-02-17,197.09471130371094,9.898744224972543,2.6915400439251504,37.34513378992408,MeanRev
TXN,2025-03-17,171.82365726588512,6.872946290635404,1,0,0,3,2025-04-07,144.01573181152344,-11.378025411517637,-18.25097170215304,-265.54800416555764,SL_Stock
TXN,2025-04-14,147.37218054634525,5.89488722185381,1,0,0,3,2025-05-05,169.5206756591797,15.200668611714887,9.305781389861078,157.86190710082184,MeanRev
TXN,2025-09-22,177.81287977645925,7.11251519105837,1,0,0,5,2025-10-27,160.03160095214844,-7.129364479558579,-14.24187967061695,-200.2368963446488,SL_Stock
TXN,2025-11-03,162.33999633789062,6.493599853515625,1,0,0,4,2025-12-01,182.5399932861328,13.99615838623047,7.502558532714844,115.5377402667177,MeanRev
CMCSA,2023-10-30,37.381731468411616,1.4952692587364647,1,0,0,6,2023-12-11,41.61009216308594,2.712288050831747,1.2170187920952822,81.39128019816911,MeanRev
CMCSA,2024-04-15,37.70932911005411,1.5083731644021643,1,0,0,6,2024-05-27,37.97494888305664,0.7361591522621327,-0.7722140121400316,-51.19515716431447,MeanRev
CMCSA,2024-06-10,36.91245643173196,1.4764982572692784,1,0,0,2,2024-06-24,37.149620056152344,1.299780418025614,-0.17671783924366435,-11.968713025811258,MeanRev
CMCSA,2024-07-08,36.14356818337607,1.4457427273350427,1,0,0,1,2024-07-15,38.33380126953125,2.3962849976791296,0.9505422703440869,65.74767781099162,MeanRev
CMCSA,2024-12-30,36.404637299380006,1.4561854919752002,1,0,0,4,2025-01-27,32.707332611083984,-1.2095288624947544,-2.6657143544699546,-183.06145536817047,SL_Stock
CMCSA,2025-02-03,32.172902552246576,1.2869161020898632,1,0,0,4,2025-03-03,36.526100158691406,2.948748464476333,1.66183236238647,129.13292169456645,MeanRev
CMCSA,2025-03-17,34.4855436885442,1.3794217475417678,1,0,0,1,2025-03-24,35.58355712890625,1.7904862929686174,0.41106454542684956,29.799772706164536,MeanRev
CMCSA,2025-04-07,32.3273852264977,1.2930954090599078,1,0,0,5,2025-05-12,34.7884635925293,1.877086887545754,0.5839914784858462,45.16228844323354,MeanRev
CMCSA,2025-08-04,32.27739486116018,1.2910957944464074,1,0,0,2,2025-08-18,33.79132843017578,1.7898434200649256,0.49874762561851815,38.62979244172736,MeanRev
CMCSA,2025-09-22,31.000945170912814,1.2400378068365125,1,0,0,5,2025-10-27,27.84000015258789,-0.884852551843703,-2.1248903586802155,-171.35690113360894,SL_Stock
BLK,2023-03-13,585.6292584404106,23.425170337616425,1,0,0,4,2023-04-10,647.7601928710938,45.12056941791143,21.695399080295008,92.61575803978795,MeanRev
BLK,2023-05-08,605.5210883758062,24.22084353503225,1,0,0,1,2023-05-15,624.6824951171875,31.379462552219653,7.158619017187402,29.55561397700045,MeanRev
BLK,2023-10-02,612.9355200568639,24.517420802274557,1,0,0,4,2023-10-30,625.5418701171875,21.013627511526543,-3.503793290748014,-14.291035419284217,MeanRev
BLK,2024-04-22,728.7487340813597,29.149949363254386,1,0,0,2,2024-05-06,767.1915893554688,42.541387127658055,13.391437764403669,45.93983199601898,MeanRev
BLK,2025-03-10,904.56900426174,36.1827601704696,1,0,0,4,2025-04-07,865.8285522460938,-43.39863482273172,-79.58139499320131,-219.9428529450645,SL_Stock
BLK,2025-04-14,884.0460739713966,35.36184295885587,1,0,0,2,2025-04-28,915.5054931640625,44.019183963417646,8.65734100456178,24.482154435883754,MeanRev
MS,2023-03-20,77.05839675168016,3.0823358700672068,1,0,0,4,2023-04-17,82.99717712402344,4.81879170821196,1.7364558381447535,56.33571133527677,MeanRev
MS,2023-05-08,78.53427449133396,3.1413709796533587,1,0,0,4,2023-06-05,79.2049560546875,2.220163369468785,-0.9212076101845739,-29.325018157716176,MeanRev
MS,2023-10-09,73.80847106738915,2.952338842695566,1,0,0,2,2023-10-23,65.27783966064453,-1.5714879331948537,-4.52382677589042,-153.22857628902932,SL_Stock
MS,2023-10-30,64.95331403787492,2.598132561514997,1,0,0,2,2023-11-13,75.3487319946289,7.276215027588991,4.678082466073994,180.05557281288827,MeanRev
MS,2025-03-10,113.59117583168606,4.543647033267442,1,0,0,7,2025-04-28,117.72354888916016,3.4292806387172816,-1.1143663945501605,-24.525813435573884,MeanRev
AMAT,2023-10-23,130.57747519889267,5.223099007955707,1,0,0,1,2023-10-30,136.99850463867188,7.911303827049738,2.6882048190940315,51.46762132977795,MeanRev
AMAT,2024-08-05,172.68618392621482,6.907447357048593,1,0,0,7,2024-09-23,202.4130401611328,16.93566232457357,10.028214967524978,145.17975236238098,MeanRev
AMAT,2024-10-21,183.88254750902684,7.355301900361074,1,0,0,9,2024-12-23,165.1765594482422,-8.617463840356217,-15.972765740717291,-217.1598930552828,TimeStop
AMAT,2024-12-30,162.37460498165464,6.494984199266185,1,0,0,2,2025-01-13,190.1466064453125,19.081988091241875,12.58700389197569,193.79575847771565,MeanRev
AMAT,2025-02-17,170.08739335627573,6.80349573425103,1,0,0,5,2025-03-24,143.953125,-9.45419793441922,-16.25769366867025,-238.96088575206545,SL_Stock
AMAT,2025-03-31,141.68060111394166,5.667224044557667,1,0,0,3,2025-04-21,150.39361572265625,8.32356413554766,2.6563400909899926,46.87197947539981,MeanRev
AMAT,2025-04-28,149.6393937988059,5.985575751952236,1,0,0,1,2025-05-05,154.42262268066406,7.778632617686088,1.7930568657338517,29.95629727263971,MeanRev
DHR,2023-03-13,208.94577036107285,8.357830814442915,1,0,0,4,2023-04-10,220.3181610107422,10.70089381350042,2.343062999057505,28.034343492674303,MeanRev
DHR,2023-05-01,209.39282598012764,8.375713039205106,1,0,0,6,2023-06-12,211.677734375,4.492739413118223,-3.8829736260868835,-46.35991715465213,MeanRev
DHR,2023-10-30,186.9309099020957,7.4772363960838275,1,0,0,2,2023-11-13,205.6685333251953,15.350600828416873,7.873364432333045,105.29778671243682,MeanRev
DHR,2024-11-04,247.2801760768845,9.89120704307538,1,0,0,8,2024-12-30,233.69703674316406,-8.372951867971054,-18.264158911046433,-184.65045602126767,SL_Stock
DHR,2025-01-06,233.01038286853753,9.320415314741501,1,0,0,1,2025-01-13,237.19992065429688,10.483142676147022,1.162727361405521,12.475059556267947,MeanRev
DHR,2025-02-03,216.93899295974688,8.677559718389876,1,0,0,8,2025-03-31,181.1612548828125,-13.15546481003415,-21.833024528424026,-251.6032760011377,SL_Stock
DHR,2025-04-07,175.8291457938601,7.033165831754404,1,0,0,8,2025-06-02,195.363525390625,11.173822964733326,4.140657132978921,58.873304455357136,MeanRev
DHR,2025-09-29,185.85000610351562,7.434000244140625,1,0,0,1,2025-10-06,202.4600067138672,14.995600524902343,7.561600280761718,101.716438423871,MeanRev
IREN,2023-10-02,3.9100000858306885,0.15640000343322755,1,0,0,7,2023-11-20,3.5399999618530273,-0.13808006095886233,-0.29448006439208985,-188.28648205101436,MeanRev
IREN,2023-11-27,3.4800000190734863,0.13920000076293945,1,0,0,1,2023-12-04,5.820000171661377,1.2952800769805908,1.1560800762176513,830.5172915813989,MeanRev
IREN,2024-04-15,4.570000171661377,0.1828000068664551,1,0,0,4,2024-05-13,6.019999980926514,0.8346799087524414,0.6518799018859862,356.6082480304382,MeanRev
IREN,2024-09-16,7.269999980926514,0.29079999923706057,1,0,0,1,2024-09-23,8.850000381469727,1.0517201995849608,0.7609202003479002,261.66444372222884,MeanRev
IREN,2024-09-30,8.510000228881836,0.34040000915527346,1,0,0,2,2024-10-14,9.489999771118164,0.7623197784423829,0.4219197692871094,123.9482250115483,MeanRev
IREN,2025-03-03,8.90999984741211,0.35639999389648436,1,0,0,6,2025-04-14,5.590000152587891,-1.5719400005340574,-1.9283399944305417,-541.0606137638217,SL_Stock
IREN,2025-04-21,5.590000152587891,0.22360000610351563,1,0,0,3,2025-05-12,8.40999984741211,1.5665198516845704,1.3429198455810547,600.5902544382534,MeanRev
INTC,2023-02-27,24.93750047543919,0.9975000190175677,1,0,0,2,2023-03-13,29.095375061035156,2.876937308012037,1.8794372889944695,188.414762221811,MeanRev
INTC,2024-04-08,38.24110278301373,1.5296441113205492,1,0,0,2,2024-04-22,31.55088996887207,-2.281719739008942,-3.8113638503294913,-249.16670630262635,SL_Stock
INTC,2024-04-29,31.531097535077297,1.2612439014030918,1,0,0,9,2024-07-01,31.818159103393555,0.2696551742984379,-0.991588727104654,-78.61990262165347,TimeStop
INTC,2024-07-08,32.8217910066687,1.312871640266748,1,0,0,1,2024-07-15,32.7721061706543,1.1567420582328731,-0.15612958203387484,-11.89221986714197,MeanRev
INTC,2024-07-29,31.22194177274597,1.2488776709098388,1,0,0,1,2024-08-05,19.58575439453125,-1.9147334569485512,-3.16361112785839,-253.31633366089568,SL_Stock
INTC,2024-08-12,19.8700008392334,0.7948000335693359,1,0,0,6,2024-09-23,23.90999984741211,2.33791951751709,1.543119483947754,194.15191479268313,MeanRev
INTC,2024-09-30,23.739999771118164,0.9495999908447266,1,0,0,1,2024-10-07,23.559999465942383,0.7646398391723632,-0.18496015167236335,-19.477690970471695,MeanRev
INTC,2024-10-14,23.579999923706055,0.9431999969482422,1,0,0,2,2024-10-28,23.200000762939453,0.5645604171752929,-0.37863957977294926,-40.14414556807161,MeanRev
INTC,2024-11-04,22.959999084472656,0.9183999633789063,1,0,0,1,2024-11-11,24.350000381469727,1.521560615539551,0.6031606521606446,65.67516073732652,MeanRev
INTC,2025-01-06,20.829999923706055,0.8331999969482422,1,0,0,1,2025-01-13,21.489999771118164,1.0798799209594727,0.2466799240112305,29.606328002249633,MeanRev
INTC,2025-01-27,20.809999465942383,0.8323999786376953,1,0,0,2,2025-02-10,23.600000381469727,2.0609204406738284,1.228520462036133,147.5877575161316,MeanRev
INTC,2025-03-10,20.239999771118164,0.8095999908447266,1,0,0,1,2025-03-17,24.260000228881836,2.73864022064209,1.9290402297973634,238.2707820666632,MeanRev
INTC,2025-05-26,20.440000534057617,0.8176000213623047,1,0,0,3,2025-06-16,21.079999923706055,0.892319709777832,0.07471968841552734,9.138904900103551,MeanRev
TSLA,2023-10-23,210.0,8.4,1,0,0,3,2023-11-13,234.3000030517578,18.030001525878905,9.630001525878905,114.6428753080822,MeanRev
TSLA,2024-01-15,215.10000610351562,8.604000244140625,1,0,0,3,2024-02-05,193.57000732421875,-13.720205200195307,-22.32420544433593,-259.4630963607753,SL_Stock
TSLA,2024-02-12,192.11000061035156,7.684400024414063,1,0,0,9,2024-04-15,147.0500030517578,-17.508560424804685,-25.19296044921875,-327.8455099835815,SL_Stock
TSLA,2024-04-22,140.55999755859375,5.6223999023437505,1,0,0,1,2024-04-29,181.19000244140625,25.375162353515627,19.752762451171876,351.3226165740674,MeanRev
TSLA,2024-05-13,170.0,6.8,1,0,0,1,2024-05-20,179.24000549316406,10.740002746582032,3.9400027465820324,57.94121686150048,MeanRev
TSLA,2025-03-03,300.3399963378906,12.013599853515625,1,0,0,7,2025-04-21,284.95001220703125,-4.090912109375001,-16.104511962890626,-134.05234200619597,MeanRev
TSLA,2025-04-28,288.9800109863281,11.559200439453125,1,0,0,1,2025-05-05,298.260009765625,15.04327978515625,3.4840793457031243,30.14117943496755,MeanRev
TSLA,2025-05-12,321.989990234375,12.879599609375001,1,0,0,1,2025-05-19,339.3399963378906,20.266642700195312,7.3870430908203115,57.3546019663788,MeanRev
IBM,2023-03-06,117.62213043682442,4.7048852174729765,1,0,0,3,2023-03-27,118.93771362304688,3.9512112453423107,-0.7536739721306658,-16.018966187138332,MeanRev
IBM,2023-04-24,113.91128947727977,4.556451579091191,1,0,0,3,2023-05-15,117.03717041015625,4.7524565718020755,0.19600499271088445,4.301702526815367,MeanRev
IBM,2024-05-06,158.07182763693154,6.322873105477262,1,0,0,6,2024-06-17,165.35548400878906,6.170977428119663,-0.151895677357599,-2.4023205087892343,MeanRev
IBM,2025-08-25,241.2399079650033,9.649596318600132,1,0,0,2,2025-09-08,252.05029296875,13.124869556753449,3.475273238153317,36.01470075441949,MeanRev
TJX,2025-03-17,112.83565448806736,4.513426179522694,1,0,0,2,2025-03-31,121.02910614013672,7.707466769652834,3.1940405901301396,70.7675380760945,MeanRev
CME,2024-06-10,189.43383374898335,7.577353349959334,1,0,0,5,2024-07-15,190.31948852539062,4.231504063183307,-3.345849286776027,-44.155909487763076,MeanRev
PM,2023-03-27,81.65942729151494,3.2663770916605976,1,0,0,1,2023-04-03,88.22532653808594,6.222689005780034,2.9563119141194365,90.50736737246933,MeanRev
PM,2023-05-29,80.44780635423756,3.2179122541695024,1,0,0,2,2023-06-12,84.53701782226562,4.618935537349636,1.401023283180134,43.53826868227388,MeanRev
PM,2023-10-30,80.83808902119824,3.23352356084793,1,0,0,2,2023-11-13,84.17964172363281,4.257595199895628,1.0240716390476985,31.670455457549078,MeanRev
PM,2025-09-08,160.15508835604743,6.4062035342418975,1,0,0,9,2025-11-10,155.42999267578125,-1.7219274867088998,-8.128131020950796,-126.87906304420392,TimeStop
MSFT,2025-03-03,396.69336660084235,15.867734664033694,1,0,0,4,2025-03-31,357.92120361328125,-9.031949334709012,-24.899683998742706,-156.92021908572187,SL_Stock
MSFT,2025-04-07,349.0089910855667,13.960359643422668,1,0,0,2,2025-04-21,389.7605285644531,31.544056454181337,17.583696810758667,125.95446865183813,MeanRev
