symbol,entry_time,exit_time,entry_price,exit_price,qty,pnl,exit_reason,hold_weeks,entry_rsi,backtest_days
NVDA,2023-10-23 04:00:00+00:00,2023-10-30 04:00:00+00:00,412.26,449.96,12,452.4,MeanRev,1.0,43.7,1095
NVDA,2024-06-17 04:00:00+00:00,2024-11-04 05:00:00+00:00,132.87,147.69,37,548.34,MeanRev,20.0,29.1,1095
NVDA,2025-02-03 05:00:00+00:00,2025-02-10 05:00:00+00:00,114.75,138.8,43,1034.15,MeanRev,1.0,37.8,1095
NVDA,2025-03-03 05:00:00+00:00,2025-03-31 04:00:00+00:00,123.51,94.84,40,-1146.92,SL,3.9,41.2,1095
NVDA,2025-04-07 04:00:00+00:00,2025-04-28 04:00:00+00:00,87.53,114.44,57,1533.87,MeanRev,3.0,33.0,1095
NVDA,2025-05-05 04:00:00+00:00,2025-05-12 04:00:00+00:00,112.88,135.31,44,986.92,MeanRev,1.0,40.1,1095
MARA,2023-10-02 04:00:00+00:00,2023-11-06 05:00:00+00:00,9.2,9.61,100,41.0,MeanRev,5.0,38.2,1095
MARA,2023-11-13 05:00:00+00:00,2023-11-20 05:00:00+00:00,9.42,11.4,100,197.5,MeanRev,1.0,25.9,1095
MARA,2024-04-08 04:00:00+00:00,2024-05-13 04:00:00+00:00,19.39,19.44,100,5.5,MeanRev,5.0,43.7,1095
MARA,2024-06-10 04:00:00+00:00,2024-06-24 04:00:00+00:00,19.23,19.83,100,60.0,MeanRev,2.0,36.7,1095
MARA,2024-08-05 04:00:00+00:00,2024-09-23 04:00:00+00:00,13.93,17.28,100,335.0,MeanRev,7.0,44.8,1095
MARA,2024-10-07 04:00:00+00:00,2024-10-14 04:00:00+00:00,16.48,18.9,100,241.5,MeanRev,1.0,43.5,1095
MARA,2024-10-28 04:00:00+00:00,2024-11-04 05:00:00+00:00,17.76,19.24,100,147.5,MeanRev,1.0,35.9,1095
MARA,2025-02-24 05:00:00+00:00,2025-04-21 04:00:00+00:00,14.59,14.29,100,-29.5,MeanRev,7.9,37.7,1095
MARA,2025-04-28 04:00:00+00:00,2025-05-05 04:00:00+00:00,14.4,15.79,100,139.0,MeanRev,1.0,32.8,1095
AMD,2023-09-18 04:00:00+00:00,2023-10-02 04:00:00+00:00,100.81,107.23,49,314.34,MeanRev,2.0,30.8,1095
AMD,2023-10-23 04:00:00+00:00,2023-10-30 04:00:00+00:00,100.64,112.23,49,568.16,MeanRev,1.0,38.3,1095
AMD,2024-04-29 04:00:00+00:00,2024-05-13 04:00:00+00:00,159.26,164.46,31,161.2,MeanRev,2.0,42.8,1095
AMD,2024-06-17 04:00:00+00:00,2024-07-01 04:00:00+00:00,157.94,171.9,31,432.76,MeanRev,2.0,27.4,1095
AMD,2024-07-22 04:00:00+00:00,2024-08-19 04:00:00+00:00,154.33,154.94,32,19.52,MeanRev,4.0,44.8,1095
AMD,2024-09-09 04:00:00+00:00,2024-09-16 04:00:00+00:00,136.12,155.98,36,715.14,MeanRev,1.0,36.7,1095
AMD,2024-12-02 05:00:00+00:00,2025-02-03 05:00:00+00:00,137.85,112.01,36,-930.24,SL,9.0,42.0,1095
AMD,2025-02-10 05:00:00+00:00,2025-03-31 04:00:00+00:00,108.45,88.81,46,-903.67,SL,6.9,29.1,1095
AMD,2025-04-07 04:00:00+00:00,2025-05-05 04:00:00+00:00,80.0,102.81,62,1414.22,MeanRev,4.0,24.6,1095
SOXL,2023-09-25 04:00:00+00:00,2023-11-06 05:00:00+00:00,17.58,20.62,100,304.0,MeanRev,6.0,39.3,1095
SOXL,2024-08-05 04:00:00+00:00,2024-09-23 04:00:00+00:00,23.5,37.63,100,1413.0,MeanRev,7.0,43.1,1095
SOXL,2024-09-30 04:00:00+00:00,2024-10-07 04:00:00+00:00,36.24,38.67,100,243.0,MeanRev,1.0,37.8,1095
SOXL,2024-10-14 04:00:00+00:00,2025-01-13 05:00:00+00:00,39.44,32.48,100,-696.0,MeanRev,13.0,35.8,1095
SOXL,2025-02-03 05:00:00+00:00,2025-03-31 04:00:00+00:00,24.8,14.29,100,-1051.2,SL,7.9,39.8,1095
SOXL,2025-04-07 04:00:00+00:00,2025-05-12 04:00:00+00:00,7.87,18.4,100,1053.0,MeanRev,5.0,20.5,1095
SOXL,2025-05-19 04:00:00+00:00,2025-05-26 04:00:00+00:00,17.15,16.16,100,-99.0,MeanRev,1.0,38.4,1095
SOXL,2025-06-02 04:00:00+00:00,2025-06-09 04:00:00+00:00,16.05,20.04,100,399.5,MeanRev,1.0,32.0,1095
MSTR,2023-10-16 04:00:00+00:00,2023-10-23 04:00:00+00:00,340.22,406.29,14,924.98,MeanRev,1.0,40.3,1095
MSTR,2024-07-08 04:00:00+00:00,2024-07-15 04:00:00+00:00,1311.0,1780.38,3,1408.14,MeanRev,1.0,38.7,1095
MSTR,2024-08-12 04:00:00+00:00,2024-11-11 05:00:00+00:00,133.21,340.12,37,7655.86,MeanRev,13.0,33.2,1095
MSTR,2025-03-03 05:00:00+00:00,2025-04-14 04:00:00+00:00,292.99,317.32,17,413.61,MeanRev,5.9,28.5,1095
MSTR,2025-08-25 04:00:00+00:00,2025-09-29 04:00:00+00:00,346.34,351.85,14,77.14,MeanRev,5.0,41.9,1095
MSTR,2025-10-06 04:00:00+00:00,2025-10-13 04:00:00+00:00,362.95,282.32,13,-1048.14,SL,1.0,44.8,1095
MSTR,2025-10-20 04:00:00+00:00,2025-11-10 05:00:00+00:00,297.31,216.21,16,-1297.47,SL,3.0,27.3,1095
META,2025-04-07 04:00:00+00:00,2025-04-28 04:00:00+00:00,484.2,597.3,10,1130.95,MeanRev,3.0,37.3,1095
META,2025-11-03 05:00:00+00:00,2025-12-01 05:00:00+00:00,656.57,673.32,7,117.25,MeanRev,4.0,40.9,1095
AMZN,2023-10-23 04:00:00+00:00,2023-10-30 04:00:00+00:00,124.52,138.54,40,560.8,MeanRev,1.0,40.2,1095
AMZN,2024-08-05 04:00:00+00:00,2024-09-09 04:00:00+00:00,154.2,186.44,32,1031.68,MeanRev,5.0,42.2,1095
AMZN,2025-03-10 04:00:00+00:00,2025-03-31 04:00:00+00:00,195.61,169.94,25,-641.85,SL,3.0,44.9,1095
AMZN,2025-04-07 04:00:00+00:00,2025-05-05 04:00:00+00:00,161.84,193.04,30,936.0,MeanRev,4.0,21.0,1095
AMZN,2025-05-12 04:00:00+00:00,2025-05-19 04:00:00+00:00,210.62,201.08,23,-219.3,MeanRev,1.0,30.1,1095
DELL,2024-08-05 04:00:00+00:00,2024-09-09 04:00:00+00:00,90.81,114.36,55,1295.52,MeanRev,5.0,41.1,1095
DELL,2024-09-16 04:00:00+00:00,2024-09-23 04:00:00+00:00,112.38,120.28,44,347.6,MeanRev,1.0,43.6,1095
DELL,2025-01-20 05:00:00+00:00,2025-02-10 05:00:00+00:00,110.38,114.36,45,178.88,MeanRev,3.0,37.9,1095
DELL,2025-02-17 05:00:00+00:00,2025-03-03 05:00:00+00:00,116.42,96.48,42,-837.27,SL,2.0,38.0,1095
DELL,2025-03-10 04:00:00+00:00,2025-04-21 04:00:00+00:00,89.29,94.92,55,309.38,MeanRev,6.0,27.7,1095
DELL,2025-04-28 04:00:00+00:00,2025-05-05 04:00:00+00:00,94.4,95.98,52,82.42,MeanRev,1.0,43.3,1095
DELL,2025-11-24 05:00:00+00:00,2025-12-01 05:00:00+00:00,124.28,138.96,40,587.4,MeanRev,1.0,42.2,1095
VRT,2024-08-05 04:00:00+00:00,2024-08-26 04:00:00+00:00,62.4,83.0,80,1648.0,MeanRev,3.0,32.4,1095
VRT,2024-09-09 04:00:00+00:00,2024-09-16 04:00:00+00:00,72.84,94.62,68,1480.7,MeanRev,1.0,31.9,1095
VRT,2025-02-17 05:00:00+00:00,2025-03-24 04:00:00+00:00,111.02,73.68,45,-1680.25,SL,4.9,43.6,1095
VRT,2025-03-31 04:00:00+00:00,2025-04-21 04:00:00+00:00,70.08,87.11,71,1208.78,MeanRev,3.0,31.5,1095
VRT,2025-04-28 04:00:00+00:00,2025-05-05 04:00:00+00:00,86.64,94.07,57,423.51,MeanRev,1.0,32.6,1095
VRT,2025-05-12 04:00:00+00:00,2025-05-19 04:00:00+00:00,101.23,104.12,49,141.36,MeanRev,1.0,39.5,1095
SMH,2023-05-08 04:00:00+00:00,2023-07-24 04:00:00+00:00,124.28,160.51,40,1449.2,MeanRev,11.0,21.1,1095
SMH,2023-07-31 04:00:00+00:00,2023-08-28 04:00:00+00:00,160.62,156.11,31,-139.81,MeanRev,4.0,26.9,1095
SMH,2023-10-23 04:00:00+00:00,2023-10-30 04:00:00+00:00,141.22,149.51,35,290.15,MeanRev,1.0,38.0,1095
SMH,2024-09-09 04:00:00+00:00,2024-09-23 04:00:00+00:00,218.66,247.64,22,637.56,MeanRev,2.0,42.4,1095
SMH,2025-03-03 05:00:00+00:00,2025-03-31 04:00:00+00:00,235.27,203.67,21,-663.66,SL,3.9,43.5,1095
SMH,2025-04-07 04:00:00+00:00,2025-04-28 04:00:00+00:00,173.5,219.2,28,1279.46,MeanRev,3.0,22.8,1095
SMH,2025-05-05 04:00:00+00:00,2025-05-12 04:00:00+00:00,216.9,246.53,23,681.49,MeanRev,1.0,36.5,1095
AVGO,2024-07-22 04:00:00+00:00,2024-12-09 05:00:00+00:00,160.24,224.83,31,2002.44,MeanRev,20.0,28.3,1095
AVGO,2025-03-24 04:00:00+00:00,2025-03-31 04:00:00+00:00,194.59,151.26,25,-1083.3,SL,1.0,38.0,1095
AVGO,2025-04-07 04:00:00+00:00,2025-04-21 04:00:00+00:00,144.49,192.24,34,1623.67,MeanRev,2.0,20.1,1095
AVGO,2025-04-28 04:00:00+00:00,2025-05-05 04:00:00+00:00,190.63,208.09,26,453.96,MeanRev,1.0,38.5,1095
APP,2024-08-05 04:00:00+00:00,2024-08-12 04:00:00+00:00,61.93,86.31,80,1950.4,MeanRev,1.0,44.9,1095
APP,2025-03-10 04:00:00+00:00,2025-04-28 04:00:00+00:00,246.04,307.4,20,1227.2,MeanRev,7.0,44.9,1095
CRWD,2024-08-05 04:00:00+00:00,2024-09-16 04:00:00+00:00,201.53,299.82,24,2358.84,MeanRev,6.0,37.4,1095
CRWD,2024-09-30 04:00:00+00:00,2024-10-07 04:00:00+00:00,283.95,320.22,17,616.59,MeanRev,1.0,36.0,1095
CRWD,2025-04-07 04:00:00+00:00,2025-04-14 04:00:00+00:00,300.15,375.47,16,1205.12,MeanRev,1.0,44.5,1095
CRWD,2025-08-25 04:00:00+00:00,2025-09-15 04:00:00+00:00,425.5,502.34,11,845.24,MeanRev,3.0,45.0,1095
PLTR,2023-09-25 04:00:00+00:00,2023-10-02 04:00:00+00:00,14.0,16.62,100,262.0,MeanRev,1.0,41.2,1095
PLTR,2025-11-24 05:00:00+00:00,2025-12-01 05:00:00+00:00,157.47,181.74,31,752.22,MeanRev,1.0,41.8,1095
ARM,2025-03-17 04:00:00+00:00,2025-04-07 04:00:00+00:00,118.9,81.53,42,-1569.41,SL,3.0,40.3,1095
ARM,2025-04-14 04:00:00+00:00,2025-04-28 04:00:00+00:00,108.21,123.28,46,693.22,MeanRev,2.0,34.7,1095
ARM,2025-05-05 04:00:00+00:00,2025-05-12 04:00:00+00:00,121.2,136.06,41,609.06,MeanRev,1.0,34.3,1095
MSFT,2025-03-03 05:00:00+00:00,2025-03-31 04:00:00+00:00,398.24,361.0,12,-446.81,SL,3.9,42.4,1095
MSFT,2025-04-07 04:00:00+00:00,2025-04-21 04:00:00+00:00,350.36,391.81,14,580.3,MeanRev,2.0,22.0,1095
GOOGL,2024-09-02 04:00:00+00:00,2024-09-23 04:00:00+00:00,161.71,163.9,30,65.7,MeanRev,3.0,39.0,1095
GOOGL,2025-03-17 04:00:00+00:00,2025-04-07 04:00:00+00:00,165.26,141.87,30,-701.82,SL,3.0,44.0,1095
GOOGL,2025-04-14 04:00:00+00:00,2025-04-28 04:00:00+00:00,160.05,164.02,31,123.07,MeanRev,2.0,30.4,1095
GOOGL,2025-05-05 04:00:00+00:00,2025-05-12 04:00:00+00:00,163.0,166.21,30,96.3,MeanRev,1.0,31.7,1095
NFLX,2023-09-25 04:00:00+00:00,2023-10-16 04:00:00+00:00,382.99,400.94,13,233.35,MeanRev,3.0,35.7,1095
NFLX,2025-10-06 04:00:00+00:00,2025-11-17 05:00:00+00:00,1160.3,1040.44,4,-479.42,SL,6.0,32.5,1095
ADBE,2023-05-15 04:00:00+00:00,2023-05-22 04:00:00+00:00,337.07,415.57,14,1099.0,MeanRev,1.0,39.2,1095
ADBE,2024-02-19 05:00:00+00:00,2024-05-27 04:00:00+00:00,530.53,458.84,9,-645.29,SL,13.9,40.3,1095
ADBE,2024-06-03 04:00:00+00:00,2024-06-10 04:00:00+00:00,448.08,525.37,11,850.14,MeanRev,1.0,24.3,1095
ADBE,2024-10-14 04:00:00+00:00,2024-11-18 05:00:00+00:00,501.5,512.15,9,95.85,MeanRev,5.0,26.8,1095
ADBE,2024-12-16 05:00:00+00:00,2025-02-10 05:00:00+00:00,467.06,460.16,10,-69.05,MeanRev,8.0,29.4,1095
ADBE,2025-02-24 05:00:00+00:00,2025-03-03 05:00:00+00:00,445.25,449.54,11,47.08,MeanRev,1.0,39.3,1095
ADBE,2025-03-17 04:00:00+00:00,2025-04-07 04:00:00+00:00,394.12,340.81,12,-639.71,SL,3.0,23.4,1095
ADBE,2025-04-14 04:00:00+00:00,2025-05-12 04:00:00+00:00,361.19,417.2,13,728.06,MeanRev,4.0,32.4,1095
ADBE,2025-08-04 04:00:00+00:00,2025-09-15 04:00:00+00:00,350.4,365.92,14,217.28,MeanRev,6.0,44.1,1095
ADBE,2025-10-06 04:00:00+00:00,2025-10-20 04:00:00+00:00,347.57,353.41,14,81.76,MeanRev,2.0,35.0,1095
ADBE,2025-11-10 05:00:00+00:00,2025-12-01 05:00:00+00:00,328.39,346.3,15,268.73,MeanRev,3.0,42.4,1095
INTC,2024-04-08 04:00:00+00:00,2024-04-22 04:00:00+00:00,38.62,32.4,100,-622.1,SL,2.0,22.6,1095
INTC,2024-04-29 04:00:00+00:00,2024-07-08 04:00:00+00:00,31.82,34.48,100,265.5,MeanRev,10.0,15.2,1095
INTC,2024-07-29 04:00:00+00:00,2024-08-05 04:00:00+00:00,31.39,27.25,100,-414.6,SL,1.0,40.9,1095
INTC,2024-08-12 04:00:00+00:00,2024-09-23 04:00:00+00:00,19.87,23.9,100,403.0,MeanRev,6.0,26.5,1095
INTC,2024-09-30 04:00:00+00:00,2024-10-07 04:00:00+00:00,23.73,23.57,100,-16.0,MeanRev,1.0,37.9,1095
INTC,2024-10-14 04:00:00+00:00,2024-10-28 04:00:00+00:00,23.57,23.2,100,-37.5,MeanRev,2.0,36.3,1095
INTC,2024-11-04 05:00:00+00:00,2024-11-11 05:00:00+00:00,22.93,24.35,100,142.5,MeanRev,1.0,34.6,1095
INTC,2025-01-06 05:00:00+00:00,2025-01-13 05:00:00+00:00,20.82,21.49,100,66.5,MeanRev,1.0,38.7,1095
INTC,2025-01-27 05:00:00+00:00,2025-02-10 05:00:00+00:00,20.8,23.59,100,279.0,MeanRev,2.0,44.0,1095
INTC,2025-03-10 04:00:00+00:00,2025-03-17 04:00:00+00:00,20.22,24.25,100,403.0,MeanRev,1.0,42.1,1095
INTC,2025-05-26 04:00:00+00:00,2025-06-16 04:00:00+00:00,20.44,21.07,100,63.0,MeanRev,3.0,40.6,1095
QCOM,2023-05-08 04:00:00+00:00,2023-05-29 04:00:00+00:00,108.26,115.61,46,338.1,MeanRev,3.0,26.7,1095
QCOM,2023-09-11 04:00:00+00:00,2023-10-30 04:00:00+00:00,111.28,119.58,44,365.2,MeanRev,7.0,43.5,1095
QCOM,2024-08-12 04:00:00+00:00,2024-11-04 05:00:00+00:00,160.82,170.94,31,313.57,MeanRev,12.0,43.8,1095
QCOM,2024-11-25 05:00:00+00:00,2025-01-13 05:00:00+00:00,158.94,164.58,31,175.0,MeanRev,7.0,37.3,1095
QCOM,2025-04-07 04:00:00+00:00,2025-05-12 04:00:00+00:00,124.15,152.52,40,1135.0,MeanRev,5.0,31.3,1095
QCOM,2025-05-26 04:00:00+00:00,2025-06-02 04:00:00+00:00,147.23,149.23,33,66.0,MeanRev,1.0,37.6,1095
TXN,2023-05-15 04:00:00+00:00,2023-05-22 04:00:00+00:00,161.52,176.28,30,442.8,MeanRev,1.0,34.1,1095
TXN,2023-09-18 04:00:00+00:00,2023-10-23 04:00:00+00:00,161.89,145.79,30,-483.03,SL,5.0,44.4,1095
TXN,2023-10-30 04:00:00+00:00,2023-11-13 05:00:00+00:00,140.93,154.62,35,478.98,MeanRev,2.0,7.3,1095
TXN,2023-11-20 05:00:00+00:00,2023-11-27 05:00:00+00:00,154.09,155.24,32,36.48,MeanRev,1.0,37.7,1095
TXN,2024-12-23 05:00:00+00:00,2025-02-17 05:00:00+00:00,187.02,201.99,26,389.22,MeanRev,8.0,42.9,1095
TXN,2025-03-17 04:00:00+00:00,2025-04-07 04:00:00+00:00,176.01,150.35,28,-718.51,SL,3.0,38.7,1095
TXN,2025-04-14 04:00:00+00:00,2025-05-05 04:00:00+00:00,150.93,172.28,33,704.71,MeanRev,3.0,27.8,1095
TXN,2025-09-22 04:00:00+00:00,2025-12-01 05:00:00+00:00,179.63,182.66,27,81.68,MeanRev,10.0,43.4,1095
MU,2024-08-05 04:00:00+00:00,2024-09-23 04:00:00+00:00,87.39,107.5,57,1145.99,MeanRev,7.0,37.5,1095
MU,2024-09-30 04:00:00+00:00,2024-10-07 04:00:00+00:00,106.08,106.87,47,37.13,MeanRev,1.0,35.4,1095
MU,2025-01-06 05:00:00+00:00,2025-01-13 05:00:00+00:00,95.56,105.8,52,532.22,MeanRev,1.0,39.5,1095
MU,2025-02-03 05:00:00+00:00,2025-02-10 05:00:00+00:00,88.65,99.52,56,609.0,MeanRev,1.0,41.4,1095
MU,2025-03-03 05:00:00+00:00,2025-03-10 04:00:00+00:00,95.81,100.73,52,256.1,MeanRev,0.9,43.5,1095
MU,2025-04-07 04:00:00+00:00,2025-05-05 04:00:00+00:00,63.93,85.88,78,1711.71,MeanRev,4.0,36.8,1095
TSM,2023-05-15 04:00:00+00:00,2023-05-22 04:00:00+00:00,83.31,103.2,60,1192.8,MeanRev,1.0,30.8,1095
TSM,2023-09-11 04:00:00+00:00,2023-10-16 04:00:00+00:00,90.17,91.3,55,62.15,MeanRev,5.0,38.9,1095
TSM,2023-10-30 04:00:00+00:00,2023-11-06 05:00:00+00:00,87.37,97.45,57,574.56,MeanRev,1.0,33.3,1095
TSM,2025-03-17 04:00:00+00:00,2025-04-07 04:00:00+00:00,173.95,138.88,28,-982.1,SL,3.0,31.6,1095
TSM,2025-04-14 04:00:00+00:00,2025-04-28 04:00:00+00:00,158.3,179.28,31,650.53,MeanRev,2.0,25.3,1095
TSM,2025-05-12 04:00:00+00:00,2025-05-19 04:00:00+00:00,187.29,192.02,26,122.85,MeanRev,1.0,35.7,1095
WDC,2023-05-01 04:00:00+00:00,2023-05-15 04:00:00+00:00,34.49,38.33,100,383.5,MeanRev,2.0,41.9,1095
WDC,2024-08-05 04:00:00+00:00,2024-09-16 04:00:00+00:00,54.13,66.86,92,1170.7,MeanRev,6.0,30.0,1095
WDC,2024-10-14 04:00:00+00:00,2024-10-21 04:00:00+00:00,65.59,69.46,76,294.12,MeanRev,1.0,37.5,1095
WDC,2024-12-30 05:00:00+00:00,2025-01-13 05:00:00+00:00,59.05,65.06,84,504.84,MeanRev,2.0,43.7,1095
WDC,2025-03-03 05:00:00+00:00,2025-03-31 04:00:00+00:00,49.32,36.5,100,-1281.6,SL,3.9,34.4,1095
WDC,2025-04-07 04:00:00+00:00,2025-04-28 04:00:00+00:00,29.34,44.69,100,1535.0,MeanRev,3.0,25.0,1095
WDC,2025-05-05 04:00:00+00:00,2025-05-12 04:00:00+00:00,44.27,50.0,100,573.5,MeanRev,1.0,32.6,1095
NET,2023-05-08 04:00:00+00:00,2023-05-15 04:00:00+00:00,45.03,57.99,100,1295.5,MeanRev,1.0,43.1,1095
NET,2023-09-25 04:00:00+00:00,2023-10-02 04:00:00+00:00,57.17,62.56,87,468.49,MeanRev,1.0,37.1,1095
NET,2023-10-23 04:00:00+00:00,2023-10-30 04:00:00+00:00,58.62,64.45,85,495.55,MeanRev,1.0,39.3,1095
NET,2024-05-13 04:00:00+00:00,2024-06-17 04:00:00+00:00,72.44,78.03,69,385.71,MeanRev,5.0,43.5,1095
NET,2024-06-24 04:00:00+00:00,2024-07-01 04:00:00+00:00,77.28,86.98,64,620.8,MeanRev,1.0,38.5,1095
NET,2024-07-22 04:00:00+00:00,2024-08-12 04:00:00+00:00,79.39,82.41,62,187.55,MeanRev,3.0,38.9,1095
GS,2023-05-15 04:00:00+00:00,2023-05-22 04:00:00+00:00,320.35,331.91,15,173.47,MeanRev,1.0,32.3,1095
GS,2023-10-23 04:00:00+00:00,2023-10-30 04:00:00+00:00,298.68,327.84,16,466.56,MeanRev,1.0,39.9,1095
GS,2025-03-10 04:00:00+00:00,2025-03-31 04:00:00+00:00,543.0,460.82,9,-739.65,SL,3.0,40.9,1095
GS,2025-04-07 04:00:00+00:00,2025-04-21 04:00:00+00:00,447.0,545.6,11,1084.6,MeanRev,2.0,35.4,1095
GS,2025-04-28 04:00:00+00:00,2025-05-05 04:00:00+00:00,545.5,567.04,9,193.9,MeanRev,1.0,38.4,1095
FSLR,2023-07-10 04:00:00+00:00,2023-07-17 04:00:00+00:00,187.53,197.87,26,268.84,MeanRev,1.0,42.2,1095
FSLR,2023-08-21 04:00:00+00:00,2023-10-02 04:00:00+00:00,181.97,142.97,27,-1053.11,SL,6.0,31.0,1095
FSLR,2023-10-09 04:00:00+00:00,2023-11-13 05:00:00+00:00,144.53,154.99,34,355.47,MeanRev,5.0,32.6,1095
FSLR,2023-11-20 05:00:00+00:00,2023-11-27 05:00:00+00:00,155.16,160.34,32,165.76,MeanRev,1.0,31.1,1095
FSLR,2023-12-04 05:00:00+00:00,2023-12-11 05:00:00+00:00,160.81,168.61,31,241.8,MeanRev,1.0,42.3,1095
FSLR,2024-02-26 05:00:00+00:00,2024-03-04 05:00:00+00:00,142.25,161.35,35,668.5,MeanRev,1.0,44.6,1095
FSLR,2024-09-09 04:00:00+00:00,2024-09-16 04:00:00+00:00,209.63,240.23,23,703.8,MeanRev,1.0,29.7,1095
FSLR,2024-10-21 04:00:00+00:00,2025-01-13 05:00:00+00:00,198.26,192.94,25,-133.0,MeanRev,12.0,41.2,1095
FSLR,2025-01-20 05:00:00+00:00,2025-01-27 05:00:00+00:00,190.76,158.93,26,-827.5,SL,1.0,39.7,1095
FSLR,2025-02-03 05:00:00+00:00,2025-03-03 05:00:00+00:00,163.3,131.12,30,-965.49,SL,4.0,34.9,1095
FSLR,2025-03-10 04:00:00+00:00,2025-04-21 04:00:00+00:00,137.49,141.85,36,157.14,MeanRev,6.0,19.8,1095
FSLR,2025-04-28 04:00:00+00:00,2025-05-05 04:00:00+00:00,143.65,140.67,34,-101.15,MeanRev,1.0,22.6,1095
FSLR,2025-05-12 04:00:00+00:00,2025-05-19 04:00:00+00:00,149.24,158.36,33,301.12,MeanRev,1.0,35.0,1095
UAL,2023-09-18 04:00:00+00:00,2023-10-09 04:00:00+00:00,45.27,38.58,100,-668.6,SL,3.0,41.1,1095
UAL,2023-10-16 04:00:00+00:00,2023-10-23 04:00:00+00:00,39.05,33.75,100,-529.9,SL,1.0,19.0,1095
UAL,2023-10-30 04:00:00+00:00,2023-11-27 05:00:00+00:00,34.27,40.22,100,594.5,MeanRev,4.0,3.1,1095
UAL,2023-12-04 05:00:00+00:00,2023-12-11 05:00:00+00:00,40.11,43.58,100,347.0,MeanRev,1.0,31.0,1095
UAL,2024-08-05 04:00:00+00:00,2024-09-02 04:00:00+00:00,37.12,46.05,100,893.0,MeanRev,4.0,28.4,1095
UAL,2025-03-10 04:00:00+00:00,2025-03-31 04:00:00+00:00,80.17,57.31,62,-1417.13,SL,3.0,38.7,1095
UAL,2025-04-07 04:00:00+00:00,2025-05-05 04:00:00+00:00,54.59,77.27,91,2063.88,MeanRev,4.0,22.3,1095
UAL,2025-05-12 04:00:00+00:00,2025-05-26 04:00:00+00:00,82.83,79.48,60,-200.7,MeanRev,2.0,31.3,1095
UAL,2025-06-16 04:00:00+00:00,2025-06-23 04:00:00+00:00,75.24,79.16,66,258.72,MeanRev,1.0,43.8,1095
EBAY,2023-10-16 04:00:00+00:00,2023-10-23 04:00:00+00:00,42.25,38.15,100,-409.7,SL,1.0,44.4,1095
EBAY,2023-10-30 04:00:00+00:00,2023-11-20 05:00:00+00:00,38.43,41.45,100,302.0,MeanRev,3.0,26.1,1095
MS,2023-05-08 04:00:00+00:00,2023-06-05 04:00:00+00:00,85.41,86.2,58,45.82,MeanRev,4.0,35.7,1095
MS,2023-10-09 04:00:00+00:00,2023-10-23 04:00:00+00:00,79.69,72.26,62,-460.85,SL,2.0,43.4,1095
MS,2023-10-30 04:00:00+00:00,2023-11-13 05:00:00+00:00,70.12,80.31,71,723.49,MeanRev,2.0,16.8,1095
MS,2025-03-10 04:00:00+00:00,2025-03-31 04:00:00+00:00,116.25,99.35,43,-726.74,SL,3.0,38.8,1095
MS,2025-04-07 04:00:00+00:00,2025-04-28 04:00:00+00:00,96.72,120.5,51,1213.03,MeanRev,3.0,31.6,1095
C,2023-05-15 04:00:00+00:00,2023-06-05 04:00:00+00:00,45.69,48.3,100,261.0,MeanRev,3.0,40.0,1095
C,2023-08-21 04:00:00+00:00,2023-10-23 04:00:00+00:00,42.59,38.28,100,-430.9,SL,9.0,39.0,1095
C,2023-10-30 04:00:00+00:00,2023-11-06 05:00:00+00:00,38.55,42.11,100,356.0,MeanRev,1.0,23.6,1095
C,2024-08-05 04:00:00+00:00,2024-08-19 04:00:00+00:00,53.96,62.14,92,752.56,MeanRev,2.0,40.6,1095
C,2024-09-16 04:00:00+00:00,2024-09-23 04:00:00+00:00,58.16,61.88,85,315.78,MeanRev,1.0,42.0,1095
C,2025-04-07 04:00:00+00:00,2025-04-21 04:00:00+00:00,56.31,68.45,88,1068.32,MeanRev,2.0,36.3,1095
C,2025-04-28 04:00:00+00:00,2025-05-05 04:00:00+00:00,68.63,71.42,72,200.88,MeanRev,1.0,38.1,1095
SHOP,2023-08-14 04:00:00+00:00,2023-08-28 04:00:00+00:00,54.49,66.69,91,1110.65,MeanRev,2.0,40.5,1095
SHOP,2023-09-25 04:00:00+00:00,2023-10-30 04:00:00+00:00,52.8,61.53,94,820.62,MeanRev,5.0,39.4,1095
SHOP,2024-04-22 04:00:00+00:00,2024-04-29 04:00:00+00:00,70.09,74.45,71,309.56,MeanRev,1.0,35.0,1095
SHOP,2024-05-13 04:00:00+00:00,2024-06-10 04:00:00+00:00,58.98,67.67,84,729.96,MeanRev,4.0,28.1,1095
SHOP,2024-06-17 04:00:00+00:00,2024-06-24 04:00:00+00:00,67.22,66.08,74,-84.36,MeanRev,1.0,40.5,1095
SHOP,2024-07-01 04:00:00+00:00,2024-07-29 04:00:00+00:00,65.95,54.42,75,-864.53,SL,4.0,36.2,1095
SHOP,2024-08-05 04:00:00+00:00,2024-08-12 04:00:00+00:00,49.09,75.19,100,2609.25,TP,1.0,33.1,1095
SHOP,2025-03-10 04:00:00+00:00,2025-03-31 04:00:00+00:00,96.07,71.74,52,-1265.16,SL,3.0,39.4,1095
SHOP,2025-04-07 04:00:00+00:00,2025-04-21 04:00:00+00:00,70.4,97.16,71,1899.96,MeanRev,2.0,34.7,1095
SHOP,2025-05-12 04:00:00+00:00,2025-05-19 04:00:00+00:00,104.02,101.5,48,-121.2,MeanRev,1.0,38.8,1095
PINS,2023-05-01 04:00:00+00:00,2023-06-12 04:00:00+00:00,23.03,25.36,100,233.0,MeanRev,6.0,40.3,1095
PINS,2023-10-30 04:00:00+00:00,2023-11-06 05:00:00+00:00,24.71,31.06,100,634.5,MeanRev,1.0,36.3,1095
PINS,2024-04-15 04:00:00+00:00,2024-04-29 04:00:00+00:00,33.38,40.39,100,701.0,MeanRev,2.0,41.4,1095
PINS,2024-08-05 04:00:00+00:00,2024-09-23 04:00:00+00:00,27.11,32.49,100,538.0,MeanRev,7.0,41.6,1095
PINS,2024-09-30 04:00:00+00:00,2024-10-07 04:00:00+00:00,32.53,34.15,100,161.5,MeanRev,1.0,28.7,1095
PINS,2024-10-14 04:00:00+00:00,2024-11-04 05:00:00+00:00,34.2,29.81,100,-438.3,SL,3.0,32.5,1095
PINS,2025-04-07 04:00:00+00:00,2025-05-05 04:00:00+00:00,23.99,29.22,100,523.0,MeanRev,4.0,42.8,1095
PINS,2025-05-12 04:00:00+00:00,2025-05-19 04:00:00+00:00,32.23,30.87,100,-136.0,MeanRev,1.0,43.3,1095
PINS,2025-10-06 04:00:00+00:00,2025-10-20 04:00:00+00:00,32.16,33.98,100,181.5,MeanRev,2.0,37.9,1095
PINS,2025-11-03 05:00:00+00:00,2025-11-10 05:00:00+00:00,33.28,27.62,100,-565.8,SL,1.0,37.7,1095
UBER,2023-10-30 04:00:00+00:00,2023-11-06 05:00:00+00:00,42.22,51.58,100,935.5,MeanRev,1.0,35.1,1095
UBER,2024-05-20 04:00:00+00:00,2024-06-03 04:00:00+00:00,65.52,69.3,76,287.28,MeanRev,2.0,42.5,1095
UBER,2024-07-22 04:00:00+00:00,2024-07-29 04:00:00+00:00,67.66,58.51,73,-667.73,SL,1.0,35.8,1095
UBER,2024-08-05 04:00:00+00:00,2024-08-12 04:00:00+00:00,55.16,72.02,90,1516.95,MeanRev,1.0,33.3,1095
UBER,2024-12-09 05:00:00+00:00,2025-01-13 05:00:00+00:00,65.54,67.32,76,135.28,MeanRev,5.0,42.7,1095
UBER,2025-02-03 05:00:00+00:00,2025-02-10 05:00:00+00:00,65.29,79.42,76,1073.88,MeanRev,1.0,33.0,1095
UBER,2025-11-24 05:00:00+00:00,2025-12-01 05:00:00+00:00,84.19,91.32,59,420.38,MeanRev,1.0,39.2,1095
BURL,2023-05-01 04:00:00+00:00,2023-05-22 04:00:00+00:00,193.03,165.71,25,-682.98,SL,3.0,26.4,1095
BURL,2023-05-29 04:00:00+00:00,2023-07-10 04:00:00+00:00,159.82,167.22,31,229.4,MeanRev,6.0,5.3,1095
BURL,2023-07-17 04:00:00+00:00,2023-07-24 04:00:00+00:00,168.34,177.56,29,267.38,MeanRev,1.0,33.6,1095
BURL,2023-08-28 04:00:00+00:00,2023-09-25 04:00:00+00:00,155.19,130.57,32,-787.84,SL,4.0,43.4,1095
BURL,2023-10-02 04:00:00+00:00,2023-11-13 05:00:00+00:00,133.56,136.01,37,90.65,MeanRev,6.0,39.1,1095
BURL,2023-11-20 05:00:00+00:00,2023-11-27 05:00:00+00:00,135.05,174.1,37,1444.85,MeanRev,1.0,38.3,1095
BURL,2024-04-22 04:00:00+00:00,2024-05-20 04:00:00+00:00,179.05,200.18,27,570.51,MeanRev,4.0,43.5,1095
BURL,2025-02-17 05:00:00+00:00,2025-04-21 04:00:00+00:00,244.81,213.24,20,-631.34,SL,8.9,41.1,1095
BURL,2025-04-28 04:00:00+00:00,2025-05-05 04:00:00+00:00,225.02,239.46,22,317.68,MeanRev,1.0,25.0,1095
BURL,2025-05-12 04:00:00+00:00,2025-06-02 04:00:00+00:00,251.26,246.22,19,-95.85,MeanRev,3.0,34.4,1095
ZS,2023-05-01 04:00:00+00:00,2023-05-08 04:00:00+00:00,89.27,114.31,56,1402.24,MeanRev,1.0,34.9,1095
ZS,2024-03-25 04:00:00+00:00,2024-06-03 04:00:00+00:00,193.96,181.08,25,-322.0,MeanRev,10.0,38.8,1095
ZS,2024-06-10 04:00:00+00:00,2024-06-24 04:00:00+00:00,181.37,192.15,27,291.06,MeanRev,2.0,28.0,1095
IBM,2023-05-01 04:00:00+00:00,2023-05-15 04:00:00+00:00,126.45,127.26,39,31.59,MeanRev,2.0,29.4,1095
IBM,2024-05-06 04:00:00+00:00,2024-06-17 04:00:00+00:00,166.5,172.28,30,173.4,MeanRev,6.0,26.3,1095
IBM,2025-08-25 04:00:00+00:00,2025-09-08 04:00:00+00:00,242.0,253.44,20,228.9,MeanRev,2.0,37.6,1095
AAL,2023-05-01 04:00:00+00:00,2023-05-15 04:00:00+00:00,13.61,14.82,100,121.5,MeanRev,2.0,35.7,1095
AAL,2023-09-11 04:00:00+00:00,2023-10-09 04:00:00+00:00,14.04,12.06,100,-198.4,SL,4.0,44.6,1095
AAL,2023-10-16 04:00:00+00:00,2023-11-27 05:00:00+00:00,11.82,13.04,100,121.5,MeanRev,6.0,1.5,1095
AAL,2024-06-03 04:00:00+00:00,2024-09-02 04:00:00+00:00,11.65,10.82,100,-83.5,MeanRev,13.0,33.7,1095
AAL,2024-09-09 04:00:00+00:00,2024-09-16 04:00:00+00:00,10.89,11.0,100,11.0,MeanRev,1.0,40.0,1095
AAL,2025-03-10 04:00:00+00:00,2025-03-31 04:00:00+00:00,12.73,9.71,100,-301.5,SL,3.0,43.5,1095
AAL,2025-04-07 04:00:00+00:00,2025-05-12 04:00:00+00:00,9.01,11.87,100,286.5,MeanRev,5.0,17.6,1095
AAL,2025-05-19 04:00:00+00:00,2025-05-26 04:00:00+00:00,11.66,11.41,100,-25.5,MeanRev,1.0,27.0,1095
AAL,2025-06-02 04:00:00+00:00,2025-06-23 04:00:00+00:00,11.33,11.28,100,-5.0,MeanRev,3.0,31.8,1095
EQT,2023-11-13 05:00:00+00:00,2024-02-12 05:00:00+00:00,39.59,32.65,100,-694.3,SL,13.0,44.8,1095
EQT,2024-02-19 05:00:00+00:00,2024-02-26 05:00:00+00:00,34.58,37.02,100,244.5,MeanRev,1.0,33.6,1095
EQT,2024-03-18 04:00:00+00:00,2024-03-25 04:00:00+00:00,33.73,37.07,100,334.0,MeanRev,1.0,37.7,1095
EQT,2024-07-29 04:00:00+00:00,2024-08-05 04:00:00+00:00,34.4,30.08,100,-431.9,SL,1.0,43.7,1095
EQT,2024-08-12 04:00:00+00:00,2024-09-16 04:00:00+00:00,31.37,34.83,100,346.0,MeanRev,5.0,23.5,1095
EQT,2025-09-08 04:00:00+00:00,2025-09-22 04:00:00+00:00,52.27,54.1,95,173.85,MeanRev,2.0,43.2,1095
MPWR,2023-05-15 04:00:00+00:00,2023-05-22 04:00:00+00:00,399.48,520.76,12,1455.36,MeanRev,1.0,38.5,1095
MPWR,2023-09-18 04:00:00+00:00,2023-10-30 04:00:00+00:00,459.46,493.11,10,336.5,MeanRev,6.0,44.8,1095
MPWR,2024-11-18 05:00:00+00:00,2025-01-20 05:00:00+00:00,570.11,677.8,8,861.48,MeanRev,9.0,34.4,1095
MPWR,2025-01-27 05:00:00+00:00,2025-02-03 05:00:00+00:00,648.37,720.58,7,505.51,MeanRev,1.0,29.0,1095
MPWR,2025-04-07 04:00:00+00:00,2025-04-21 04:00:00+00:00,457.86,583.66,10,1258.0,MeanRev,2.0,36.6,1095
MDB,2023-09-25 04:00:00+00:00,2023-11-06 05:00:00+00:00,332.29,377.03,15,671.1,MeanRev,6.0,40.6,1095
MDB,2024-03-11 04:00:00+00:00,2024-04-22 04:00:00+00:00,379.88,384.04,13,54.15,MeanRev,6.0,43.8,1095
MDB,2024-05-13 04:00:00+00:00,2024-05-27 04:00:00+00:00,355.29,291.22,14,-896.87,SL,2.0,37.9,1095
MDB,2024-06-03 04:00:00+00:00,2024-08-26 04:00:00+00:00,241.97,290.93,20,979.3,MeanRev,12.0,21.5,1095
MDB,2024-12-23 05:00:00+00:00,2025-01-27 05:00:00+00:00,242.12,273.52,20,628.0,MeanRev,5.0,42.3,1095
MDB,2025-03-10 04:00:00+00:00,2025-05-12 04:00:00+00:00,182.28,191.4,27,246.38,MeanRev,9.0,26.0,1095
MDB,2025-05-19 04:00:00+00:00,2025-05-26 04:00:00+00:00,187.95,188.72,26,20.02,MeanRev,1.0,29.1,1095
MDB,2025-06-02 04:00:00+00:00,2025-06-09 04:00:00+00:00,190.34,205.66,26,398.32,MeanRev,1.0,27.5,1095
AMAT,2023-10-23 04:00:00+00:00,2023-10-30 04:00:00+00:00,133.01,139.74,37,249.01,MeanRev,1.0,44.7,1095
AMAT,2024-08-05 04:00:00+00:00,2024-09-23 04:00:00+00:00,174.62,204.92,28,848.4,MeanRev,7.0,40.8,1095
AMAT,2024-10-21 04:00:00+00:00,2025-01-13 05:00:00+00:00,186.25,192.0,26,149.24,MeanRev,12.0,33.8,1095
AMAT,2025-02-17 05:00:00+00:00,2025-03-10 04:00:00+00:00,171.59,145.57,29,-754.32,SL,2.9,37.6,1095
AMAT,2025-03-17 04:00:00+00:00,2025-03-31 04:00:00+00:00,153.39,124.29,32,-931.1,SL,2.0,39.1,1095
AMAT,2025-04-07 04:00:00+00:00,2025-04-21 04:00:00+00:00,124.91,151.49,40,1063.4,MeanRev,2.0,29.1,1095
AMAT,2025-04-28 04:00:00+00:00,2025-05-05 04:00:00+00:00,150.8,155.59,33,158.07,MeanRev,1.0,31.6,1095
HLT,2025-03-17 04:00:00+00:00,2025-04-07 04:00:00+00:00,228.52,199.9,21,-601.0,SL,3.0,35.3,1095
HLT,2025-04-14 04:00:00+00:00,2025-04-28 04:00:00+00:00,212.21,241.02,23,662.63,MeanRev,2.0,34.5,1095
SCHW,2023-05-01 04:00:00+00:00,2023-05-29 04:00:00+00:00,52.33,54.36,95,193.33,MeanRev,4.0,22.9,1095
SCHW,2023-06-05 04:00:00+00:00,2023-06-26 04:00:00+00:00,54.42,56.66,91,203.84,MeanRev,3.0,21.5,1095
SCHW,2023-10-09 04:00:00+00:00,2023-10-30 04:00:00+00:00,50.97,55.82,98,475.3,MeanRev,3.0,41.3,1095
SCHW,2023-11-13 05:00:00+00:00,2023-11-20 05:00:00+00:00,53.96,56.43,92,227.24,MeanRev,1.0,30.3,1095
SCHW,2024-07-22 04:00:00+00:00,2024-09-16 04:00:00+00:00,62.98,65.37,79,188.81,MeanRev,8.0,38.3,1095
SCHW,2024-09-23 04:00:00+00:00,2024-10-07 04:00:00+00:00,65.77,67.66,76,143.64,MeanRev,2.0,39.1,1095
SCHW,2025-04-07 04:00:00+00:00,2025-04-21 04:00:00+00:00,67.04,79.92,74,953.12,MeanRev,2.0,41.7,1095
T,2023-05-01 04:00:00+00:00,2023-05-22 04:00:00+00:00,17.7,15.96,100,-173.6,SL,3.0,39.4,1095
T,2023-05-29 04:00:00+00:00,2023-07-17 04:00:00+00:00,15.49,13.62,100,-186.5,SL,7.0,23.8,1095
T,2023-07-24 04:00:00+00:00,2023-09-11 04:00:00+00:00,14.79,15.23,100,43.5,MeanRev,7.0,19.2,1095
CME,2024-01-15 05:00:00+00:00,2024-01-22 05:00:00+00:00,197.37,206.77,25,235.0,MeanRev,1.0,40.3,1095
CME,2024-06-10 04:00:00+00:00,2024-07-22 04:00:00+00:00,198.4,200.54,25,53.5,MeanRev,6.0,30.8,1095
APO,2023-05-08 04:00:00+00:00,2023-05-15 04:00:00+00:00,61.31,63.87,81,207.36,MeanRev,1.0,38.0,1095
APO,2024-08-05 04:00:00+00:00,2024-08-26 04:00:00+00:00,97.43,115.76,51,934.83,MeanRev,3.0,39.7,1095
APO,2024-09-09 04:00:00+00:00,2024-09-16 04:00:00+00:00,106.08,124.56,47,868.56,MeanRev,1.0,42.1,1095
APO,2025-02-24 05:00:00+00:00,2025-03-03 05:00:00+00:00,151.34,128.66,33,-748.31,SL,1.0,41.3,1095
APO,2025-03-10 04:00:00+00:00,2025-05-12 04:00:00+00:00,127.7,143.83,39,629.07,MeanRev,9.0,23.8,1095
APO,2025-05-26 04:00:00+00:00,2025-06-16 04:00:00+00:00,132.56,134.53,37,72.89,MeanRev,3.0,37.7,1095
APO,2025-10-06 04:00:00+00:00,2025-11-03 05:00:00+00:00,127.34,132.36,39,195.59,MeanRev,4.0,38.3,1095
ETN,2023-10-30 04:00:00+00:00,2023-11-06 05:00:00+00:00,197.94,221.85,25,597.75,MeanRev,1.0,43.1,1095
ETN,2024-08-05 04:00:00+00:00,2024-08-26 04:00:00+00:00,258.47,306.97,19,921.5,MeanRev,3.0,32.8,1095
ETN,2024-09-09 04:00:00+00:00,2024-09-16 04:00:00+00:00,288.98,330.63,17,708.05,MeanRev,1.0,33.4,1095
ETN,2025-02-10 05:00:00+00:00,2025-03-03 05:00:00+00:00,314.35,269.25,15,-676.37,SL,3.0,44.3,1095
ETN,2025-03-10 04:00:00+00:00,2025-04-21 04:00:00+00:00,279.07,288.9,17,167.11,MeanRev,6.0,22.0,1095
ETN,2025-04-28 04:00:00+00:00,2025-05-05 04:00:00+00:00,290.42,309.91,17,331.42,MeanRev,1.0,37.3,1095
RBLX,2023-06-26 04:00:00+00:00,2023-07-03 04:00:00+00:00,37.61,41.16,100,354.5,MeanRev,1.0,39.7,1095
RBLX,2023-08-14 04:00:00+00:00,2023-10-02 04:00:00+00:00,29.47,30.47,100,100.0,MeanRev,7.0,41.9,1095
RBLX,2023-10-09 04:00:00+00:00,2023-10-16 04:00:00+00:00,29.66,31.75,100,209.0,MeanRev,1.0,33.5,1095
RBLX,2023-10-23 04:00:00+00:00,2023-10-30 04:00:00+00:00,31.32,34.89,100,357.0,MeanRev,1.0,30.2,1095
RBLX,2024-03-25 04:00:00+00:00,2024-04-29 04:00:00+00:00,37.12,39.24,100,212.0,MeanRev,5.0,35.0,1095
RBLX,2024-05-13 04:00:00+00:00,2024-06-03 04:00:00+00:00,31.59,35.62,100,403.0,MeanRev,3.0,33.2,1095
RBLX,2024-06-10 04:00:00+00:00,2024-06-17 04:00:00+00:00,35.38,36.17,100,79.0,MeanRev,1.0,38.7,1095
RBLX,2025-04-07 04:00:00+00:00,2025-04-14 04:00:00+00:00,50.33,59.71,99,928.62,MeanRev,1.0,42.2,1095
BLK,2023-05-08 04:00:00+00:00,2023-05-22 04:00:00+00:00,643.77,671.89,7,196.84,MeanRev,2.0,29.3,1095
BLK,2023-10-02 04:00:00+00:00,2023-10-30 04:00:00+00:00,644.78,658.33,7,94.85,MeanRev,4.0,43.7,1095
BLK,2024-04-22 04:00:00+00:00,2024-05-06 04:00:00+00:00,757.47,797.21,6,238.44,MeanRev,2.0,38.8,1095
BLK,2025-03-10 04:00:00+00:00,2025-03-31 04:00:00+00:00,920.98,814.73,5,-531.25,SL,3.0,40.9,1095
BLK,2025-04-07 04:00:00+00:00,2025-04-28 04:00:00+00:00,789.25,929.09,6,839.04,MeanRev,3.0,28.5,1095
PM,2023-05-22 04:00:00+00:00,2023-06-12 04:00:00+00:00,93.19,94.86,53,88.51,MeanRev,3.0,35.7,1095
PM,2023-10-30 04:00:00+00:00,2023-11-13 05:00:00+00:00,88.32,92.03,56,207.76,MeanRev,2.0,27.4,1095
PM,2025-09-08 04:00:00+00:00,2025-11-24 05:00:00+00:00,160.83,157.47,31,-104.16,MeanRev,11.0,33.6,1095
DE,2023-05-01 04:00:00+00:00,2023-06-05 04:00:00+00:00,379.92,379.02,13,-11.7,MeanRev,5.0,42.5,1095
DE,2023-10-02 04:00:00+00:00,2023-11-13 05:00:00+00:00,377.74,384.2,13,83.91,MeanRev,6.0,43.1,1095
DE,2023-11-27 05:00:00+00:00,2023-12-11 05:00:00+00:00,368.88,385.98,13,222.37,MeanRev,2.0,42.5,1095
DE,2024-02-19 05:00:00+00:00,2024-03-11 04:00:00+00:00,359.35,383.28,13,311.09,MeanRev,2.9,44.8,1095
DE,2024-07-08 04:00:00+00:00,2024-07-15 04:00:00+00:00,361.05,378.16,13,222.43,MeanRev,1.0,26.4,1095
DE,2024-08-05 04:00:00+00:00,2024-08-12 04:00:00+00:00,346.1,377.86,14,444.64,MeanRev,1.0,36.0,1095
DE,2025-09-08 04:00:00+00:00,2025-10-20 04:00:00+00:00,474.14,472.9,10,-12.4,MeanRev,6.0,40.1,1095
DE,2025-11-03 05:00:00+00:00,2025-11-10 05:00:00+00:00,458.88,476.04,10,171.6,MeanRev,1.0,30.2,1095
MCHP,2023-05-15 04:00:00+00:00,2023-05-22 04:00:00+00:00,73.87,78.31,67,297.48,MeanRev,1.0,32.9,1095
MCHP,2023-09-25 04:00:00+00:00,2023-11-06 05:00:00+00:00,76.52,77.6,65,70.2,MeanRev,6.0,40.1,1095
MCHP,2024-04-22 04:00:00+00:00,2024-04-29 04:00:00+00:00,82.39,91.38,60,539.7,MeanRev,1.0,44.2,1095
MCHP,2024-08-05 04:00:00+00:00,2024-09-23 04:00:00+00:00,75.25,80.57,66,351.45,MeanRev,7.0,23.7,1095
MCHP,2024-09-30 04:00:00+00:00,2024-11-11 05:00:00+00:00,79.61,65.93,62,-847.79,SL,6.0,36.5,1095
MCHP,2024-11-18 05:00:00+00:00,2025-02-03 05:00:00+00:00,63.1,52.56,79,-832.34,SL,11.0,33.5,1095
MCHP,2025-02-10 05:00:00+00:00,2025-02-17 05:00:00+00:00,52.37,61.08,95,826.98,MeanRev,1.0,25.0,1095
MCHP,2025-03-03 05:00:00+00:00,2025-03-10 04:00:00+00:00,62.35,53.09,80,-741.44,SL,0.9,40.5,1095
MCHP,2025-03-17 04:00:00+00:00,2025-03-31 04:00:00+00:00,53.65,42.65,93,-1022.53,SL,2.0,42.4,1095
MCHP,2025-04-07 04:00:00+00:00,2025-04-28 04:00:00+00:00,35.48,47.96,100,1248.5,MeanRev,3.0,26.8,1095
MCHP,2025-05-05 04:00:00+00:00,2025-05-12 04:00:00+00:00,47.2,61.21,100,1401.0,MeanRev,1.0,41.9,1095
MCHP,2025-10-13 04:00:00+00:00,2025-11-17 05:00:00+00:00,63.14,52.05,79,-876.43,SL,5.0,33.0,1095
MCHP,2025-11-24 05:00:00+00:00,2025-12-01 05:00:00+00:00,50.52,65.78,98,1495.48,MeanRev,1.0,30.8,1095
MDT,2023-08-21 04:00:00+00:00,2023-10-09 04:00:00+00:00,81.67,74.52,61,-435.91,SL,7.0,38.1,1095
MDT,2023-10-16 04:00:00+00:00,2023-11-20 05:00:00+00:00,72.19,78.94,69,465.41,MeanRev,5.0,22.1,1095
MDT,2024-04-22 04:00:00+00:00,2024-05-06 04:00:00+00:00,79.7,82.86,62,195.61,MeanRev,2.0,33.3,1095
MDT,2024-07-08 04:00:00+00:00,2024-07-29 04:00:00+00:00,77.53,81.54,64,256.64,MeanRev,3.0,33.5,1095
MDT,2024-12-16 05:00:00+00:00,2025-01-13 05:00:00+00:00,82.0,88.1,60,366.0,MeanRev,4.0,27.1,1095
MDT,2025-05-26 04:00:00+00:00,2025-06-02 04:00:00+00:00,81.42,87.4,61,364.47,MeanRev,1.0,30.8,1095
ADI,2023-10-09 04:00:00+00:00,2023-10-30 04:00:00+00:00,172.55,155.27,28,-483.78,SL,3.0,33.0,1095
ADI,2023-11-06 05:00:00+00:00,2023-11-13 05:00:00+00:00,167.44,183.04,29,452.4,MeanRev,1.0,24.5,1095
ADI,2024-04-22 04:00:00+00:00,2024-04-29 04:00:00+00:00,185.2,199.58,26,373.88,MeanRev,1.0,44.7,1095
ADI,2025-02-10 05:00:00+00:00,2025-02-17 05:00:00+00:00,207.19,238.86,24,760.08,MeanRev,1.0,35.0,1095
ADI,2025-03-24 04:00:00+00:00,2025-03-31 04:00:00+00:00,210.49,179.05,23,-723.14,SL,1.0,44.1,1095
ADI,2025-04-07 04:00:00+00:00,2025-04-28 04:00:00+00:00,163.28,198.62,30,1060.2,MeanRev,3.0,30.3,1095
KMI,2023-05-22 04:00:00+00:00,2023-06-05 04:00:00+00:00,16.47,17.04,100,56.5,MeanRev,2.0,32.6,1095
KMI,2025-04-07 04:00:00+00:00,2025-04-14 04:00:00+00:00,24.27,27.1,100,283.0,MeanRev,1.0,43.3,1095
KMI,2025-10-27 04:00:00+00:00,2025-11-10 05:00:00+00:00,25.91,27.42,100,151.5,MeanRev,2.0,38.3,1095
DHR,2023-05-01 04:00:00+00:00,2023-06-12 04:00:00+00:00,239.3,241.84,20,50.8,MeanRev,6.0,29.0,1095
DHR,2023-10-09 04:00:00+00:00,2023-10-23 04:00:00+00:00,217.05,189.17,23,-641.19,SL,2.0,40.5,1095
DHR,2023-10-30 04:00:00+00:00,2023-11-20 05:00:00+00:00,189.03,221.44,26,842.66,MeanRev,3.0,21.8,1095
DHR,2023-11-27 05:00:00+00:00,2023-12-04 05:00:00+00:00,220.85,217.47,22,-74.36,MeanRev,1.0,39.4,1095
DHR,2023-12-11 05:00:00+00:00,2023-12-18 05:00:00+00:00,218.29,230.39,22,266.2,MeanRev,1.0,32.1,1095
DHR,2024-11-04 05:00:00+00:00,2024-12-16 05:00:00+00:00,249.66,226.79,20,-457.42,SL,6.0,31.0,1095
DHR,2024-12-23 05:00:00+00:00,2025-01-13 05:00:00+00:00,228.47,238.27,21,205.8,MeanRev,3.0,25.3,1095
DHR,2025-02-03 05:00:00+00:00,2025-03-31 04:00:00+00:00,219.6,195.66,22,-526.72,SL,7.9,37.4,1095
DHR,2025-04-07 04:00:00+00:00,2025-06-02 04:00:00+00:00,176.41,196.05,28,549.78,MeanRev,8.0,24.2,1095
DHR,2025-09-29 04:00:00+00:00,2025-10-06 04:00:00+00:00,185.81,202.53,26,434.59,MeanRev,1.0,44.0,1095
TJX,2025-03-17 04:00:00+00:00,2025-03-31 04:00:00+00:00,113.75,122.2,43,363.35,MeanRev,2.0,30.7,1095
WFC,2023-05-01 04:00:00+00:00,2023-05-15 04:00:00+00:00,40.52,40.03,100,-49.0,MeanRev,2.0,40.5,1095
WFC,2023-10-09 04:00:00+00:00,2023-10-30 04:00:00+00:00,39.1,41.6,100,250.0,MeanRev,3.0,39.7,1095
WFC,2024-08-05 04:00:00+00:00,2024-08-19 04:00:00+00:00,51.31,56.68,97,520.89,MeanRev,2.0,35.4,1095
WFC,2024-09-09 04:00:00+00:00,2024-09-16 04:00:00+00:00,54.77,56.26,91,135.13,MeanRev,1.0,39.9,1095
WFC,2025-04-07 04:00:00+00:00,2025-04-21 04:00:00+00:00,59.87,69.71,83,816.72,MeanRev,2.0,36.1,1095
TSLA,2023-10-23 04:00:00+00:00,2023-11-13 05:00:00+00:00,209.84,234.37,23,564.19,MeanRev,3.0,35.0,1095
TSLA,2024-01-15 05:00:00+00:00,2024-02-05 05:00:00+00:00,215.17,175.47,23,-913.05,SL,3.0,35.6,1095
TSLA,2024-02-12 05:00:00+00:00,2024-04-15 04:00:00+00:00,192.14,152.87,26,-1021.12,SL,8.9,39.4,1095
TSLA,2024-04-22 04:00:00+00:00,2024-04-29 04:00:00+00:00,140.61,181.25,35,1422.4,MeanRev,1.0,28.0,1095
TSLA,2024-05-13 04:00:00+00:00,2024-05-20 04:00:00+00:00,169.98,179.25,29,268.83,MeanRev,1.0,44.3,1095
TSLA,2025-03-03 05:00:00+00:00,2025-04-21 04:00:00+00:00,300.58,284.96,16,-250.0,MeanRev,6.9,40.9,1095
TSLA,2025-04-28 04:00:00+00:00,2025-05-05 04:00:00+00:00,288.95,298.21,17,157.5,MeanRev,1.0,25.1,1095
TSLA,2025-05-12 04:00:00+00:00,2025-05-19 04:00:00+00:00,321.98,339.22,15,258.52,MeanRev,1.0,30.7,1095
TQQQ,2023-09-25 04:00:00+00:00,2023-10-30 04:00:00+00:00,35.31,37.64,100,233.0,MeanRev,5.0,42.5,1095
TQQQ,2025-03-10 04:00:00+00:00,2025-03-31 04:00:00+00:00,63.93,43.76,78,-1573.49,SL,3.0,41.0,1095
TQQQ,2025-04-07 04:00:00+00:00,2025-04-28 04:00:00+00:00,36.6,59.44,100,2283.5,MeanRev,3.0,22.4,1095
TQQQ,2025-05-05 04:00:00+00:00,2025-05-12 04:00:00+00:00,57.83,71.49,86,1174.76,MeanRev,1.0,34.0,1095
COIN,2023-06-12 04:00:00+00:00,2023-06-19 04:00:00+00:00,52.52,61.45,95,847.88,MeanRev,1.0,44.1,1095
COIN,2023-10-30 04:00:00+00:00,2023-11-06 05:00:00+00:00,72.43,92.92,69,1413.81,MeanRev,1.0,27.1,1095
COIN,2024-07-15 04:00:00+00:00,2024-07-22 04:00:00+00:00,229.55,243.0,21,282.45,MeanRev,1.0,44.2,1095
COIN,2024-08-05 04:00:00+00:00,2024-09-23 04:00:00+00:00,162.18,191.22,30,871.35,MeanRev,7.0,42.9,1095
COIN,2024-09-30 04:00:00+00:00,2024-10-14 04:00:00+00:00,184.1,220.17,27,973.89,MeanRev,2.0,42.6,1095
COIN,2024-11-04 05:00:00+00:00,2024-11-11 05:00:00+00:00,180.09,329.92,27,4045.48,TP,1.0,39.1,1095
COIN,2025-02-24 05:00:00+00:00,2025-03-31 04:00:00+00:00,239.13,160.17,20,-1579.16,SL,4.9,36.2,1095
COIN,2025-04-07 04:00:00+00:00,2025-04-21 04:00:00+00:00,145.61,209.51,34,2172.6,MeanRev,2.0,25.0,1095
COIN,2025-04-28 04:00:00+00:00,2025-05-12 04:00:00+00:00,208.05,266.53,24,1403.52,MeanRev,2.0,29.3,1095
SQ,2022-06-13 04:00:00+00:00,2022-07-25 04:00:00+00:00,66.5,76.06,75,717.0,MeanRev,6.0,36.9,1095
SQ,2022-08-01 04:00:00+00:00,2022-08-08 04:00:00+00:00,75.23,87.94,66,838.53,MeanRev,1.0,35.6,1095
SQ,2022-08-29 04:00:00+00:00,2022-11-07 05:00:00+00:00,67.57,71.67,73,299.3,MeanRev,10.0,43.0,1095
SQ,2022-11-28 05:00:00+00:00,2022-12-05 05:00:00+00:00,62.61,64.63,79,159.58,MeanRev,1.0,42.6,1095
SQ,2022-12-19 05:00:00+00:00,2023-01-02 05:00:00+00:00,62.11,68.99,80,550.4,MeanRev,2.0,41.3,1095
SQ,2023-04-24 04:00:00+00:00,2023-05-29 04:00:00+00:00,63.77,63.45,78,-24.96,MeanRev,5.0,44.0,1095
SQ,2023-06-05 04:00:00+00:00,2023-06-12 04:00:00+00:00,63.76,66.5,78,214.11,MeanRev,1.0,38.1,1095
SQ,2023-06-26 04:00:00+00:00,2023-07-03 04:00:00+00:00,62.95,67.26,79,340.49,MeanRev,1.0,38.6,1095
SQ,2023-09-11 04:00:00+00:00,2023-10-23 04:00:00+00:00,53.96,39.99,92,-1285.42,SL,6.0,40.1,1095
SQ,2023-10-30 04:00:00+00:00,2023-11-06 05:00:00+00:00,40.41,51.52,100,1111.5,MeanRev,1.0,11.4,1095
SQ,2023-11-13 05:00:00+00:00,2023-11-20 05:00:00+00:00,50.97,59.71,98,856.52,MeanRev,1.0,35.5,1095
SQ,2024-06-03 04:00:00+00:00,2024-07-08 04:00:00+00:00,64.1,68.72,78,360.36,MeanRev,5.0,32.1,1095
SQ,2024-07-29 04:00:00+00:00,2024-08-12 04:00:00+00:00,60.46,65.86,82,442.8,MeanRev,2.0,36.9,1095
PYPL,2023-05-15 04:00:00+00:00,2023-07-10 04:00:00+00:00,61.83,72.12,80,823.2,MeanRev,8.0,21.6,1095
PYPL,2023-08-07 04:00:00+00:00,2023-09-11 04:00:00+00:00,62.97,64.22,79,98.75,MeanRev,5.0,34.2,1095
PYPL,2023-09-25 04:00:00+00:00,2023-11-27 05:00:00+00:00,57.55,59.64,86,179.74,MeanRev,9.0,38.9,1095
PYPL,2024-07-01 04:00:00+00:00,2024-07-29 04:00:00+00:00,58.1,61.97,86,332.82,MeanRev,4.0,39.8,1095
PYPL,2025-02-17 05:00:00+00:00,2025-03-24 04:00:00+00:00,78.35,65.95,63,-781.01,SL,4.9,43.8,1095
PYPL,2025-03-31 04:00:00+00:00,2025-05-05 04:00:00+00:00,64.44,70.26,77,448.14,MeanRev,5.0,25.0,1095
PYPL,2025-05-12 04:00:00+00:00,2025-05-19 04:00:00+00:00,72.97,69.86,68,-211.48,MeanRev,1.0,31.3,1095
PYPL,2025-09-15 04:00:00+00:00,2025-09-29 04:00:00+00:00,67.33,69.25,74,142.08,MeanRev,2.0,41.6,1095
CIFR,2023-09-25 04:00:00+00:00,2023-10-23 04:00:00+00:00,2.35,3.33,100,98.0,MeanRev,4.0,44.2,1095
CIFR,2023-11-20 05:00:00+00:00,2023-11-27 05:00:00+00:00,2.51,2.94,100,42.5,MeanRev,1.0,38.8,1095
CIFR,2024-02-05 05:00:00+00:00,2024-02-12 05:00:00+00:00,2.6,3.77,100,117.0,MeanRev,1.0,44.8,1095
CIFR,2024-09-09 04:00:00+00:00,2024-09-23 04:00:00+00:00,2.74,4.11,100,137.0,MeanRev,2.0,43.5,1095
CIFR,2025-02-24 05:00:00+00:00,2025-03-10 04:00:00+00:00,5.61,3.03,100,-258.1,SL,1.9,40.6,1095
CIFR,2025-03-17 04:00:00+00:00,2025-05-12 04:00:00+00:00,3.03,3.87,100,84.0,MeanRev,8.0,24.4,1095
CIFR,2025-05-26 04:00:00+00:00,2025-06-02 04:00:00+00:00,3.58,3.89,100,31.0,MeanRev,1.0,30.3,1095
IREN,2023-10-02 04:00:00+00:00,2023-11-20 05:00:00+00:00,3.88,3.53,100,-35.0,MeanRev,7.0,43.8,1095
IREN,2023-11-27 05:00:00+00:00,2023-12-04 05:00:00+00:00,3.46,5.8,100,234.0,MeanRev,1.0,39.6,1095
IREN,2024-04-15 04:00:00+00:00,2024-05-13 04:00:00+00:00,4.67,6.0,100,133.0,MeanRev,4.0,42.1,1095
IREN,2024-09-16 04:00:00+00:00,2024-09-23 04:00:00+00:00,7.26,8.85,100,159.0,MeanRev,1.0,42.7,1095
IREN,2024-09-30 04:00:00+00:00,2024-10-14 04:00:00+00:00,8.53,9.48,100,95.0,MeanRev,2.0,38.4,1095
IREN,2025-03-03 05:00:00+00:00,2025-05-12 04:00:00+00:00,8.88,8.4,100,-48.0,MeanRev,9.9,44.5,1095
MRVL,2023-09-25 04:00:00+00:00,2023-11-06 05:00:00+00:00,52.01,54.59,96,247.68,MeanRev,6.0,37.1,1095
MRVL,2024-08-05 04:00:00+00:00,2024-08-12 04:00:00+00:00,53.3,69.32,93,1489.86,MeanRev,1.0,38.4,1095
MRVL,2025-03-10 04:00:00+00:00,2025-06-02 04:00:00+00:00,68.44,68.33,73,-8.39,MeanRev,12.0,40.2,1095
MRVL,2025-06-09 04:00:00+00:00,2025-06-16 04:00:00+00:00,69.33,73.51,72,301.32,MeanRev,1.0,35.4,1095
TER,2023-05-01 04:00:00+00:00,2023-05-15 04:00:00+00:00,91.69,97.07,54,290.52,MeanRev,2.0,43.1,1095
TER,2023-09-18 04:00:00+00:00,2023-10-30 04:00:00+00:00,95.11,81.2,52,-722.85,SL,6.0,42.8,1095
TER,2023-11-06 05:00:00+00:00,2023-11-27 05:00:00+00:00,88.23,93.83,56,313.6,MeanRev,3.0,28.7,1095
TER,2023-12-11 05:00:00+00:00,2023-12-18 05:00:00+00:00,93.58,107.65,53,745.98,MeanRev,1.0,32.6,1095
TER,2024-04-22 04:00:00+00:00,2024-04-29 04:00:00+00:00,97.1,120.43,51,1189.83,MeanRev,1.0,42.7,1095
TER,2024-09-09 04:00:00+00:00,2024-09-23 04:00:00+00:00,123.71,134.64,40,437.2,MeanRev,2.0,39.2,1095
TER,2024-10-21 04:00:00+00:00,2024-10-28 04:00:00+00:00,125.5,106.28,39,-749.89,SL,1.0,35.4,1095
TER,2024-11-04 05:00:00+00:00,2024-12-02 05:00:00+00:00,105.55,118.5,47,608.65,MeanRev,4.0,39.2,1095
TER,2025-03-17 04:00:00+00:00,2025-06-02 04:00:00+00:00,88.36,85.22,56,-175.84,MeanRev,11.0,29.3,1095
TER,2025-06-09 04:00:00+00:00,2025-06-16 04:00:00+00:00,86.38,86.33,57,-2.85,MeanRev,1.0,34.2,1095
ORCL,2023-10-02 04:00:00+00:00,2023-11-06 05:00:00+00:00,105.83,113.06,47,340.04,MeanRev,5.0,37.5,1095
ORCL,2023-12-18 05:00:00+00:00,2024-01-15 05:00:00+00:00,103.16,109.63,48,310.56,MeanRev,4.0,31.8,1095
ORCL,2025-01-13 05:00:00+00:00,2025-01-20 05:00:00+00:00,153.75,183.68,32,957.92,MeanRev,1.0,41.4,1095
ORCL,2025-03-10 04:00:00+00:00,2025-04-28 04:00:00+00:00,150.53,150.68,33,4.95,MeanRev,7.0,36.5,1095
FIX,2023-10-23 04:00:00+00:00,2023-10-30 04:00:00+00:00,153.42,187.8,32,1100.32,MeanRev,1.0,41.8,1095
FIX,2025-02-17 05:00:00+00:00,2025-03-31 04:00:00+00:00,396.5,285.61,12,-1330.73,SL,5.9,42.3,1095
FIX,2025-04-07 04:00:00+00:00,2025-04-21 04:00:00+00:00,282.37,397.87,17,1963.58,MeanRev,2.0,35.7,1095
CLH,2023-10-23 04:00:00+00:00,2023-10-30 04:00:00+00:00,156.69,141.38,31,-474.61,SL,1.0,41.3,1095
CLH,2023-11-06 05:00:00+00:00,2023-11-13 05:00:00+00:00,155.31,164.41,32,291.36,MeanRev,1.0,39.2,1095
CLH,2024-12-30 05:00:00+00:00,2025-01-13 05:00:00+00:00,227.0,241.96,22,329.23,MeanRev,2.0,43.8,1095
CLH,2025-02-17 05:00:00+00:00,2025-03-03 05:00:00+00:00,228.17,207.25,21,-439.38,SL,2.0,32.5,1095
CLH,2025-03-10 04:00:00+00:00,2025-04-14 04:00:00+00:00,194.72,207.05,25,308.13,MeanRev,5.0,17.0,1095
CLH,2025-04-21 04:00:00+00:00,2025-04-28 04:00:00+00:00,206.3,222.41,24,386.64,MeanRev,1.0,37.8,1095
CLH,2025-11-03 05:00:00+00:00,2025-11-24 05:00:00+00:00,208.71,227.76,23,438.15,MeanRev,3.0,35.7,1095
BMY,2023-05-01 04:00:00+00:00,2023-07-03 04:00:00+00:00,67.53,62.71,74,-356.46,SL,9.0,32.9,1095
BMY,2023-07-10 04:00:00+00:00,2023-09-25 04:00:00+00:00,62.65,57.91,79,-374.78,SL,11.0,32.2,1095
BMY,2023-10-02 04:00:00+00:00,2023-10-23 04:00:00+00:00,58.01,53.49,86,-388.38,SL,3.0,27.7,1095
BMY,2023-10-30 04:00:00+00:00,2023-12-18 05:00:00+00:00,51.71,52.29,96,55.68,MeanRev,7.0,9.4,1095
BMY,2023-12-25 05:00:00+00:00,2024-01-01 05:00:00+00:00,52.35,52.21,95,-13.3,MeanRev,1.0,28.7,1095
BMY,2024-01-15 05:00:00+00:00,2024-02-19 05:00:00+00:00,50.28,51.66,99,136.12,MeanRev,5.0,31.5,1095
BMY,2024-04-15 04:00:00+00:00,2024-05-20 04:00:00+00:00,48.29,43.14,100,-515.0,SL,5.0,40.3,1095
BMY,2024-05-27 04:00:00+00:00,2024-07-15 04:00:00+00:00,41.22,42.66,100,144.0,MeanRev,7.0,33.3,1095
BMY,2024-07-22 04:00:00+00:00,2024-07-29 04:00:00+00:00,42.67,48.77,100,610.0,MeanRev,1.0,33.4,1095
BMY,2025-04-14 04:00:00+00:00,2025-06-09 04:00:00+00:00,51.39,49.76,97,-158.11,MeanRev,8.0,40.8,1095
BMY,2025-06-16 04:00:00+00:00,2025-07-21 04:00:00+00:00,49.29,48.46,100,-83.0,MeanRev,5.0,29.3,1095
BMY,2025-08-04 04:00:00+00:00,2025-08-11 04:00:00+00:00,44.11,48.47,100,436.0,MeanRev,1.0,40.9,1095
BMY,2025-09-29 04:00:00+00:00,2025-10-27 04:00:00+00:00,44.05,46.11,100,206.0,MeanRev,4.0,41.2,1095
CMCSA,2023-10-30 04:00:00+00:00,2023-12-11 05:00:00+00:00,39.98,44.45,100,446.5,MeanRev,6.0,36.9,1095
CMCSA,2024-04-15 04:00:00+00:00,2024-05-27 04:00:00+00:00,39.73,40.04,100,31.5,MeanRev,6.0,37.7,1095
CMCSA,2024-06-10 04:00:00+00:00,2024-06-24 04:00:00+00:00,38.86,39.2,100,34.5,MeanRev,2.0,33.6,1095
CMCSA,2024-07-08 04:00:00+00:00,2024-07-15 04:00:00+00:00,37.79,40.09,100,230.0,MeanRev,1.0,32.1,1095
CMCSA,2024-12-23 05:00:00+00:00,2025-01-27 05:00:00+00:00,38.06,33.28,100,-478.3,SL,5.0,44.9,1095
CMCSA,2025-02-03 05:00:00+00:00,2025-03-03 05:00:00+00:00,33.08,37.58,100,450.0,MeanRev,4.0,25.1,1095
CMCSA,2025-03-17 04:00:00+00:00,2025-03-24 04:00:00+00:00,35.44,36.63,100,119.0,MeanRev,1.0,29.5,1095
CMCSA,2025-04-07 04:00:00+00:00,2025-05-12 04:00:00+00:00,32.98,35.49,100,251.5,MeanRev,5.0,37.6,1095
CMCSA,2025-08-04 04:00:00+00:00,2025-08-18 04:00:00+00:00,32.74,34.16,100,142.5,MeanRev,2.0,42.2,1095
CMCSA,2025-09-22 04:00:00+00:00,2025-10-27 04:00:00+00:00,31.36,28.07,100,-328.7,SL,5.0,34.9,1095
RKT,2023-05-15 04:00:00+00:00,2023-06-05 04:00:00+00:00,8.07,8.95,100,87.5,MeanRev,3.0,32.4,1095
RKT,2023-09-25 04:00:00+00:00,2023-10-30 04:00:00+00:00,8.31,8.65,100,33.5,MeanRev,5.0,44.4,1095
RKT,2023-11-06 05:00:00+00:00,2023-11-13 05:00:00+00:00,8.56,9.01,100,44.5,MeanRev,1.0,33.9,1095
RKT,2024-11-11 05:00:00+00:00,2024-12-09 05:00:00+00:00,16.12,12.8,100,-331.8,SL,4.0,43.5,1095
RKT,2024-12-16 05:00:00+00:00,2025-01-27 05:00:00+00:00,12.23,12.57,100,33.5,MeanRev,6.0,17.6,1095
RKT,2025-02-03 05:00:00+00:00,2025-02-10 05:00:00+00:00,12.29,13.1,100,81.5,MeanRev,1.0,32.3,1095
DLTR,2023-06-05 04:00:00+00:00,2023-06-19 04:00:00+00:00,132.98,143.67,37,395.53,MeanRev,2.0,42.4,1095
DLTR,2023-08-28 04:00:00+00:00,2023-09-18 04:00:00+00:00,123.64,109.09,40,-582.08,SL,3.0,26.6,1095
DLTR,2023-09-25 04:00:00+00:00,2023-10-30 04:00:00+00:00,104.66,116.5,47,556.71,MeanRev,5.0,25.4,1095
DLTR,2023-11-06 05:00:00+00:00,2023-11-13 05:00:00+00:00,116.3,115.0,42,-54.39,MeanRev,1.0,23.0,1095
DLTR,2023-11-20 05:00:00+00:00,2023-11-27 05:00:00+00:00,115.09,126.12,43,474.29,MeanRev,1.0,25.1,1095
DLTR,2024-04-15 04:00:00+00:00,2024-06-03 04:00:00+00:00,127.33,111.44,39,-619.63,SL,7.0,41.1,1095
DLTR,2024-06-10 04:00:00+00:00,2024-07-29 04:00:00+00:00,110.96,98.9,45,-542.7,SL,7.0,18.0,1095
DLTR,2024-08-05 04:00:00+00:00,2024-08-26 04:00:00+00:00,98.94,85.78,50,-658.15,SL,3.0,14.5,1095
DLTR,2024-09-02 04:00:00+00:00,2024-09-09 04:00:00+00:00,84.63,70.02,59,-862.05,SL,1.0,17.1,1095
DLTR,2024-09-16 04:00:00+00:00,2024-11-25 05:00:00+00:00,70.06,71.34,71,90.53,MeanRev,10.0,14.5,1095
DLTR,2024-12-02 05:00:00+00:00,2024-12-16 05:00:00+00:00,71.44,72.94,69,103.5,MeanRev,2.0,28.3,1095
DLTR,2025-03-17 04:00:00+00:00,2025-03-24 04:00:00+00:00,65.12,72.79,76,582.54,MeanRev,1.0,37.2,1095
DLTR,2025-04-07 04:00:00+00:00,2025-04-14 04:00:00+00:00,70.69,79.15,70,592.2,MeanRev,1.0,37.8,1095
DLTR,2025-10-06 04:00:00+00:00,2025-10-20 04:00:00+00:00,90.09,99.02,55,491.15,MeanRev,2.0,40.0,1095
BA,2023-09-25 04:00:00+00:00,2023-10-30 04:00:00+00:00,196.95,195.11,25,-46.0,MeanRev,5.0,38.8,1095
BA,2023-11-06 05:00:00+00:00,2023-11-13 05:00:00+00:00,195.5,208.07,25,314.25,MeanRev,1.0,23.6,1095
BA,2024-03-04 05:00:00+00:00,2024-04-08 04:00:00+00:00,199.3,170.57,25,-718.25,SL,4.9,41.4,1095
BA,2024-04-15 04:00:00+00:00,2024-05-13 04:00:00+00:00,170.88,185.06,29,411.22,MeanRev,4.0,13.2,1095
BA,2024-05-20 04:00:00+00:00,2024-06-03 04:00:00+00:00,185.52,190.27,26,123.5,MeanRev,2.0,35.5,1095
BA,2024-06-17 04:00:00+00:00,2024-06-24 04:00:00+00:00,176.38,182.08,28,159.6,MeanRev,1.0,40.5,1095
BA,2024-08-12 04:00:00+00:00,2024-11-11 05:00:00+00:00,167.34,141.59,29,-746.87,SL,13.0,43.2,1095
BA,2024-11-18 05:00:00+00:00,2024-11-25 05:00:00+00:00,140.25,155.61,35,537.43,MeanRev,1.0,28.9,1095
BA,2025-04-07 04:00:00+00:00,2025-04-21 04:00:00+00:00,132.13,177.91,37,1693.86,MeanRev,2.0,32.2,1095
BA,2025-11-03 05:00:00+00:00,2025-11-17 05:00:00+00:00,202.2,176.96,24,-605.86,SL,2.0,34.0,1095
BA,2025-11-24 05:00:00+00:00,2025-12-01 05:00:00+00:00,179.74,201.89,27,598.05,MeanRev,1.0,21.4,1095
