symbol,date,entry_time,exit_time,side,entry_price,exit_price,qty,pnl,exit_reason,hold_duration_bars,hold_duration_days,entry_rsi,entry_atr,sl_px,tp_px
NVDA,2025-11-04,2025-11-04 15:30:00+00:00,2025-11-04 17:15:00+00:00,LONG,201.65,200.24475144930966,9,-12.647236956213106,SL,7,0.07,29.724846786865115,1.4052485506903474,200.24475144930966,204.4604971013807
NVDA,2025-11-04,2025-11-04 18:15:00+00:00,2025-11-04 19:30:00+00:00,LONG,200.335,199.18697925734966,9,-10.33218668385311,SL,5,0.05,29.460180996025827,1.148020742650358,199.18697925734966,202.63104148530073
NVDA,2025-11-04,2025-11-04 19:45:00+00:00,2025-11-04 20:45:00+00:00,LONG,198.96,198.6,10,-3.6000000000001364,EOD,4,0.04,27.79364093854575,1.0737395415615805,197.88626045843841,201.10747908312317
AMD,2025-10-10,2025-10-10 15:15:00+00:00,2025-10-10 15:30:00+00:00,LONG,221.175,218.90591588575856,9,-20.42175702817306,SL,1,0.01,27.01035754480006,2.2690841142414455,218.90591588575856,225.7131682284829
AMD,2025-10-10,2025-10-10 15:45:00+00:00,2025-10-10 19:00:00+00:00,LONG,218.91,216.15517747292446,9,-24.793402743679792,SL,13,0.14,28.61221479967969,2.7548225270755338,216.15517747292446,224.41964505415106
AMD,2025-10-22,2025-10-22 14:45:00+00:00,2025-10-22 15:15:00+00:00,LONG,230.18,228.4296101197269,8,-14.003119042184835,SL,2,0.02,21.66311643276596,1.7503898802731088,228.4296101197269,233.68077976054622
AMD,2025-10-22,2025-10-22 15:30:00+00:00,2025-10-22 17:15:00+00:00,LONG,228.39,226.35711495373175,8,-16.26308037014587,SL,7,0.07,26.637653874928887,2.0328850462682286,226.35711495373175,232.45577009253645
SOXL,2025-10-10,2025-10-10 16:30:00+00:00,2025-10-10 16:45:00+00:00,LONG,37.28,36.5328232621258,53,-39.60036710733253,SL,1,0.01,17.695368405101718,0.7471767378741957,36.5328232621258,38.77435347574839
SOXL,2025-10-10,2025-10-10 19:30:00+00:00,2025-10-10 19:45:00+00:00,LONG,35.34,34.683146945102756,56,-36.78377107424586,SL,1,0.01,19.893058534253683,0.6568530548972443,34.683146945102756,36.65370610979449
SOXL,2025-12-12,2025-12-12 16:30:00+00:00,2025-12-12 16:45:00+00:00,LONG,42.865,42.00856938574004,46,-39.395808255958315,SL,1,0.01,27.632237873444907,0.8564306142599668,42.00856938574004,44.577861228519936
MSTR,2025-10-07,2025-10-07 14:15:00+00:00,2025-10-07 14:30:00+00:00,LONG,344.75,342.00548189907494,5,-13.722590504625316,SL,1,0.01,29.351484130016587,2.744518100925079,342.00548189907494,350.2390362018502
MSTR,2025-10-07,2025-10-07 14:45:00+00:00,2025-10-07 15:00:00+00:00,LONG,341.99,339.2904155150187,5,-13.497922424906506,SL,1,0.01,26.495154883430445,2.6995844849813184,339.2904155150187,347.38916896996267
MSTR,2025-10-07,2025-10-07 15:15:00+00:00,2025-10-07 15:30:00+00:00,LONG,335.28,332.2189041940722,5,-15.305479029638889,SL,1,0.01,21.008067554969074,3.061095805927769,332.2189041940722,341.4021916118555
META,2025-09-23,2025-09-23 13:30:00+00:00,2025-09-23 13:45:00+00:00,LONG,769.25,767.3015678766743,2,-3.8968642466513757,SL,1,0.01,29.418494850638183,1.9484321233257118,767.3015678766743,773.1468642466514
META,2025-12-09,2025-12-09 14:45:00+00:00,2025-12-09 17:30:00+00:00,LONG,656.245,654.003224399612,3,-6.7253268011639875,SL,11,0.11,18.097234654276534,2.2417756003880323,654.003224399612,660.7285512007761
META,2025-12-10,2025-12-10 14:45:00+00:00,2025-12-10 18:00:00+00:00,LONG,649.83,647.6679609131193,3,-6.486117260642345,SL,13,0.14,23.152677978736335,2.1620390868807586,647.6679609131193,654.1540781737616
AMZN,2025-09-10,2025-09-10 18:15:00+00:00,2025-09-10 18:45:00+00:00,LONG,230.93,230.1098704983169,8,-6.5610360134649,SL,2,0.02,29.33772629291316,0.8201295016831226,230.1098704983169,232.57025900336626
AMZN,2025-10-31,2025-10-31 13:30:00+00:00,2025-10-31 13:45:00+00:00,LONG,250.2,249.1875840074953,7,-7.086911947532798,SL,1,0.01,28.97072089588677,1.0124159925046958,249.1875840074953,252.2248319850094
AMZN,2025-11-06,2025-11-06 16:15:00+00:00,2025-11-06 16:30:00+00:00,LONG,244.075,242.93302733073645,8,-9.135781354108303,SL,1,0.01,25.49647577730977,1.1419726692635415,242.93302733073645,246.35894533852706
AMZN,2025-11-07,2025-11-07 15:45:00+00:00,2025-11-07 16:00:00+00:00,LONG,240.83,239.67565296867033,8,-9.234776250637424,SL,1,0.01,29.52686592937542,1.1543470313296749,239.67565296867033,243.13869406265937
AMZN,2025-11-13,2025-11-13 16:00:00+00:00,2025-11-13 16:15:00+00:00,LONG,240.92,239.86101286668054,8,-8.471897066555584,SL,1,0.01,28.821628556353573,1.0589871333194445,239.86101286668054,243.03797426663888
AMZN,2025-11-13,2025-11-13 16:30:00+00:00,2025-11-13 17:45:00+00:00,LONG,239.79,238.69059272688273,8,-8.79525818493812,SL,5,0.05,25.380595255425817,1.099407273117276,238.69059272688273,241.98881454623455
AMZN,2025-11-13,2025-11-13 18:00:00+00:00,2025-11-13 19:45:00+00:00,LONG,238.52,237.54986726996884,8,-7.76106184024934,SL,7,0.07,25.234013739803146,0.9701327300311624,237.54986726996884,240.46026546006235
DELL,2025-10-03,2025-10-03 18:00:00+00:00,2025-10-03 19:00:00+00:00,LONG,141.885,141.15479176935466,14,-10.22291522903464,SL,4,0.04,23.760813615840334,0.7302082306453225,141.15479176935466,143.34541646129063
DELL,2025-10-03,2025-10-03 19:15:00+00:00,2025-10-03 19:30:00+00:00,LONG,141.2,140.50197563779042,14,-9.77234107093392,SL,1,0.01,23.44051401634229,0.6980243622095584,140.50197563779042,142.5960487244191
DELL,2025-10-13,2025-10-13 13:30:00+00:00,2025-10-13 13:45:00+00:00,LONG,154.76,153.63294138364333,12,-13.52470339627996,SL,1,0.01,29.223619749919408,1.1270586163566523,153.63294138364333,157.0141172327133
DELL,2025-11-04,2025-11-04 15:15:00+00:00,2025-11-04 19:30:00+00:00,LONG,156.63,155.431274803722,12,-14.38470235533589,SL,17,0.18,29.34644724663623,1.1987251962779861,155.431274803722,159.02745039255598
DELL,2025-12-12,2025-12-12 16:45:00+00:00,2025-12-12 19:00:00+00:00,LONG,132.29,131.18982046564915,15,-16.50269301526265,SL,9,0.09,21.26020755273501,1.100179534350856,131.18982046564915,134.4903590687017
VRT,2025-10-07,2025-10-07 15:15:00+00:00,2025-10-07 15:30:00+00:00,LONG,158.13,156.7887611399096,12,-16.094866321084623,SL,1,0.01,23.819383999369535,1.3412388600903828,156.7887611399096,160.81247772018077
VRT,2025-10-17,2025-10-17 15:00:00+00:00,2025-10-17 15:15:00+00:00,LONG,172.01,170.41905789049062,11,-17.500363204603076,SL,1,0.01,28.292492952536563,1.5909421095093637,170.41905789049062,175.19188421901873
VRT,2025-10-22,2025-10-22 14:30:00+00:00,2025-10-22 15:15:00+00:00,LONG,166.185,163.75683902097225,12,-29.137931748333017,SL,3,0.03,23.3245897409101,2.4281609790277408,163.75683902097225,171.04132195805548
VRT,2025-11-04,2025-11-04 15:15:00+00:00,2025-11-04 16:15:00+00:00,LONG,182.91,180.87411298054266,10,-20.358870194573342,SL,4,0.04,29.50976975307013,2.0358870194573333,180.87411298054266,186.98177403891466
VRT,2025-11-04,2025-11-04 16:30:00+00:00,2025-11-04 19:45:00+00:00,LONG,181.41,179.4768992103079,11,-21.264108686613156,SL,13,0.14,29.66137632938066,1.9331007896921144,179.4768992103079,185.27620157938424
SMH,2025-10-07,2025-10-07 15:45:00+00:00,2025-10-07 19:45:00+00:00,LONG,337.93,337.02,5,-4.550000000000125,EOD,16,0.17,26.42493004442848,1.3272838709524502,336.60271612904756,340.5845677419049
SMH,2025-10-10,2025-10-10 15:45:00+00:00,2025-10-10 16:15:00+00:00,LONG,334.615,332.75649000461505,5,-9.292549976924818,SL,2,0.02,22.134766499027165,1.8585099953849504,332.75649000461505,338.33201999076994
SMH,2025-10-10,2025-10-10 16:30:00+00:00,2025-10-10 16:45:00+00:00,LONG,333.67,331.8055515816834,5,-9.322242091583064,SL,1,0.01,21.204465033614056,1.8644484183165972,331.8055515816834,337.3988968366332
SMH,2025-10-22,2025-10-22 15:30:00+00:00,2025-10-22 16:30:00+00:00,LONG,337.39,335.9082993699411,5,-7.408503150294337,SL,4,0.04,26.90033594604307,1.4817006300588682,335.9082993699411,340.3534012601177
SMH,2025-10-22,2025-10-22 16:45:00+00:00,2025-10-22 17:15:00+00:00,LONG,336.55,334.9716304738419,5,-7.891847630790494,SL,2,0.02,29.18664444662133,1.5783695261580866,334.9716304738419,339.7067390523162
SMH,2025-11-04,2025-11-04 16:15:00+00:00,2025-11-04 17:00:00+00:00,LONG,358.78,357.13020120915235,5,-8.24899395423813,SL,3,0.03,28.721606292276874,1.6497987908476155,357.13020120915235,362.0795975816952
SMH,2025-12-12,2025-12-12 16:00:00+00:00,2025-12-12 16:30:00+00:00,LONG,357.5,355.4941001475861,5,-10.029499262069521,SL,2,0.02,26.389301118856977,2.0058998524139047,355.4941001475861,361.5117997048278
SMH,2025-12-12,2025-12-12 16:45:00+00:00,2025-12-12 20:30:00+00:00,LONG,355.8,353.7019672100024,5,-10.490163949988016,SL,15,0.16,25.68906809984466,2.0980327899975784,353.7019672100024,359.99606557999516
AVGO,2025-09-17,2025-09-17 14:00:00+00:00,2025-09-17 14:15:00+00:00,LONG,351.67,349.87414359353585,5,-8.979282032320839,SL,1,0.01,20.403377673473884,1.7958564064641642,349.87414359353585,355.26171281292835
AVGO,2025-09-17,2025-09-17 14:30:00+00:00,2025-09-17 15:30:00+00:00,LONG,349.18,347.26755238422226,5,-9.562238078888754,SL,4,0.04,17.29737229150956,1.9124476157777732,347.26755238422226,353.00489523155557
AVGO,2025-09-17,2025-09-17 15:45:00+00:00,2025-09-17 16:30:00+00:00,LONG,346.43,344.69143330791303,5,-8.692833460434883,SL,3,0.03,15.29720308489695,1.73856669208696,344.69143330791303,349.9071333841739
AVGO,2025-10-21,2025-10-21 14:00:00+00:00,2025-10-21 14:15:00+00:00,LONG,343.895,342.2273344018944,5,-8.338327990528,SL,1,0.01,29.743164038415756,1.6676655981056179,342.2273344018944,347.23033119621124
AVGO,2025-11-04,2025-11-04 19:45:00+00:00,2025-11-04 20:45:00+00:00,LONG,354.4,352.49583943905424,5,-9.520802804728703,SL,4,0.04,26.38002677336469,1.9041605609457628,352.49583943905424,358.2083211218915
APP,2025-09-05,2025-09-05 14:30:00+00:00,2025-09-05 14:45:00+00:00,LONG,481.57,477.0380099506806,4,-18.127960197277616,SL,1,0.01,27.865704956528887,4.531990049319394,477.0380099506806,490.6339800986388
APP,2025-10-02,2025-10-02 14:00:00+00:00,2025-10-02 16:15:00+00:00,LONG,680.975,675.5554277332421,2,-10.839144533515764,SL,9,0.09,26.181646230803878,5.41957226675787,675.5554277332421,691.8141445335158
APP,2025-10-06,2025-10-06 14:15:00+00:00,2025-10-06 14:30:00+00:00,LONG,658.37,653.4723470349257,3,-14.692958895222773,SL,1,0.01,22.332473350279983,4.897652965074215,653.4723470349257,668.1653059301484
APP,2025-12-12,2025-12-12 15:30:00+00:00,2025-12-12 16:00:00+00:00,LONG,686.24,679.5868209820625,2,-13.306358035875064,SL,2,0.02,26.38534518433329,6.653179017937498,679.5868209820625,699.546358035875
APP,2025-12-12,2025-12-12 16:15:00+00:00,2025-12-12 20:45:00+00:00,LONG,677.95,670.4431762746325,2,-15.013647450735107,SL,18,0.19,28.014001127179924,7.5068237253676005,670.4431762746325,692.9636474507353
CRWD,2025-09-25,2025-09-25 13:45:00+00:00,2025-09-25 14:00:00+00:00,LONG,472.57,470.7890973326655,4,-7.12361066933795,SL,1,0.01,27.380572502745693,1.7809026673344874,470.7890973326655,476.13180533466897
CRWD,2025-10-07,2025-10-07 15:00:00+00:00,2025-10-07 15:15:00+00:00,LONG,487.27,485.1503275337229,4,-8.478689865108436,SL,1,0.01,27.69357740078668,2.119672466277115,485.1503275337229,491.5093449325542
CRWD,2025-10-07,2025-10-07 15:30:00+00:00,2025-10-07 15:45:00+00:00,LONG,481.49,479.06839465917943,4,-9.686421363282307,SL,1,0.01,19.60012556629205,2.4216053408205767,479.06839465917943,486.33321068164116
CRWD,2025-11-13,2025-11-13 16:45:00+00:00,2025-11-13 18:15:00+00:00,LONG,531.63,528.6685305701855,3,-8.884408289443627,SL,6,0.06,29.398510814756662,2.9614694298145747,528.6685305701855,537.5529388596292
PLTR,2025-09-17,2025-09-17 14:45:00+00:00,2025-09-17 18:00:00+00:00,LONG,163.98,162.95633698545703,12,-12.283956174515538,SL,13,0.14,22.501670632775685,1.0236630145429493,162.95633698545703,166.02732602908588
PLTR,2025-10-03,2025-10-03 14:30:00+00:00,2025-10-03 16:45:00+00:00,LONG,178.84,177.46298886855539,11,-15.147122445890801,SL,9,0.09,24.450000121148122,1.3770111314446054,177.46298886855539,181.5940222628892
PLTR,2025-11-04,2025-11-04 15:15:00+00:00,2025-11-04 18:30:00+00:00,LONG,191.84,189.15736538799192,10,-26.82634612008087,SL,13,0.14,25.494506816800325,2.682634612008079,189.15736538799192,197.20526922401615
PLTR,2025-12-12,2025-12-12 16:15:00+00:00,2025-12-12 16:30:00+00:00,LONG,179.345,177.7767665263608,11,-17.25056821003116,SL,1,0.01,28.79466922728588,1.568233473639208,177.7767665263608,182.48146694727842
PLTR,2025-12-17,2025-12-17 16:45:00+00:00,2025-12-17 20:45:00+00:00,LONG,178.65,177.01400303092421,11,-17.995966659833698,SL,16,0.17,25.38902738105675,1.6359969690758,177.01400303092421,181.92199393815162
ARM,2025-09-12,2025-09-12 14:30:00+00:00,2025-09-12 15:00:00+00:00,LONG,150.46,149.45881484174672,13,-13.015407057292805,SL,2,0.02,27.507615640474498,1.0011851582532825,149.45881484174672,152.46237031650656
ARM,2025-09-19,2025-09-19 15:30:00+00:00,2025-09-19 19:45:00+00:00,LONG,143.04,142.87,13,-2.2099999999998374,EOD,17,0.18,29.398016473135698,1.1620140147781024,141.8779859852219,145.3640280295562
ARM,2025-10-10,2025-10-10 15:45:00+00:00,2025-10-10 16:30:00+00:00,LONG,160.26,158.23842085450661,12,-24.258949745920518,SL,3,0.03,24.273863412710057,2.021579145493387,158.23842085450661,164.30315829098677
ARM,2025-10-10,2025-10-10 16:45:00+00:00,2025-10-10 17:00:00+00:00,LONG,157.9,156.00863619391825,12,-22.696365672981074,SL,1,0.01,20.388219915344166,1.891363806081751,156.00863619391825,161.68272761216352
ARM,2025-10-22,2025-10-22 14:45:00+00:00,2025-10-22 16:30:00+00:00,LONG,164.65,163.07175778011595,12,-18.938906638608728,SL,7,0.07,29.831456438374346,1.5782422198840633,163.07175778011595,167.80648443976813
ARM,2025-10-30,2025-10-30 13:45:00+00:00,2025-10-30 14:45:00+00:00,LONG,167.38,166.06535811624468,11,-14.461060721308456,SL,4,0.04,24.2766500706272,1.3146418837553278,166.06535811624468,170.00928376751065
MSFT,2025-09-17,2025-09-17 13:30:00+00:00,2025-09-17 13:45:00+00:00,LONG,510.375,509.47358969217214,3,-2.7042309234835784,SL,1,0.01,29.82820073652077,0.901410307827882,509.47358969217214,512.1778206156557
MSFT,2025-10-30,2025-10-30 14:00:00+00:00,2025-10-30 15:15:00+00:00,LONG,528.01,525.3514138544316,3,-7.975758436705178,SL,5,0.05,27.310633405561816,2.658586145568376,525.3514138544316,533.3271722911368
MSFT,2025-10-30,2025-10-30 15:30:00+00:00,2025-10-30 15:45:00+00:00,LONG,525.32,522.5423788710614,3,-8.33286338681603,SL,1,0.01,27.30776237755697,2.777621128938714,522.5423788710614,530.8752422578775
GOOGL,2025-09-02,2025-09-02 15:15:00+00:00,2025-09-02 15:45:00+00:00,LONG,207.45,206.34905412365623,9,-9.90851288709382,SL,2,0.02,28.682037021199804,1.100945876343756,206.34905412365623,209.6518917526875
GOOGL,2025-11-07,2025-11-07 15:30:00+00:00,2025-11-07 15:45:00+00:00,LONG,278.03,276.44050396534766,7,-11.126472242566194,SL,1,0.01,27.67040751650005,1.58949603465232,276.44050396534766,281.2089920693046
GOOGL,2025-11-13,2025-11-13 15:00:00+00:00,2025-11-13 18:30:00+00:00,LONG,279.015,277.53760703230375,7,-10.341750773873628,SL,14,0.15,26.15246997543521,1.4773929676962043,277.53760703230375,281.9697859353924
GOOGL,2025-12-08,2025-12-08 16:30:00+00:00,2025-12-08 17:00:00+00:00,LONG,315.05,313.9030972189558,6,-6.881416686265311,SL,2,0.02,28.99536907888647,1.1469027810442085,313.9030972189558,317.34380556208845
GOOGL,2025-12-12,2025-12-12 15:30:00+00:00,2025-12-12 16:00:00+00:00,LONG,308.285,306.725980438233,6,-9.354117370602012,SL,2,0.02,28.29164803852234,1.559019561766985,306.725980438233,311.403039123534
GOOGL,2025-12-12,2025-12-12 16:15:00+00:00,2025-12-12 16:30:00+00:00,LONG,307.28,305.6542033610779,6,-9.754779833532325,SL,1,0.01,28.350118326418425,1.6257966389220346,305.6542033610779,310.531593277844
NFLX,2025-08-29,2025-08-29 14:15:00+00:00,2025-08-29 14:45:00+00:00,LONG,1209.295,1205.750701890722,1,-3.5442981092780883,SL,2,0.02,28.508188401923064,3.5442981092781762,1205.750701890722,1216.3835962185565
NFLX,2025-09-11,2025-09-11 14:00:00+00:00,2025-09-11 14:15:00+00:00,LONG,1228.845,1223.5749223502269,1,-5.270077649773157,SL,1,0.01,24.148002493490864,5.2700776497732615,1223.5749223502269,1239.3851552995466
ADBE,2025-08-26,2025-08-26 14:45:00+00:00,2025-08-26 15:15:00+00:00,LONG,355.475,354.51596596669566,1,-0.9590340333043628,SL,2,0.02,15.24785878976725,0.9590340333043468,354.51596596669566,357.3930680666087
ADBE,2025-08-26,2025-08-26 15:30:00+00:00,2025-08-26 15:45:00+00:00,LONG,354.89,353.9195161183784,1,-0.9704838816215897,SL,1,0.01,17.909761015663378,0.9704838816215929,353.9195161183784,356.83096776324317
QCOM,2025-09-02,2025-09-02 15:00:00+00:00,2025-09-02 15:15:00+00:00,LONG,156.38,155.53680975451826,12,-10.118282945780834,SL,1,0.01,29.381128902680402,0.8431902454817229,155.53680975451826,158.06638049096344
QCOM,2025-09-29,2025-09-29 15:45:00+00:00,2025-09-29 18:45:00+00:00,LONG,166.07,165.35175983889667,12,-8.61888193323989,SL,12,0.12,28.374797630457323,0.7182401611033107,165.35175983889667,167.5064803222066
QCOM,2025-11-04,2025-11-04 16:30:00+00:00,2025-11-04 17:15:00+00:00,LONG,175.63,174.7335814868483,11,-9.860603644668714,SL,3,0.03,25.90348582677187,0.8964185131517042,174.7335814868483,177.4228370263034
QCOM,2025-11-04,2025-11-04 18:00:00+00:00,2025-11-04 20:15:00+00:00,LONG,175.38,174.6221773437238,11,-8.336049219038244,SL,9,0.09,28.330563473988718,0.7578226562761982,174.6221773437238,176.8956453125524
TXN,2025-09-02,2025-09-02 14:30:00+00:00,2025-09-02 14:45:00+00:00,LONG,198.905,198.10862649996454,10,-7.963735000354575,SL,1,0.01,29.192094934927027,0.7963735000354512,198.10862649996454,200.49774700007092
TXN,2025-09-02,2025-09-02 15:00:00+00:00,2025-09-02 15:30:00+00:00,LONG,197.97,197.1647595841531,10,-8.05240415846896,SL,2,0.02,26.410336095564062,0.8052404158468938,197.1647595841531,199.5804808316938
MU,2025-09-19,2025-09-19 14:30:00+00:00,2025-09-19 14:45:00+00:00,LONG,161.0,159.67509469611906,12,-15.898863646571272,SL,1,0.01,28.49261346668159,1.3249053038809258,159.67509469611906,163.64981060776185
MU,2025-09-24,2025-09-24 15:45:00+00:00,2025-09-24 16:00:00+00:00,LONG,161.72,160.62015658675986,12,-13.198120958881645,SL,1,0.01,26.352698193671046,1.0998434132401258,160.62015658675986,163.91968682648024
MU,2025-10-10,2025-10-10 15:30:00+00:00,2025-10-10 19:45:00+00:00,LONG,183.16,181.5097810950399,10,-16.502189049600986,SL,17,0.18,23.758301732334303,1.6502189049600937,181.5097810950399,186.4604378099202
MU,2025-10-22,2025-10-22 15:30:00+00:00,2025-10-22 16:30:00+00:00,LONG,195.26,193.62249524839947,10,-16.375047516005168,SL,4,0.04,29.461235317447375,1.6375047516005274,193.62249524839947,198.53500950320105
MU,2025-11-04,2025-11-04 19:45:00+00:00,2025-11-04 20:30:00+00:00,LONG,220.03,218.5242473225007,9,-13.551774097493592,SL,3,0.03,27.73321162194138,1.505752677499294,218.5242473225007,223.04150535499858
MU,2025-11-18,2025-11-18 14:45:00+00:00,2025-11-18 15:00:00+00:00,LONG,234.795,232.21915741173686,8,-20.60674070610503,SL,1,0.01,22.53743250411617,2.5758425882631206,232.21915741173686,239.94668517652622
MU,2025-11-18,2025-11-18 15:15:00+00:00,2025-11-18 16:00:00+00:00,LONG,229.54,226.6284826662425,8,-23.292138670060012,SL,3,0.03,18.6731754949176,2.9115173337574882,226.6284826662425,235.36303466751497
MU,2025-12-12,2025-12-12 15:15:00+00:00,2025-12-12 15:30:00+00:00,LONG,246.495,244.19730723886266,8,-18.38154208909873,SL,1,0.01,24.168514654032364,2.297692761137336,244.19730723886266,251.0903855222747
MU,2025-12-12,2025-12-12 15:45:00+00:00,2025-12-12 16:00:00+00:00,LONG,245.41,243.04678532330504,8,-18.905717413559614,SL,1,0.01,24.68511639673713,2.3632146766949473,243.04678532330504,250.1364293533899
MU,2025-12-15,2025-12-15 20:30:00+00:00,2025-12-15 20:45:00+00:00,LONG,237.615,237.51,8,-0.8400000000001455,EOD,1,0.01,29.238503947819865,1.609503858711407,236.0054961412886,240.83400771742282
MU,2025-12-16,2025-12-16 14:30:00+00:00,2025-12-16 14:45:00+00:00,LONG,235.57,233.96787677488658,8,-12.816985800907332,SL,1,0.01,28.31091352956733,1.6021232251134072,233.96787677488658,238.7742464502268
TSM,2025-10-07,2025-10-07 15:45:00+00:00,2025-10-07 18:00:00+00:00,LONG,295.375,293.7679118935806,6,-9.642528638516296,SL,9,0.09,25.977765185625543,1.6070881064193596,293.7679118935806,298.5891762128387
TSM,2025-10-07,2025-10-07 18:15:00+00:00,2025-10-07 19:45:00+00:00,LONG,294.27,294.015,6,-1.5299999999999727,EOD,6,0.06,27.138179705233952,1.2625005981525972,293.0074994018474,296.7950011963052
TSM,2025-10-10,2025-10-10 15:15:00+00:00,2025-10-10 15:30:00+00:00,LONG,293.87,292.6338571406639,6,-7.41685715601659,SL,1,0.01,22.67614328126497,1.2361428593360981,292.6338571406639,296.3422857186722
TSM,2025-12-12,2025-12-12 15:30:00+00:00,2025-12-12 15:45:00+00:00,LONG,295.675,294.0691793657662,6,-9.634923805402764,SL,1,0.01,23.501493654530123,1.6058206342338082,294.0691793657662,298.88664126846766
TSM,2025-12-12,2025-12-12 16:00:00+00:00,2025-12-12 20:00:00+00:00,LONG,294.175,292.38676690211474,6,-10.729398587311607,SL,16,0.17,24.689239690885117,1.7882330978852703,292.38676690211474,297.75146619577055
CRWV,2025-09-12,2025-09-12 14:00:00+00:00,2025-09-12 15:00:00+00:00,LONG,110.525,109.04927888128833,18,-26.562980136810154,SL,4,0.04,25.923362816436537,1.475721118711672,109.04927888128833,113.47644223742336
CRWV,2025-09-12,2025-09-12 15:15:00+00:00,2025-09-12 15:45:00+00:00,LONG,107.79,106.29017892223142,18,-26.996779399834566,SL,2,0.02,23.51558862509937,1.4998210777685885,106.29017892223142,110.78964215553718
CRWV,2025-09-26,2025-09-26 14:15:00+00:00,2025-09-26 14:30:00+00:00,LONG,123.885,121.78654943445707,16,-33.57520904868693,SL,1,0.01,29.695442507978342,2.0984505655429317,121.78654943445707,128.08190113108586
CRWV,2025-09-26,2025-09-26 15:00:00+00:00,2025-09-26 15:15:00+00:00,LONG,121.995,119.84498874180109,16,-34.40018013118265,SL,1,0.01,29.575584106235766,2.1500112581989157,119.84498874180109,126.29502251639784
CRWV,2025-10-07,2025-10-07 15:30:00+00:00,2025-10-07 15:45:00+00:00,LONG,129.56,127.73366243860137,15,-27.39506342097947,SL,1,0.01,26.430688969801523,1.8263375613986348,127.73366243860137,133.21267512279726
WDC,2025-10-07,2025-10-07 14:30:00+00:00,2025-10-07 14:45:00+00:00,LONG,122.88,121.78610805236498,16,-17.50227116216024,SL,1,0.01,28.373570822551855,1.0938919476350142,121.78610805236498,125.06778389527003
WDC,2025-10-07,2025-10-07 15:00:00+00:00,2025-10-07 15:15:00+00:00,LONG,121.94,120.69664418800858,16,-19.893692991862736,SL,1,0.01,29.186168271379472,1.2433558119914152,120.69664418800858,124.42671162398283
WDC,2025-10-07,2025-10-07 15:30:00+00:00,2025-10-07 15:45:00+00:00,LONG,120.4,119.14358606006863,16,-20.10262303890204,SL,1,0.01,25.29185508387529,1.2564139399313736,119.14358606006863,122.91282787986275
WDC,2025-10-27,2025-10-27 16:00:00+00:00,2025-10-27 16:15:00+00:00,LONG,124.95,123.92955999404185,16,-16.327040095330403,SL,1,0.01,26.505579969661184,1.0204400059581482,123.92955999404185,126.9908800119163
WDC,2025-12-12,2025-12-12 16:00:00+00:00,2025-12-12 16:15:00+00:00,LONG,173.405,171.24052107867885,11,-23.80926813453263,SL,1,0.01,29.223312399423364,2.1644789213211517,171.24052107867885,177.7339578426423
NET,2025-09-17,2025-09-16 19:45:00+00:00,2025-09-17 13:30:00+00:00,LONG,218.745,217.96793716887916,9,-6.993565480087597,SL,1,0.74,25.70008682954375,0.7770628311208467,217.96793716887916,220.2991256622417
NET,2025-09-17,2025-09-17 13:45:00+00:00,2025-09-17 14:15:00+00:00,LONG,216.035,215.00436929357437,9,-9.275676357830633,SL,2,0.02,21.430787888719493,1.030630706425627,215.00436929357437,218.09626141285125
NET,2025-09-17,2025-09-17 14:30:00+00:00,2025-09-17 15:30:00+00:00,LONG,213.255,212.09157228060602,9,-10.470849474545815,SL,4,0.04,15.783336681761043,1.1634277193939893,212.09157228060602,215.58185543878798
NET,2025-11-04,2025-11-04 18:30:00+00:00,2025-11-04 19:30:00+00:00,LONG,235.275,233.4879784312358,8,-14.296172550113624,SL,4,0.04,29.684781948969288,1.7870215687641968,233.4879784312358,238.8490431375284
NET,2025-11-06,2025-11-06 15:00:00+00:00,2025-11-06 15:30:00+00:00,LONG,225.51,223.97365968716085,8,-12.290722502713152,SL,2,0.02,25.46903027940259,1.5363403128391404,223.97365968716085,228.58268062567828
NET,2025-11-06,2025-11-06 15:45:00+00:00,2025-11-06 16:30:00+00:00,LONG,223.625,221.89118452357596,8,-13.870523811392331,SL,3,0.03,25.804498339081746,1.7338154764240499,221.89118452357596,227.0926309528481
NET,2025-11-12,2025-11-12 15:00:00+00:00,2025-11-12 15:15:00+00:00,LONG,233.0,231.80828576536032,8,-9.533713877117407,SL,1,0.01,24.29724315787894,1.191714234639672,231.80828576536032,235.38342846927935
GS,2025-09-24,2025-09-24 16:15:00+00:00,2025-09-24 19:45:00+00:00,LONG,794.98,792.68,2,-4.600000000000136,EOD,12,0.15,28.700028583036726,2.395223995332013,792.584776004668,799.770447990664
GS,2025-11-13,2025-11-13 18:45:00+00:00,2025-11-13 19:45:00+00:00,LONG,815.08,811.6310597195367,2,-6.897880560926751,SL,4,0.04,28.892161584279563,3.4489402804633844,811.6310597195367,821.9778805609268
GS,2025-11-13,2025-11-13 20:00:00+00:00,2025-11-13 20:15:00+00:00,LONG,810.02,806.7148277251404,2,-6.61034454971923,SL,1,0.01,27.967626963975405,3.305172274859613,806.7148277251404,816.6303445497192
GS,2025-11-13,2025-11-13 20:30:00+00:00,2025-11-13 20:45:00+00:00,LONG,808.0,805.23,2,-5.539999999999964,EOD,1,0.01,24.456095333550607,3.2979291553636467,804.7020708446364,814.5958583107273
GS,2025-12-12,2025-12-12 19:15:00+00:00,2025-12-12 20:45:00+00:00,LONG,891.69,888.2398043365449,2,-6.900391326910267,SL,6,0.06,29.933363978479377,3.450195663455164,888.2398043365449,898.5903913269104
GS,2025-12-16,2025-12-16 15:30:00+00:00,2025-12-16 17:15:00+00:00,LONG,882.8,879.5048136972516,2,-6.590372605496668,SL,7,0.07,29.549132265667225,3.2951863027482884,879.5048136972516,889.3903726054965
FSLR,2025-10-28,2025-10-28 18:00:00+00:00,2025-10-28 18:30:00+00:00,LONG,241.15,240.0277088931226,8,-8.9783288550193,SL,2,0.02,28.893977463764756,1.1222911068774173,240.0277088931226,243.39458221375483
FSLR,2025-10-28,2025-10-28 18:45:00+00:00,2025-10-28 19:30:00+00:00,LONG,239.245,238.1059134249965,8,-9.11269260002814,SL,3,0.03,23.468595221414347,1.13908657500353,238.1059134249965,241.52317315000707
FSLR,2025-11-07,2025-11-07 15:45:00+00:00,2025-11-07 16:30:00+00:00,LONG,259.805,257.0658500667794,7,-19.174049532544416,SL,3,0.03,29.933249142032196,2.739149933220654,257.0658500667794,265.2832998664413
SHOP,2025-09-23,2025-09-23 18:00:00+00:00,2025-09-23 19:45:00+00:00,LONG,150.0,149.965,13,-0.45499999999995566,EOD,7,0.07,28.336222327033738,0.8401833293501981,149.1598166706498,151.6803666587004
SHOP,2025-10-10,2025-10-10 15:30:00+00:00,2025-10-10 16:30:00+00:00,LONG,155.48,154.29967332178379,12,-14.163920138594449,SL,4,0.04,15.551429741870422,1.1803266782162003,154.29967332178379,157.8406533564324
SHOP,2025-10-10,2025-10-10 16:45:00+00:00,2025-10-10 17:00:00+00:00,LONG,154.07,152.78593284543842,12,-15.40880585473883,SL,1,0.01,18.854681055782095,1.2840671545615785,152.78593284543842,156.63813430912316
BURL,2025-09-09,2025-09-09 14:30:00+00:00,2025-09-09 16:45:00+00:00,LONG,283.65,282.70474552897434,7,-6.616781297179443,SL,9,0.09,19.264591737338137,0.9452544710256472,282.70474552897434,285.54050894205125
BURL,2025-10-31,2025-10-30 19:45:00+00:00,2025-10-31 13:30:00+00:00,LONG,273.11,271.93055541753534,7,-8.25611207725268,SL,1,0.74,28.67208187600386,1.1794445824646467,271.93055541753534,275.4688891649293
BURL,2025-11-17,2025-11-17 18:45:00+00:00,2025-11-17 19:00:00+00:00,LONG,276.63,275.5797734250588,7,-7.351586024588244,SL,1,0.01,29.144242105524995,1.0502265749411868,275.5797734250588,278.73045314988235
BURL,2025-11-17,2025-11-17 19:15:00+00:00,2025-11-17 19:30:00+00:00,LONG,274.86,273.81738116752524,7,-7.298331827323409,SL,1,0.01,25.275890504020182,1.0426188324747983,273.81738116752524,276.9452376649496
ZS,2025-09-24,2025-09-24 16:00:00+00:00,2025-09-24 18:00:00+00:00,LONG,284.99,284.19920854440556,7,-5.535540189161111,SL,4,0.08,27.731315652271505,0.7907914555944215,284.19920854440556,286.57158291118884
ZS,2025-10-07,2025-10-07 14:00:00+00:00,2025-10-07 14:15:00+00:00,LONG,299.29,298.0709040999084,6,-7.31457540054987,SL,1,0.01,21.029705528334972,1.2190959000916493,298.0709040999084,301.7281918001833
ZS,2025-10-07,2025-10-07 14:30:00+00:00,2025-10-07 14:45:00+00:00,LONG,299.26,297.91935098410465,6,-8.043894095372025,SL,1,0.01,25.095445690553717,1.3406490158953486,297.91935098410465,301.94129803179067
ZS,2025-10-07,2025-10-07 15:00:00+00:00,2025-10-07 15:15:00+00:00,LONG,296.18,294.7645424301719,6,-8.492745418968639,SL,1,0.01,25.160474615345805,1.4154575698281342,294.7645424301719,299.0109151396563
ZS,2025-11-05,2025-11-05 15:15:00+00:00,2025-11-05 15:45:00+00:00,LONG,323.055,321.3844951851752,6,-10.023028888948943,SL,2,0.02,26.39696315049956,1.6705048148248025,321.3844951851752,326.3960096296496
ZS,2025-11-05,2025-11-05 16:00:00+00:00,2025-11-05 17:30:00+00:00,LONG,320.95,319.2228101027077,6,-10.363139383753833,SL,6,0.06,22.445727308608028,1.7271898972923054,319.2228101027077,324.4043797945846
ZS,2025-11-05,2025-11-05 18:00:00+00:00,2025-11-05 19:15:00+00:00,LONG,318.93,317.60431996754005,6,-7.95408019475974,SL,5,0.05,19.20633069934472,1.325680032459984,317.60431996754005,321.58136006492
IBM,2025-10-08,2025-10-08 16:45:00+00:00,2025-10-08 17:00:00+00:00,LONG,288.765,287.7435972756073,6,-6.128416346355948,SL,1,0.01,28.391847613243613,1.0214027243926516,287.7435972756073,290.8078054487853
IBM,2025-10-10,2025-10-10 16:00:00+00:00,2025-10-10 16:45:00+00:00,LONG,283.34,282.23269641229,7,-7.751125113969749,SL,3,0.03,27.865909402918987,1.1073035877099695,282.23269641229,285.5546071754199
IBM,2025-10-10,2025-10-10 18:45:00+00:00,2025-10-10 19:00:00+00:00,LONG,281.26,280.43911195727884,7,-5.746216299048058,SL,1,0.01,24.71495596106068,0.8208880427211394,280.43911195727884,282.9017760854423
IBM,2025-10-10,2025-10-10 19:15:00+00:00,2025-10-10 19:30:00+00:00,LONG,280.11,279.2904077590823,7,-5.737145686423901,SL,1,0.01,20.685795292098405,0.8195922409177182,279.2904077590823,281.74918448183547
IBM,2025-10-29,2025-10-29 18:00:00+00:00,2025-10-29 18:30:00+00:00,LONG,309.395,308.43851100487814,6,-5.738933970731068,SL,2,0.02,25.95590271664942,0.95648899512184,308.43851100487814,311.30797799024367
IBM,2025-10-29,2025-10-29 18:45:00+00:00,2025-10-29 19:45:00+00:00,LONG,308.81,308.37,6,-2.6399999999999864,EOD,4,0.04,26.720563105672355,1.046303324447038,307.763696675553,310.9026066488941
IBM,2025-11-04,2025-11-04 16:00:00+00:00,2025-11-04 16:15:00+00:00,LONG,300.84,299.3479026430894,6,-8.952584141463376,SL,1,0.01,29.889103701001105,1.4920973569105571,299.3479026430894,303.8241947138211
IBM,2025-11-13,2025-11-13 15:45:00+00:00,2025-11-13 16:45:00+00:00,LONG,310.51,308.9614084964836,6,-9.291549021098263,SL,4,0.04,27.871040306341214,1.5485915035163789,308.9614084964836,313.60718300703275
IBM,2025-11-13,2025-11-13 18:00:00+00:00,2025-11-13 18:15:00+00:00,LONG,308.69,307.44574427998293,6,-7.4655343201023925,SL,1,0.01,24.4123660475003,1.2442557200170843,307.44574427998293,311.1785114400342
IBM,2025-11-13,2025-11-13 18:30:00+00:00,2025-11-13 19:45:00+00:00,LONG,306.54,305.2938560373322,6,-7.476863776006894,SL,5,0.05,19.21340035173634,1.246143962667789,305.2938560373322,309.0322879253356
IBM,2025-12-12,2025-12-12 16:15:00+00:00,2025-12-12 16:30:00+00:00,LONG,305.575,304.4593837999228,6,-6.693697200463021,SL,1,0.01,26.248051563150327,1.1156162000771772,304.4593837999228,307.80623240015433
MPWR,2025-08-29,2025-08-29 16:00:00+00:00,2025-08-29 17:00:00+00:00,LONG,843.42,840.5170670697873,2,-5.805865860425229,SL,3,0.04,29.25128781419096,2.9029329302126445,840.5170670697873,849.2258658604253
MPWR,2025-10-10,2025-10-10 16:00:00+00:00,2025-10-10 19:30:00+00:00,LONG,936.935,932.0671999000073,2,-9.735600199985356,SL,8,0.15,26.047875339958196,4.867800099992623,932.0671999000073,946.6706001999852
MDB,2025-09-17,2025-09-17 19:00:00+00:00,2025-09-17 19:45:00+00:00,LONG,317.11,314.95,6,-12.96000000000015,EOD,3,0.03,27.20488530955795,2.809399499335146,314.30060050066487,322.7287989986703
MDB,2025-12-17,2025-12-17 20:30:00+00:00,2025-12-17 20:45:00+00:00,LONG,413.365,412.51,4,-3.4200000000000728,EOD,1,0.01,28.01893307187254,1.8187572773087974,411.5462427226912,417.0025145546176
AMAT,2025-10-07,2025-10-07 15:00:00+00:00,2025-10-07 15:30:00+00:00,LONG,219.19,218.0519115691602,9,-10.24279587755808,SL,2,0.02,28.637727987491957,1.1380884308397827,218.0519115691602,221.46617686167957
AMAT,2025-10-07,2025-10-07 15:45:00+00:00,2025-10-07 16:00:00+00:00,LONG,216.74,215.4950235850747,9,-11.204787734327738,SL,1,0.01,22.089937458818227,1.2449764149252922,215.4950235850747,219.2299528298506
AMAT,2025-10-07,2025-10-07 16:15:00+00:00,2025-10-07 18:30:00+00:00,LONG,215.19,213.90050502998787,9,-11.605454730109159,SL,9,0.09,19.18307461877832,1.289494970012115,213.90050502998787,217.76898994002423
AMAT,2025-10-22,2025-10-22 15:15:00+00:00,2025-10-22 15:30:00+00:00,LONG,222.04,221.02226682616552,9,-9.159598564510247,SL,1,0.01,29.141916932889572,1.017733173834474,221.02226682616552,224.07546634766894
AMAT,2025-10-22,2025-10-22 15:45:00+00:00,2025-10-22 16:15:00+00:00,LONG,221.26,220.17618925317333,9,-9.754296721439914,SL,2,0.02,28.72995225544574,1.0838107468266627,220.17618925317333,223.4276214936533
AMAT,2025-10-22,2025-10-22 16:30:00+00:00,2025-10-22 16:45:00+00:00,LONG,219.635,218.53431770744234,9,-9.90614063301885,SL,1,0.01,25.73959502375196,1.1006822925576452,218.53431770744234,221.8363645851153
AMAT,2025-11-04,2025-11-04 20:30:00+00:00,2025-11-04 20:45:00+00:00,LONG,231.36,230.442456446428,8,-7.340348428576135,SL,1,0.01,29.635642609850805,0.9175435535720058,230.442456446428,233.19508710714402
AMAT,2025-11-07,2025-11-07 15:15:00+00:00,2025-11-07 15:30:00+00:00,LONG,228.82,227.056501389978,8,-14.10798888017598,SL,1,0.01,29.433933643753946,1.763498610022009,227.056501389978,232.34699722004402
AMAT,2025-12-12,2025-12-12 16:45:00+00:00,2025-12-12 20:15:00+00:00,LONG,260.42,258.6389301603405,7,-12.46748887761646,SL,14,0.15,29.916267993393248,1.7810698396594689,258.6389301603405,263.98213967931895
HLT,2025-09-05,2025-09-05 16:15:00+00:00,2025-09-05 16:45:00+00:00,LONG,272.98,272.28478392402974,7,-4.866512531791955,SL,2,0.02,28.229713577275064,0.6952160759702956,272.28478392402974,274.37043215194063
HLT,2025-10-23,2025-10-23 18:45:00+00:00,2025-10-23 19:45:00+00:00,LONG,268.58,267.73574430455875,7,-5.909789868088637,SL,4,0.04,27.601681660339025,0.844255695441248,267.73574430455875,270.26851139088245
HLT,2025-10-24,2025-10-24 13:30:00+00:00,2025-10-24 13:45:00+00:00,LONG,270.135,269.2880595233246,7,-5.928583336727797,SL,1,0.01,26.88564220712422,0.846940476675393,269.2880595233246,271.8288809533508
HLT,2025-11-13,2025-11-13 20:30:00+00:00,2025-11-13 20:45:00+00:00,LONG,271.75,271.11458013824677,7,-4.447939032272643,SL,1,0.01,26.645477595188893,0.6354198617532588,271.11458013824677,273.0208397235065
HLT,2025-12-02,2025-12-02 15:00:00+00:00,2025-12-02 15:15:00+00:00,LONG,279.8,278.98815926490823,7,-5.6828851456424445,SL,1,0.01,20.168182980032995,0.8118407350917983,278.98815926490823,281.4236814701836
HLT,2025-12-04,2025-12-04 15:45:00+00:00,2025-12-04 16:00:00+00:00,LONG,275.63,274.68038747974003,7,-6.64728764181973,SL,1,0.01,26.303382442370108,0.9496125202599868,274.68038747974003,277.52922504052
HLT,2025-12-04,2025-12-04 16:15:00+00:00,2025-12-04 19:15:00+00:00,LONG,273.79,272.8297728779391,7,-6.721589854426497,SL,12,0.12,21.83780881215891,0.9602271220609085,272.8297728779391,275.7104542441218
CME,2025-10-01,2025-10-01 14:15:00+00:00,2025-10-01 14:30:00+00:00,LONG,266.295,265.54562060922126,7,-5.245655735451294,SL,1,0.01,21.553455810323726,0.7493793907787495,265.54562060922126,267.79375878155753
CME,2025-11-19,2025-11-19 15:15:00+00:00,2025-11-19 15:45:00+00:00,LONG,273.49,272.41666499216814,7,-7.513345054823105,SL,2,0.02,18.00634427579405,1.0733350078318764,272.41666499216814,275.63667001566375
CME,2025-12-02,2025-12-02 15:45:00+00:00,2025-12-02 16:00:00+00:00,LONG,276.63,275.9480464973472,7,-4.773674518569521,SL,1,0.01,24.67879536510172,0.681953502652813,275.9480464973472,277.99390700530563
APO,2025-09-24,2025-09-24 15:30:00+00:00,2025-09-24 16:00:00+00:00,LONG,140.88,140.21322518551554,14,-9.334847402782373,SL,2,0.02,22.05841495287109,0.6667748144844561,140.21322518551554,142.2135496289689
APO,2025-09-24,2025-09-24 16:15:00+00:00,2025-09-24 16:45:00+00:00,LONG,140.065,139.4452571911726,14,-8.676399323583553,SL,2,0.02,19.39152869756161,0.619742808827388,139.4452571911726,141.30448561765476
APO,2025-09-24,2025-09-24 18:00:00+00:00,2025-09-24 19:00:00+00:00,LONG,139.19,138.6050796132312,14,-8.188885414763206,SL,4,0.04,24.849731398774125,0.5849203867687865,138.6050796132312,140.35984077353757
ETN,2025-09-17,2025-09-17 14:15:00+00:00,2025-09-17 14:30:00+00:00,LONG,366.21,364.8972489372298,5,-6.5637553138509475,SL,1,0.01,24.38033577694297,1.3127510627701828,364.8972489372298,368.83550212554036
ETN,2025-09-23,2025-09-23 15:45:00+00:00,2025-09-23 16:00:00+00:00,LONG,370.92,369.415382968268,5,-7.523085158660194,SL,1,0.01,28.20169860192469,1.5046170317320358,369.415382968268,373.9292340634641
ETN,2025-09-23,2025-09-23 16:15:00+00:00,2025-09-23 17:45:00+00:00,LONG,368.9,367.17045776345554,5,-8.647711182722162,SL,6,0.06,23.444131779596944,1.7295422365444584,367.17045776345554,372.3590844730889
RBLX,2025-09-17,2025-09-17 14:45:00+00:00,2025-09-17 15:00:00+00:00,LONG,130.855,129.98190597430425,15,-13.09641038543603,SL,1,0.01,23.48298959994881,0.8730940256957238,129.98190597430425,132.60118805139143
RBLX,2025-09-17,2025-09-17 15:15:00+00:00,2025-09-17 15:30:00+00:00,LONG,131.43,130.55692402886442,15,-13.096139567033873,SL,1,0.01,22.912254148087925,0.8730759711356005,130.55692402886442,133.17615194227122
BLK,2025-12-16,2025-12-16 14:45:00+00:00,2025-12-16 15:15:00+00:00,LONG,1069.815,1066.2628537453757,1,-3.552146254624404,SL,2,0.02,27.500941767410325,3.552146254624481,1066.2628537453757,1076.919292509249
BLK,2025-12-16,2025-12-16 15:30:00+00:00,2025-12-16 20:45:00+00:00,LONG,1068.68,1067.9,1,-0.7799999999999727,EOD,21,0.22,27.71696765848418,3.955519432000718,1064.7244805679993,1076.5910388640016
DE,2025-10-31,2025-10-31 13:30:00+00:00,2025-10-31 14:15:00+00:00,LONG,460.83,459.42094491899076,4,-5.636220324036913,SL,3,0.03,27.070063641127035,1.4090550810092253,459.42094491899076,463.64811016201844
DE,2025-11-26,2025-11-26 15:30:00+00:00,2025-11-26 15:45:00+00:00,LONG,480.96,477.1700156755934,4,-15.159937297626357,SL,1,0.01,28.93427155594233,3.789984324406561,477.1700156755934,488.5399686488131
ADI,2025-08-29,2025-08-29 14:30:00+00:00,2025-08-29 17:00:00+00:00,LONG,252.23,251.49094305155884,7,-5.1733986390880204,SL,10,0.1,25.03101354343599,0.7390569484411483,251.49094305155884,253.70811389688228
ADI,2025-12-17,2025-12-17 16:45:00+00:00,2025-12-17 17:30:00+00:00,LONG,274.24,273.0010617433337,7,-8.672567796664111,SL,3,0.03,29.25395066116397,1.2389382566663085,273.0010617433337,276.7178765133326
ADI,2025-12-17,2025-12-17 18:00:00+00:00,2025-12-17 18:30:00+00:00,LONG,272.34,271.17142395628974,7,-8.180032305971622,SL,2,0.02,23.694367963109272,1.1685760437102135,271.17142395628974,274.6771520874204
TSLA,2025-08-29,2025-08-29 15:00:00+00:00,2025-08-29 15:30:00+00:00,LONG,338.54,336.7629596438852,5,-8.88520178057405,SL,2,0.02,25.735216843413156,1.7770403561148027,336.7629596438852,342.09408071222964
TSLA,2025-08-29,2025-08-29 15:45:00+00:00,2025-08-29 17:00:00+00:00,LONG,335.165,333.29622534169675,5,-9.343873291516331,SL,5,0.05,24.389910408423077,1.868774658303291,333.29622534169675,338.9025493166066
TSLA,2025-08-29,2025-08-29 18:00:00+00:00,2025-08-29 18:30:00+00:00,LONG,333.6,332.07902916795337,5,-7.6048541602332875,SL,2,0.02,25.807971220175617,1.5209708320466713,332.07902916795337,336.64194166409334
TSLA,2025-10-02,2025-10-02 16:45:00+00:00,2025-10-02 18:30:00+00:00,LONG,442.82,439.2621258325104,4,-14.23149666995846,SL,7,0.07,28.308886291616034,3.5578741674896315,439.2621258325104,449.9357483349793
TSLA,2025-10-03,2025-10-03 13:30:00+00:00,2025-10-03 13:45:00+00:00,LONG,443.545,440.33168437716256,4,-12.853262491349824,SL,1,0.01,28.18957062941803,3.2133156228374498,440.33168437716256,449.9716312456749
TSLA,2025-10-03,2025-10-03 14:30:00+00:00,2025-10-03 17:00:00+00:00,LONG,427.855,423.5601112165801,4,-17.17955513367974,SL,10,0.1,27.295971691623635,4.294888783419935,423.5601112165801,436.4447775668399
TSLA,2025-10-22,2025-10-22 14:15:00+00:00,2025-10-22 14:30:00+00:00,LONG,438.82,436.72910011141266,4,-8.363599554349321,SL,1,0.01,28.38710722194726,2.09089988858735,436.72910011141266,443.0017997771747
TSLA,2025-10-30,2025-10-30 14:30:00+00:00,2025-10-30 15:30:00+00:00,LONG,444.435,440.63652184564035,4,-15.193912617438627,SL,4,0.04,28.826668655209147,3.7984781543596386,440.63652184564035,452.03195630871926
TSLA,2025-10-30,2025-10-30 15:45:00+00:00,2025-10-30 19:45:00+00:00,LONG,440.93,440.06,4,-3.480000000000018,EOD,16,0.17,27.875132779382156,3.5548759619627472,437.37512403803726,448.0397519239255
TSLA,2025-12-08,2025-12-08 15:15:00+00:00,2025-12-08 15:30:00+00:00,LONG,444.13,441.977980975836,4,-8.608076096656077,SL,1,0.01,22.658742490074957,2.1520190241640327,441.977980975836,448.43403804832803
TSLA,2025-12-08,2025-12-08 15:45:00+00:00,2025-12-08 16:00:00+00:00,LONG,441.715,439.4749938005932,4,-8.960024797627057,SL,1,0.01,19.013299723321865,2.2400061994067473,439.4749938005932,446.19501239881345
TSLA,2025-12-08,2025-12-08 16:15:00+00:00,2025-12-08 18:30:00+00:00,LONG,438.68,436.43596404234825,4,-8.976143830607043,SL,9,0.09,15.793112215898404,2.244035957651737,436.43596404234825,443.16807191530347
TQQQ,2025-11-04,2025-11-04 16:15:00+00:00,2025-11-04 17:00:00+00:00,LONG,113.9,112.92947244277414,17,-16.498968472839692,SL,3,0.03,29.83133486162805,0.9705275572258614,112.92947244277414,115.84105511445173
TQQQ,2025-11-04,2025-11-04 18:00:00+00:00,2025-11-04 18:30:00+00:00,LONG,112.47,111.58327089431961,17,-15.074394796566594,SL,2,0.02,26.014179508133353,0.8867291056803832,111.58327089431961,114.24345821136076
TQQQ,2025-11-04,2025-11-04 18:45:00+00:00,2025-11-04 19:30:00+00:00,LONG,112.06,111.22315639752922,17,-14.226341242003244,SL,3,0.03,24.804332056683748,0.8368436024707744,111.22315639752922,113.73368720494155
COIN,2025-09-23,2025-09-23 18:00:00+00:00,2025-09-23 18:15:00+00:00,LONG,322.2,320.3244291346149,6,-11.253425192310601,SL,1,0.01,26.672550268543105,1.8755708653850844,320.3244291346149,325.95114173077013
COIN,2025-10-07,2025-10-07 15:15:00+00:00,2025-10-07 15:30:00+00:00,LONG,370.99,367.65200488471805,5,-16.68997557640978,SL,1,0.01,28.44696696418802,3.3379951152819425,367.65200488471805,377.6659902305639
COIN,2025-10-10,2025-10-10 16:45:00+00:00,2025-10-10 17:00:00+00:00,LONG,364.38,359.7959343497815,5,-22.9203282510926,SL,1,0.01,28.889112102154712,4.584065650218534,359.7959343497815,373.54813130043703
COIN,2025-10-10,2025-10-10 18:00:00+00:00,2025-10-10 19:15:00+00:00,LONG,359.7,355.5556974261718,5,-20.721512869141065,SL,5,0.05,29.074127161332186,4.14430257382822,355.5556974261718,367.9886051476564
PYPL,2025-10-10,2025-10-10 16:45:00+00:00,2025-10-10 17:00:00+00:00,LONG,71.78,71.21598416611215,27,-15.228427514971969,SL,1,0.01,22.08083039328136,0.5640158338878472,71.21598416611215,72.9080316677757
PYPL,2025-10-29,2025-10-29 14:15:00+00:00,2025-10-29 15:00:00+00:00,LONG,71.58,70.81279750836569,27,-20.714467274126307,SL,3,0.03,28.036793226518668,0.7672024916343106,70.81279750836569,73.11440498326861
PYPL,2025-10-29,2025-10-29 15:15:00+00:00,2025-10-29 18:30:00+00:00,LONG,71.09,70.4063434411816,28,-19.142383646915164,SL,13,0.14,27.500096499516275,0.6836565588183972,70.4063434411816,72.4573131176368
IREN,2025-09-26,2025-09-26 14:15:00+00:00,2025-09-26 14:30:00+00:00,LONG,41.995,40.931279598777664,47,-49.99485885744968,SL,1,0.01,24.75882694402536,1.0637204012223354,40.931279598777664,44.12244080244467
IREN,2025-11-07,2025-11-07 15:00:00+00:00,2025-11-07 15:30:00+00:00,LONG,62.6,60.882102459804265,31,-53.254823746067814,SL,2,0.02,25.13810367559057,1.7178975401957348,60.882102459804265,66.03579508039147
MRVL,2025-10-13,2025-10-13 13:30:00+00:00,2025-10-13 13:45:00+00:00,LONG,89.49,88.62338986038476,22,-19.065423071535122,SL,1,0.01,24.14777207912229,0.8666101396152267,88.62338986038476,91.22322027923045
TER,2025-09-09,2025-09-09 14:45:00+00:00,2025-09-09 16:15:00+00:00,LONG,115.9,115.12138352097824,17,-13.236480143369988,SL,6,0.06,21.297556448558154,0.7786164790217687,115.12138352097824,117.45723295804355
TER,2025-10-07,2025-10-07 15:00:00+00:00,2025-10-07 15:15:00+00:00,LONG,144.79,143.86968329727262,13,-11.964117135455894,SL,1,0.01,28.226106299749773,0.9203167027273745,143.86968329727262,146.63063340545474
TER,2025-10-07,2025-10-07 15:30:00+00:00,2025-10-07 15:45:00+00:00,LONG,142.25,141.1567167206075,14,-15.305965911494923,SL,1,0.01,22.487696261050644,1.0932832793924812,141.1567167206075,144.43656655878496
TER,2025-11-07,2025-11-07 16:00:00+00:00,2025-11-07 16:15:00+00:00,LONG,177.38,175.65764568216144,11,-18.945897496224063,SL,1,0.01,27.888210379754767,1.722354317838537,175.65764568216144,180.82470863567707
TER,2025-11-13,2025-11-13 15:00:00+00:00,2025-11-13 15:45:00+00:00,LONG,172.08,170.68426411295616,11,-15.35309475748241,SL,3,0.03,28.94318517870144,1.3957358870438474,170.68426411295616,174.8714717740877
TER,2025-11-13,2025-11-13 16:00:00+00:00,2025-11-13 18:30:00+00:00,LONG,169.98,168.3823908613635,11,-17.5737005250015,SL,10,0.1,29.782957559121357,1.5976091386364863,168.3823908613635,173.17521827727296
TER,2025-12-12,2025-12-12 16:00:00+00:00,2025-12-12 16:15:00+00:00,LONG,195.37,193.82085906222326,10,-15.491409377767411,SL,1,0.01,27.46989897697935,1.549140937776754,193.82085906222326,198.46828187555352
TER,2025-12-12,2025-12-12 16:30:00+00:00,2025-12-12 20:30:00+00:00,LONG,193.595,191.97250092610065,10,-16.224990738993483,SL,16,0.17,24.589959804481666,1.6224990738993457,191.97250092610065,196.8399981477987
TER,2025-12-17,2025-12-17 18:00:00+00:00,2025-12-17 19:00:00+00:00,LONG,185.05,183.83591895049383,10,-12.140810495061771,SL,4,0.04,28.648284206708865,1.214081049506182,183.83591895049383,187.47816209901237
ORCL,2025-09-12,2025-09-12 13:45:00+00:00,2025-09-12 14:00:00+00:00,LONG,300.43,297.1264803506808,6,-19.82111789591511,SL,1,0.01,29.98933561378655,3.3035196493192083,297.1264803506808,307.03703929863843
ORCL,2025-09-12,2025-09-12 14:15:00+00:00,2025-09-12 19:45:00+00:00,LONG,294.425,292.07,6,-14.13000000000011,EOD,22,0.23,24.51756652710685,3.5025756159946217,290.9224243840054,301.43015123198927
FIX,2025-08-29,2025-08-29 14:30:00+00:00,2025-08-29 14:45:00+00:00,LONG,700.405,696.6169005510533,2,-7.576198897893391,SL,1,0.01,26.175718278144444,3.7880994489467525,696.6169005510533,707.9811988978935
FIX,2025-11-04,2025-11-04 15:00:00+00:00,2025-11-04 15:15:00+00:00,LONG,952.53,946.092414560451,2,-12.87517087909805,SL,1,0.01,27.229393312162728,6.437585439549069,946.092414560451,965.4051708790981
FIX,2025-11-07,2025-11-07 14:45:00+00:00,2025-11-07 16:15:00+00:00,LONG,931.58,923.6900306508461,2,-15.779938698307888,SL,6,0.06,28.119396967007205,7.889969349153963,923.6900306508461,947.3599386983079
FIX,2025-12-12,2025-12-12 15:30:00+00:00,2025-12-12 16:00:00+00:00,LONG,955.975,947.484522876821,2,-16.980954246358124,SL,2,0.02,26.128427559221777,8.490477123179076,947.484522876821,972.9559542463581
BA,2025-09-03,2025-09-03 15:15:00+00:00,2025-09-03 17:15:00+00:00,LONG,232.14,231.11972860403927,8,-8.162171167685756,SL,8,0.08,29.363032259554615,1.020271395960707,231.11972860403927,234.1805427919214
BA,2025-10-09,2025-10-09 15:00:00+00:00,2025-10-09 15:15:00+00:00,LONG,218.47,217.5796563318671,9,-8.01309301319597,SL,1,0.01,20.660128922043683,0.8903436681328887,217.5796563318671,220.25068733626577
BA,2025-10-09,2025-10-09 15:30:00+00:00,2025-10-09 19:00:00+00:00,LONG,217.165,216.25245877594662,3,-2.7376236721601117,SL,14,0.15,17.417342080895395,0.9125412240533599,216.25245877594662,218.9900824481067
BA,2025-10-29,2025-10-29 14:30:00+00:00,2025-10-29 15:15:00+00:00,LONG,217.68,216.46064173031075,9,-10.974224427203268,SL,3,0.03,24.990162056255812,1.2193582696892575,216.46064173031075,220.1187165393785
BA,2025-12-09,2025-12-09 18:30:00+00:00,2025-12-09 20:15:00+00:00,LONG,200.97,200.29041976164334,9,-6.116222145209974,SL,7,0.07,21.892476792659807,0.6795802383566553,200.29041976164334,202.3291604767133
