period,model,experiment,step,trades,win_rate,avg_win,avg_loss,median_ret,expectancy,t_stat,profit_factor,sum_ret,avg_R,avg_hold,avg_mfe,avg_mae,avg_giveback_pp,giveback_pct_of_peak,fwd10_mean,fwd10_n,fwd10_excess_vs_all_days,pf_start_equity,pf_end_equity,pf_total_return,pf_cagr,pf_max_dd,pf_ann_vol,pf_downside_vol,pf_sharpe,pf_sortino,pf_calmar,pf_avg_exposure,pf_avg_capital_deployed,pf_peak_capital_deployed,pf_avg_positions,pf_max_positions,pf_portfolio_trades,pf_candidate_signals
dev,S0_candle_only,ladder_no_location,S0_candle_only,11215,0.4099866250557289,0.032443989354819035,-0.022348470461087913,-0.004706801671768734,0.00011570521733742297,0.24943118164217243,1.0087749223193871,1.2976340124391985,-0.0015218332126427584,4.226393223361569,0.032983302308567476,-0.02081803925743726,0.02519501019660878,0.5928193046731625,0.000562828782032695,24537,-0.003771033149940365,50000.0,64093.97082443093,0.28187941648861875,0.08257576535934893,-0.2828366343769149,0.2251604678762107,0.16689000226103828,0.456522912200702,0.6241142207151368,0.30963809675527143,0.9513264785775373,57303.49063537856,74524.4848152,5.800529100529101,13.2,707.4,24871.0
dev,A0_candle_only,ladder_with_pullback,A0_candle_only,3289,0.3049559136515658,0.05851067688392998,-0.02497717311595682,-0.012266445610977672,0.00048294045956353735,0.45979947368738927,1.0278187719651872,1.5883911715044743,0.006410733927825449,8.920644572818485,0.049872638114052445,-0.024154751890414605,0.047480781193779714,0.7694818273464833,0.001126026981787016,8010,-0.003207834950186044,50000.0,65105.71915488746,0.3021143830977494,0.08793673734098548,-0.2102325526824152,0.1849783468078074,0.1339229450307476,0.5406146842401509,0.753255237879909,0.44627338176552966,0.8742098212669474,51374.24609170423,70572.803143,4.76031746031746,10.4,368.4,8084.0
dev,S1_+stock_trend,ladder_no_location,S1_+stock_trend,2398,0.341534612176814,0.057275769612050165,-0.024131330069058824,-0.009860966358507528,0.00367201214896797,2.8357515469633046,1.2310946536185412,8.805485133225192,0.07109444299757817,9.522935779816514,0.05075928904874278,-0.02255449954485736,0.04559930672520157,0.7089954015897769,0.002426801468819408,9729,-0.001907060463153652,50000.0,67503.3414306252,0.3500668286125039,0.10426493962579952,-0.21186659177136571,0.20061382030720995,0.1458957797732677,0.5922646315339998,0.8149288410852463,0.4953559112490772,0.9017293216625408,56248.06670824735,75387.5693248,5.16005291005291,9.8,354.8,9778.0
dev,A1_+stock_trend,ladder_with_pullback,A1_+stock_trend,1606,0.30635118306351183,0.061919173629581166,-0.023914993032162154,-0.012855624947726796,0.00238040547193356,1.582223139116295,1.1434964084637358,3.822931187925297,0.03391842617231701,10.188044831880449,0.05050976175300792,-0.02258624598863729,0.04637487139566599,0.7471318148291367,0.0027265207611055315,4236,-0.0016073411708675284,50000.0,67413.32499781145,0.34826649995622916,0.10367217554652486,-0.21396870751945335,0.173679479288928,0.12351529152071276,0.6512132189460751,0.9176368146302109,0.5245004930282926,0.8196622402051643,51538.84779512354,73198.983797,4.309788359788359,9.4,297.6,4259.0
dev,S2_+volume,ladder_no_location,S2_+volume,1516,0.34564643799472294,0.061638900631531074,-0.027441508837104524,-0.012931190065451459,0.003348817390840759,2.0342004406361798,1.1864966386562876,5.076807164514591,0.08278073564591364,10.895118733509236,0.055717212142942125,-0.024536023905424538,0.049145608429458,0.7341884679163819,0.002016207892810242,3746,-0.002317654039162818,50000.0,61628.53220974859,0.23257064419497184,0.0720656701951441,-0.19731833201250665,0.1867092796322381,0.13670794735407998,0.46473163146677143,0.6352154848799858,0.3654169256962576,0.860075174341049,47153.34118092011,67595.8447776,4.81005291005291,8.0,316.2,3760.0
dev,A2_+volume,ladder_with_pullback,A2_+volume,755,0.32317880794701986,0.05800006190495682,-0.024412682149065758,-0.015009318079715839,0.002221370233956109,1.103721132508165,1.1344409284022612,1.6771345266368622,0.05356117001200664,10.927152317880795,0.05121252891779705,-0.022111742736029977,0.046083398260003426,0.7666032143249327,0.0033137251517639747,1068,-0.0010201367802090853,50000.0,62399.732700760665,0.2479946540152133,0.07527485676248862,-0.19243614484058869,0.15498893258036817,0.11064104246119184,0.5389493534459171,0.7592573534290207,0.43090503042790285,0.713241395243986,40905.03182278095,68471.407256,3.4306878306878312,6.2,230.2,1070.0
dev,S3_+SPY_regime,ladder_no_location,S3_+SPY_regime,1316,0.33814589665653494,0.06155284664797613,-0.02678848587539414,-0.013555764462262976,0.003083773222554014,1.7765369085491893,1.1739289999689972,4.058245560881082,0.08005801499040123,11.08434650455927,0.05534497674219654,-0.023982135742830424,0.04938197822673557,0.7538556330900833,0.0031555964228536116,3238,-0.0011782655091194484,50000.0,59535.72566365505,0.1907145132731009,0.058098979414126825,-0.16898844356260745,0.15816310805776018,0.11297941629672599,0.42757580151064545,0.6064626695712566,0.3908686121470858,0.6518178721551715,37228.69126457805,66575.3214382,3.653439153439153,7.6,236.8,3238.0
dev,A3_+SPY_regime,ladder_with_pullback,A3_+SPY_regime,663,0.31825037707390647,0.057079416914708275,-0.02421096403016986,-0.015328694281023236,0.0016597303580191084,0.7853380697035424,1.100554277257013,1.1004012273666688,0.035486975381598916,10.963800904977376,0.050224817936396125,-0.02176413079327169,0.04530995689358537,0.78177489596616,0.004349054371576486,937,1.5192439603426387e-05,50000.0,58994.543302275575,0.17989086604551163,0.05628609272112613,-0.2012809622537497,0.13673290995409443,0.09870523276387726,0.46558937611427104,0.6460740764490774,0.27900148756291127,0.5587273741588916,33269.17925493836,73645.988847,2.6605820105820106,6.4,175.6,937.0
dev,S4_+VIX,ladder_no_location,S4_+VIX,1252,0.3306709265175719,0.06359363435788339,-0.02667659960022941,-0.013798419664799721,0.0031731422996577286,1.769688129267678,1.1777130777753098,3.9727741591714762,0.08193714784895534,11.361022364217252,0.0561109487953504,-0.024062367094294407,0.05025405286146026,0.7542368479406764,0.0024218628690333126,3032,-0.0019119990629397473,50000.0,67164.0031386776,0.34328006277355166,0.10139679102056087,-0.16023919709718393,0.1494049474378382,0.10527983671924859,0.7023978573227454,1.0051770398466549,0.7035256170755615,0.629152456188066,39530.89464007249,76077.03747899999,3.3923280423280424,7.0,195.4,3032.0
dev,A4_+VIX,ladder_with_pullback,A4_+VIX,645,0.3147286821705426,0.0576061856709329,-0.024253015101515046,-0.015510386642775043,0.001510423281131361,0.7012531017045575,1.0908804312415794,0.9742230163297279,0.030477507141306995,11.029457364341086,0.0502597928700049,-0.02180966845201932,0.04544793993389457,0.7902762489116082,0.004437564654394223,898,0.00010370272242116261,50000.0,56016.585615524426,0.12033171231048864,0.037972492508728875,-0.2013342599950989,0.14141345190363555,0.10339419963675109,0.3272674482679091,0.4490246311922842,0.21398106268254602,0.5415056551444476,31107.526276666933,69783.5832142,2.5716931216931216,6.0,173.2,898.0
dev,S5_+breadth,ladder_no_location,S5_+breadth,1236,0.32605177993527507,0.06413405817230494,-0.026713980115077356,-0.013946368551554178,0.002907184472151663,1.6096556788576235,1.1614758061173442,3.5932800075794553,0.07475964462979905,11.354368932038835,0.0559829855485115,-0.024169968174401816,0.05041722445911563,0.7572162119236543,0.0019333313664898193,2988,-0.0024005305654832406,50000.0,65954.39478223109,0.3190878956446218,0.09593027389314987,-0.1396758793448959,0.15141375247384206,0.10700549481345605,0.6732561320507108,0.9559183039512777,0.6868617039627375,0.6155673942342578,38610.95339001905,74159.4588422,3.287830687830688,6.8,192.0,2988.0
dev,A5_+breadth,ladder_with_pullback,A5_+breadth,640,0.3109375,0.056945349726345136,-0.024198043691172483,-0.015711957945345856,0.0010324801995869,0.48650538492932127,1.061921698391921,0.660787327735616,0.0171620537198397,10.9546875,0.04942902448934862,-0.02183478304773378,0.045093264765329495,0.7965740374811694,0.00405958674687983,891,-0.00027427518509322985,50000.0,55167.53459734075,0.10335069194681504,0.03274726698213071,-0.17690137080858243,0.13399325132945766,0.09847709241451602,0.2983389723749835,0.40827955718676884,0.2043983522350997,0.5375143552082221,30808.69531466376,65653.2870634,2.5685185185185184,6.2,168.0,891.0
dev,REF_random_uptrend_day,ladder_reference,REF_uptrend_every_day,4911,0.38851557727550395,0.03581934852461533,-0.01971940372259212,-0.004771159652456225,0.0018582666678928765,2.5674285412049476,1.1541093044444966,9.125947606021917,0.030599119144242175,5.718998167379352,0.03516215942539309,-0.018436481902546844,0.030256058099269043,0.6367265321473212,0.003139884133202583,28101,-0.001193977798770477,50000.0,60135.72875766249,0.2027145751532497,0.06344666412620366,-0.2928607687925278,0.20668154203734646,0.15409587651734347,0.4012517888220806,0.5387427110567836,0.21736834814950096,0.9469681829065412,56717.14227701032,75672.21978700001,5.507407407407407,10.6,503.4,28269.0
dev,REF_random_every_day,ladder_reference,REF_every_day,33061,0.4558543298750794,0.023856920000835627,-0.019497499523029656,-0.0018677648977186712,0.0002658003361450108,1.2415922474647696,1.0250530975651038,8.787624913290202,-0.005068003571291593,2.2495992256737547,0.024279629052321994,-0.01782818085146734,0.01202537515584237,0.4208920000085255,0.00433386193197306,74500,0.0,50000.0,56913.80189025782,0.13827603780515618,0.0411220691145886,-0.3515289577207839,0.257108902845306,0.18457107667828004,0.28095933522878497,0.3914650212299697,0.11747456256027844,0.9752108277730794,54875.55878117434,67649.7698274,5.948677248677249,14.0,986.4,75500.0
dev,ablH_full,ablation_of_A_full_hypothesis,full,640,0.3109375,0.056945349726345136,-0.024198043691172483,-0.015711957945345856,0.0010324801995869,0.48650538492932127,1.061921698391921,0.660787327735616,0.0171620537198397,10.9546875,0.04942902448934862,-0.02183478304773378,0.045093264765329495,0.7965740374811694,0.00405958674687983,891,-0.00027427518509322985,50000.0,55167.53459734075,0.10335069194681504,0.03274726698213071,-0.17690137080858243,0.13399325132945766,0.09847709241451602,0.2983389723749835,0.40827955718676884,0.2043983522350997,0.5375143552082221,30808.69531466376,65653.2870634,2.5685185185185184,6.2,168.0,891.0
dev,ablH_no_breadth,ablation_of_A_full_hypothesis,no_breadth,645,0.3147286821705426,0.0576061856709329,-0.024253015101515046,-0.015510386642775043,0.001510423281131361,0.7012531017045575,1.0908804312415794,0.9742230163297279,0.030477507141306995,11.029457364341086,0.0502597928700049,-0.02180966845201932,0.04544793993389457,0.7902762489116082,0.004437564654394223,898,0.00010370272242116261,50000.0,56016.585615524426,0.12033171231048864,0.037972492508728875,-0.2013342599950989,0.14141345190363555,0.10339419963675109,0.3272674482679091,0.4490246311922842,0.21398106268254602,0.5415056551444476,31107.526276666933,69783.5832142,2.5716931216931216,6.0,173.2,898.0
dev,ablH_no_vix,ablation_of_A_full_hypothesis,no_vix,655,0.3114503816793893,0.056780385797292436,-0.024189465399604374,-0.016009361746837203,0.0010286256601924949,0.49220616015199636,1.0617583723886541,0.6737498074260841,0.01580063950097657,10.87175572519084,0.04927218761805768,-0.021829486834518963,0.04513617949542342,0.7906566820190002,0.004015195183927841,922,-0.0003186667480452191,50000.0,50985.968728338485,0.019719374566769622,0.0060189280578474506,-0.22968955426954546,0.13329203662659064,0.09840170087060965,0.10923442702922541,0.1491384985196338,0.03945896571847442,0.5425476159023755,30629.35819104048,65505.40745720001,2.617195767195767,6.2,182.6,922.0
dev,ablH_no_market_gate,ablation_of_A_full_hypothesis,no_market_gate,690,0.3072463768115942,0.05592634116183003,-0.023948981973911876,-0.01524439797005489,0.0005924216562001338,0.29404274573900235,1.0357079619203602,0.40877094277809234,0.0006147381531056937,10.743478260869566,0.04873584014613484,-0.021887358704277732,0.04525417886882263,0.802090608293682,0.002454299430333304,962,-0.0018795625016397558,50000.0,52780.12786065927,0.05560255721318559,0.01795832207302661,-0.19812674734204935,0.13665837261946764,0.10040647750846605,0.1968533955336368,0.26960579525315026,0.09507061987049488,0.6142609608043248,34699.47638822063,65497.2369694,3.001322751322751,6.4,207.0,964.0
dev,ablH_no_regime_at_all,ablation_of_A_full_hypothesis,no_regime_at_all,755,0.32317880794701986,0.05800006190495682,-0.024412682149065758,-0.015009318079715839,0.002221370233956109,1.103721132508165,1.1344409284022612,1.6771345266368622,0.05356117001200664,10.927152317880795,0.05121252891779705,-0.022111742736029977,0.046083398260003426,0.7666032143249327,0.0033137251517639747,1068,-0.0010201367802090853,50000.0,62399.732700760665,0.2479946540152133,0.07527485676248862,-0.19243614484058869,0.15498893258036817,0.11064104246119184,0.5389493534459171,0.7592573534290207,0.43090503042790285,0.713241395243986,40905.03182278095,68471.407256,3.4306878306878312,6.2,230.2,1070.0
dev,ablH_no_stock_trend,ablation_of_A_full_hypothesis,no_stock_trend,1048,0.2967557251908397,0.05581683758825985,-0.02529784892697675,-0.015919450123054957,-0.0012266013065200887,-0.7416935198798383,0.9310532779891917,-1.285478169233053,-0.01740156574508498,10.079198473282442,0.047966688826651,-0.023230627768153937,0.045813800129098116,0.8200337645845673,0.0018572317013764118,1410,-0.002476630230596648,50000.0,52894.671788558924,0.05789343577117852,0.017660471428881587,-0.19961193074488914,0.14194757279047449,0.10579290079419634,0.18498224688010972,0.25580416382740023,0.09315672218385601,0.579315367678741,29860.028501073808,59764.008623,2.9595238095238097,6.8,208.4,1410.0
dev,ablH_no_trigger_volume,ablation_of_A_full_hypothesis,no_trigger_volume,1372,0.2988338192419825,0.05735356700110367,-0.023757592803878607,-0.013516999617893821,0.0004811648637910253,0.33231350216422073,1.0288848762435505,0.6601581931212868,0.011688709660534112,10.11807580174927,0.04796270628144321,-0.022249564345044368,0.045519615958749995,0.781944423873841,0.002898659717089499,3585,-0.001435202214883561,50000.0,52708.896692014045,0.0541779338402808,0.016302238756878907,-0.19937929469780766,0.14308646220818308,0.10574482598877859,0.17874643333623239,0.24716004821665533,0.09700751007390992,0.58170206722065,33716.213490698676,65553.5443904,2.8835978835978833,6.6,203.8,3585.0
dev,ablH_no_pullback_volume,ablation_of_A_full_hypothesis,no_pullback_volume,924,0.30735930735930733,0.061015691247522943,-0.024761043464042926,-0.016036208356210557,0.0016032343044470182,0.8311512942122741,1.0934802901342449,1.4813884973090448,0.03436760767077414,11.165584415584416,0.051001986009301586,-0.022625969062789436,0.04660879708749503,0.7759700784004441,0.0018021356557823035,1710,-0.0025317262761907567,50000.0,58672.64331387108,0.1734528662774215,0.05477917451420047,-0.14288518571396686,0.1372704712819679,0.09915568337415401,0.45662278948283197,0.6317824382616452,0.38390434116687855,0.5962682039617784,35147.018731586504,66651.27996799999,2.963756613756613,6.8,187.8,1710.0
dev,ablH_no_candle,ablation_of_A_full_hypothesis,no_candle,1090,0.3211009174311927,0.056319207649913786,-0.024199662130586008,-0.013478924643092804,0.0016550208264552132,0.9464242560282055,1.1007369827694733,1.8039727008361823,0.0413620631327533,10.328440366972478,0.04941118695025849,-0.02205659280548448,0.04432823991726243,0.7659964800581599,0.0006087774348948358,2265,-0.003725084497078224,50000.0,58170.65035383917,0.16341300707678336,0.05059222666729559,-0.15271207246293955,0.14024189357367128,0.10097073868525504,0.40983686069610004,0.5783926572167688,0.36747449515276653,0.5807104964448729,34779.05853420767,68276.4388818,2.83968253968254,6.6,203.8,2265.0
dev,ablH_candle->plain_up_close,ablation_of_A_full_hypothesis,candle->plain_up_close,844,0.31635071090047395,0.0580917608003132,-0.02450188620099729,-0.015278215484278379,0.0016266727437300806,0.8457011143644027,1.097110749223074,1.372911795708188,0.04166252293954523,10.969194312796208,0.05019604468905925,-0.02226505192787669,0.04542924909776773,0.7729844324717067,0.0016785177107961947,1375,-0.0026553442211768655,50000.0,59573.071581675475,0.19146143163350926,0.05964293156255911,-0.1732031859804462,0.13788670374145523,0.09866784741350328,0.48124866908755354,0.678820751862273,0.3473818800710133,0.5721231700723945,34162.03717953783,72027.84004940001,2.810582010582011,6.6,187.2,1375.0
dev,ablH_no_pullback_location,ablation_of_A_full_hypothesis,no_pullback_location,1036,0.3166023166023166,0.05469037894669281,-0.02360179043867426,-0.013133102742155178,0.0011856917605539243,0.6841695463537728,1.0735111724913544,1.2283766639338656,0.026745129681847824,10.293436293436294,0.04769443444368802,-0.02164589525935211,0.04433533057233746,0.7706339023110289,0.0015331559744056814,1916,-0.0028007059575673784,50000.0,51311.154969519375,0.026223099390387604,0.007592237553078118,-0.19482050414459784,0.13801955165188698,0.10024513733683556,0.11736948638954148,0.16951581495328802,0.0876895674387593,0.5941164292024899,33365.21960392593,62591.414871999994,2.9531746031746033,6.6,205.8,1916.0
dev,ablH_no_extension_filter,ablation_of_A_full_hypothesis,no_extension_filter,762,0.3123359580052493,0.06600072129097095,-0.02687879714585319,-0.016786724772715478,0.002130816224178503,0.9582691147100837,1.115281561270456,1.623681962824019,0.05453364908889292,11.780839895013123,0.05762374443909689,-0.024451323545335493,0.051876745250073956,0.8014070082107133,0.00516673613874855,1125,0.0008328742067754899,50000.0,59102.16763575259,0.18204335271505187,0.05706254652236949,-0.16784383021678384,0.1482059014932899,0.10675327161514744,0.44496890874841916,0.6179321221345877,0.3441617302328899,0.5562812371209335,32757.81738009974,69777.19185640001,2.893386243386243,7.0,182.6,1125.0
dev,ablF_FINAL,ablation_of_FINAL,FINAL,2542,0.3233674272226593,0.06063118540913508,-0.023709492600490514,-0.010974215597198855,0.0035635354576968314,2.835080073997305,1.2221293388073804,9.058507133465346,0.06760355787292334,9.53147128245476,0.051016931013185704,-0.02270472886895244,0.045853584828242186,0.7096608615394654,0.0031296146744548585,19532,-0.0012042472575182015,50000.0,86521.78046089699,0.7304356092179398,0.19757805309232626,-0.23337141386907523,0.20060826631221204,0.14430069541477716,0.9921286147945804,1.385658548362971,0.8710281654900414,0.9332839867234647,66607.55101216005,97532.2282702,5.328042328042328,10.0,377.6,19646.0
dev,ablF_remove_stock_trend,ablation_of_FINAL,remove_stock_trend,5236,0.31092436974789917,0.06038451723334043,-0.02412790568557242,-0.010701660551525494,0.002149066146358467,2.3726277737582397,1.1292597362256056,11.252510342332933,0.040172390592123644,8.000381970970206,0.05011978458237128,-0.023697895429581107,0.04715102504076835,0.7231758228244959,0.003391798299219112,34526,-0.0009420636327539481,50000.0,66642.51350590769,0.3328502701181539,0.09947982594719526,-0.24160157786518482,0.2137339236921428,0.15390259060925335,0.5455386469664336,0.7601461426794376,0.41430250215198783,0.9585983570986786,60984.61060230582,78127.5855972,5.667724867724868,11.8,469.8,34819.0
dev,ablF_trend_only_close>SMA200,ablation_of_FINAL,trend_only_close>SMA200,3657,0.3196609242548537,0.05803098196379445,-0.02286849075703179,-0.00997355463573013,0.0029919094646378517,2.8709649166907067,1.1923027648302662,10.941412912180624,0.05661274822274011,8.734208367514356,0.04864193361751322,-0.022157934625329192,0.04466751822919698,0.7118470408388414,0.003021591246632372,25646,-0.0013122706853406878,50000.0,77082.41468328866,0.5416482936657733,0.1504406718580921,-0.23899340480336528,0.20424099637230272,0.14644851384518673,0.7735445102370566,1.0877040290373277,0.6584106719744344,0.9517479752908674,63853.875530974336,85505.9546964,5.545767195767196,11.0,412.4,25868.0
dev,ablF_remove_pullback_location(=random uptrend day),ablation_of_FINAL,remove_pullback_location(=random uptrend day),4911,0.38851557727550395,0.03581934852461533,-0.01971940372259212,-0.004771159652456225,0.0018582666678928765,2.5674285412049476,1.1541093044444966,9.125947606021917,0.030599119144242175,5.718998167379352,0.03516215942539309,-0.018436481902546844,0.030256058099269043,0.6367265321473212,0.003139884133202583,28101,-0.001193977798770477,50000.0,60135.72875766249,0.2027145751532497,0.06344666412620366,-0.2928607687925278,0.20668154203734646,0.15409587651734347,0.4012517888220806,0.5387427110567836,0.21736834814950096,0.9469681829065412,56717.14227701032,75672.21978700001,5.507407407407407,10.6,503.4,28269.0
dev,ablF_add_any_bullish_candle,ablation_of_FINAL,add_any_bullish_candle,2066,0.32381413359148115,0.06395714666799249,-0.025478278618765563,-0.012298678873213287,0.003482176132851641,2.412634462008423,1.2021224542724391,7.194175890471491,0.06692856665345359,10.449661181026137,0.054228477878471355,-0.0238446801740005,0.048505609963263835,0.7260925876512364,0.0031742525388893704,7544,-0.0011596093930836895,50000.0,60389.14827122523,0.2077829654245046,0.06313772411657821,-0.22255798003758995,0.19620661788495514,0.14379566808937888,0.40376914763887906,0.5527218854271847,0.28577155490105655,0.8921761120282937,49586.201306327246,65469.3587762,5.071428571428571,9.8,343.0,7584.0
dev,ablF_add_strong_close_candle,ablation_of_FINAL,add_strong_close_candle,1948,0.3259753593429158,0.0650701319514467,-0.026249118674204163,-0.012745043280482649,0.0035187068634181667,2.334551380862158,1.1988806763379467,6.854440969938588,0.06815505283003133,10.68429158110883,0.05522099500785839,-0.024234842656426447,0.049126398552360735,0.7319210424997359,0.0030530179030003896,6249,-0.0012808440289726703,50000.0,62986.97010783894,0.25973940215677893,0.07633937737518899,-0.20662091282496692,0.19458392758865994,0.14187764862147348,0.4581045296748519,0.6321657443872883,0.3713096566213901,0.8833135241783484,53370.8389139201,71825.02873260001,4.96111111111111,9.0,328.0,6283.0
dev,ablF_add_engulfing_candle,ablation_of_FINAL,add_engulfing_candle,626,0.3242811501597444,0.07392302744681281,-0.026055037537518963,-0.013632025000819392,0.006365964366345809,2.1523269158927714,1.361581719703134,3.9850936933324763,0.09826004980588667,11.685303514376997,0.05823026224616066,-0.02355589485991239,0.04969319334542714,0.6995613895678957,0.0037692967139598705,799,-0.0005645652180131895,50000.0,96380.96877996485,0.9276193755992967,0.24446141443494476,-0.14792952270769757,0.15921288066225261,0.10831461511530963,1.4493802477358582,2.1314379154754888,1.6548165185423636,0.7413110640961212,54868.18960894497,98487.5279896,3.7814814814814817,8.0,208.0,803.0
dev,ablF_add_plain_up_close,ablation_of_FINAL,add_plain_up_close,2358,0.3210347752332485,0.06283633625432727,-0.0242897875324928,-0.01148857802605796,0.0036807280343531695,2.7665290228886517,1.223183704484836,8.679156705004774,0.07152574742056586,9.974130619168788,0.05255765003895022,-0.023061980637195972,0.047137433424891656,0.711925961090935,0.003083393270844345,11845,-0.001250468661128715,50000.0,80106.09991651417,0.6021219983302836,0.16759256530668704,-0.23837549242475164,0.19664470317105903,0.14006968399313105,0.881008827596801,1.2441943033297207,0.7111447148500616,0.9185142901111302,60484.067410336764,87368.53900979999,5.08968253968254,9.6,335.8,11920.0
dev,ablF_add_trigger_volume>=1.0,ablation_of_FINAL,add_trigger_volume>=1.0,1814,0.33461962513781696,0.06331078488532445,-0.026652034945261447,-0.013170671884154439,0.003451290102790173,2.215708519709744,1.1946171483084809,6.260640246461374,0.07635933021380674,10.62348401323043,0.055373930715802544,-0.024543178583697242,0.04876140800645981,0.7329611068938674,0.0033759659913165196,7079,-0.0009578959406565403,50000.0,69552.35157097751,0.3910470314195502,0.11563710860425247,-0.2030405362178474,0.1957454455266749,0.1431158030241203,0.6580623634825992,0.9020252801738963,0.5799113394864143,0.9063829859051371,56643.85031374127,77627.2870976,5.125396825396825,9.2,356.2,7101.0
dev,ablF_add_trigger_volume>=1.5,ablation_of_FINAL,add_trigger_volume>=1.5,888,0.34684684684684686,0.06216880032515549,-0.028660750060568098,-0.014282509555635647,0.0028431930912369355,1.3258805491856798,1.1518811145774506,2.5247554650183988,0.0662423254157452,11.186936936936936,0.05677181126345955,-0.025897097466599985,0.052178089864878215,0.729771034902422,0.0071292141368389786,1531,0.0027953522048659186,50000.0,61934.05806467758,0.23868116129355169,0.07303603684051821,-0.270908417696717,0.17815251930908574,0.12888283613390236,0.48101021627433627,0.6678828365963058,0.27286022989518577,0.7798191879739516,43870.8276167418,70873.09344140001,4.1079365079365076,7.4,284.6,1538.0
dev,ablF_add_pullback_volume_contraction,ablation_of_FINAL,add_pullback_volume_contraction,2100,0.31952380952380954,0.06102843032879962,-0.02316197282213238,-0.010837975383658827,0.0037388655179987507,2.6952393604130362,1.2372200333910262,7.851617587797376,0.07048427585171699,9.833809523809524,0.05177727595745358,-0.022157905251498324,0.04590478205048192,0.7300799269203478,0.0029036155793964306,12357,-0.0014302463525766294,50000.0,86000.53438597891,0.7200106877195782,0.19709728288396505,-0.20367080375724828,0.18821416386598044,0.13069133593100174,1.0448960517784962,1.5088162984579552,0.977524152401329,0.8930585167312266,67929.6663238926,94140.82773060001,4.9994708994709,10.0,342.6,12426.0
dev,ablF_add_extension<=5%,ablation_of_FINAL,add_extension<=5%,2500,0.3244,0.05884669101922846,-0.022896504088305743,-0.010816830708881509,0.0036209884045783525,2.90944100775475,1.2340821594586981,9.052471011445881,0.06768985808016598,9.3324,0.04969168679816041,-0.022087567039640238,0.044583377346566554,0.7076927615427013,0.0024538475790871535,17295,-0.0018800143528859064,50000.0,79584.69867233807,0.5916939734467612,0.1669060456263214,-0.22740288558802568,0.1991646655623134,0.14422427006630684,0.8710810566681841,1.2046603815702048,0.7467557907791716,0.9301315158965044,62892.43192238519,85316.28338339999,5.152645502645503,9.8,390.0,17408.0
dev,ablF_add_SPY>SMA200,ablation_of_FINAL,add_SPY>SMA200,2214,0.3224932249322493,0.058646144460127905,-0.02314558047281343,-0.011492374639220093,0.0032316966735822855,2.5357289013058297,1.206086181152822,7.15497643531118,0.07252087543240442,9.644083107497742,0.050222741734539396,-0.02187932390187578,0.04558558184880623,0.7217235827489807,0.0027565497376860755,16839,-0.0015773121942869845,50000.0,69870.42123165561,0.39740842463311193,0.11581416022375675,-0.1421467846928977,0.16043117589694972,0.1142476866826839,0.7560226333545368,1.065907292741559,0.8393110565350149,0.6726984860910801,42617.29016719365,78904.2383972,3.539417989417989,7.4,242.2,16839.0
dev,ablF_add_SPY_SMA50>SMA200,ablation_of_FINAL,add_SPY_SMA50>SMA200,2060,0.3213592233009709,0.05873295145935667,-0.02297827289185793,-0.011365824115241063,0.003280382700619772,2.4878778615595123,1.2103619456864874,6.75758836327673,0.07976212914328967,9.580582524271845,0.049972589731615856,-0.02171735700772291,0.04539406466013008,0.7220970029014342,0.0022773571406668404,15771,-0.0020565047913062196,50000.0,62321.08678483821,0.246421735696764,0.07278501643650666,-0.17488060434161007,0.1363335425154601,0.09822778314163846,0.5778097603231952,0.8175127437426848,0.41925250365157263,0.5813640005700732,31993.52888981508,67256.1391212,3.031481481481481,7.0,220.2,15771.0
dev,ablF_add_VIX_noshock,ablation_of_FINAL,add_VIX_noshock,2415,0.3159420289855073,0.05968586977203731,-0.023331151334461377,-0.011288827678792357,0.0028974147542585016,2.3258464131585765,1.1815438698334826,6.997256631534281,0.056230976427527286,9.677018633540373,0.050197992346311324,-0.02229604775607167,0.046073417267766564,0.7299855238345602,0.0009239406639100729,17815,-0.003409921268062987,50000.0,65738.6278325849,0.314772556651698,0.09444339981784325,-0.2377700631621437,0.17337565196700627,0.12661447217912442,0.6019493693867235,0.8316594036545301,0.41936540429366476,0.8488528085415042,54445.95898707937,77462.70768680001,4.806349206349206,9.0,319.8,17929.0
dev,ablF_add_breadth50>=40,ablation_of_FINAL,add_breadth50>=40,2385,0.3148846960167715,0.05847078123164816,-0.02311229607921346,-0.011206719354967198,0.0025769664199299675,2.1045986207270464,1.1627428803297464,6.146064911532973,0.05353413816606917,9.50566037735849,0.04942945213184399,-0.022129369511924176,0.04559190776843494,0.732546842829552,0.0010571563391047845,17755,-0.0032767055928682757,50000.0,62520.465962498645,0.25040931924997284,0.07550390197664947,-0.2455600846602244,0.1645225965795208,0.11995384049205046,0.5195068305311422,0.7213670438295843,0.3253534635042146,0.7953919711759385,50638.47168356694,78021.8210892,4.2902116402116395,8.0,297.0,17869.0
oos,S0_candle_only,ladder_no_location,S0_candle_only,13836,0.4191962995085285,0.02948197282772664,-0.01716994848740479,-0.003223610031011015,0.0023863642928613495,5.255664178979699,1.239297617727553,33.01773635602963,0.04941598794848587,4.261419485400404,0.029224641564075473,-0.015605648517513225,0.022100603264423688,0.580722625860439,0.005549583366457357,30971,-0.0010533288237647405,50000.0,74126.48752878046,0.4825297505756094,0.10791204908722044,-0.2277659208234965,0.1727656528363092,0.11723218823610577,0.6682135142392989,0.9979961057277752,0.5013385415442979,0.9682927595107558,59504.30124952898,84671.24448699999,5.235622317596567,8.0,706.6,31200.0
oos,A0_candle_only,ladder_with_pullback,A0_candle_only,3920,0.31581632653061226,0.06450238224037953,-0.02203597503207816,-0.010656540821964156,0.005294251065703121,4.89749028046288,1.351155564373166,20.753464177556232,0.12702910481312574,9.476785714285715,0.05098912565179185,-0.020918117735776905,0.043886207991440405,0.6999716650540899,0.0034443747918256615,10131,-0.003158537398396436,50000.0,71447.60842527394,0.4289521685054788,0.09618987330915023,-0.20289560627384687,0.16367684211445305,0.11151028935173353,0.6417506081880304,0.951299993779832,0.5583525870540015,0.9429763549936542,60076.574852905156,83483.7749898,4.901502145922747,7.6,455.8,10182.0
oos,S1_+stock_trend,ladder_no_location,S1_+stock_trend,2963,0.33715828552143096,0.06642559716008974,-0.02361208514278764,-0.010267503381841014,0.006744865454773785,4.582626698187219,1.4309522160898052,19.985036342494723,0.15066905437806535,9.860276746540668,0.05385252439451074,-0.02136523548046686,0.044851446919922634,0.6834019455354973,0.005218492802929415,12555,-0.0013844193872926827,50000.0,62635.256437401564,0.2527051287480313,0.05998694861517602,-0.22201232258516965,0.1701516289864897,0.11945631896956788,0.4186267970588219,0.6012852867710532,0.29498548774665917,0.9526735474631615,50484.76411420601,73788.7573202,5.169527896995708,8.2,435.8,12631.0
oos,A1_+stock_trend,ladder_with_pullback,A1_+stock_trend,1945,0.31208226221079693,0.06960493550418814,-0.023478902592564528,-0.013006837298994656,0.005570912175933605,3.573340258808038,1.3449149430850234,10.835424182190863,0.14606164519981524,10.889974293059126,0.05404856089801906,-0.021668785701421975,0.04540842762076258,0.7106949635468001,0.0032236877735369843,5492,-0.003379224416685113,50000.0,76876.27486651133,0.5375254973302267,0.12100286746964498,-0.19868422604340336,0.15730651754667896,0.10744475115348415,0.8032670827193314,1.180015462904259,0.6650011469379595,0.9196919902989459,62795.78401276502,90560.1266584,4.575107296137339,7.0,384.8,5523.0
oos,S2_+volume,ladder_no_location,S2_+volume,1927,0.3388687078360145,0.07320469689445779,-0.026670386953657525,-0.013543124572292453,0.007174153654966917,3.8020037302693357,1.4068681028992398,13.824594093121249,0.18447629146216318,11.20394395433316,0.0598384883868844,-0.02315631445573893,0.04919351000227856,0.6950351714797104,0.006994900056848081,4821,0.00039198786662598354,50000.0,67764.93712690775,0.355298742538155,0.07999939083469898,-0.20251418994695092,0.18274476652766672,0.1271225393948297,0.4963237833055933,0.7221765224348532,0.39085609900492346,0.9295857965961012,52229.592925002355,84505.45846359999,5.028969957081545,8.2,410.0,4861.0
oos,A2_+volume,ladder_with_pullback,A2_+volume,974,0.3131416837782341,0.06424274657744583,-0.024651818111659105,-0.01586834796677611,0.0031847755538203684,1.591845249417816,1.1880887045839712,3.101971389421039,0.09442610128424009,11.548254620123203,0.053084282776374135,-0.021948721337157244,0.04561036503323796,0.7453988414118766,0.003522084773008969,1401,-0.0030808274172131286,50000.0,73092.74785503428,0.4618549571006856,0.10717300560938021,-0.1479236375491416,0.14869161975265535,0.099817282788592,0.7615895636940306,1.1346624328433619,0.7353716837954073,0.8445229108101252,50500.288638775106,83415.66747900001,3.816523605150215,6.0,297.2,1413.0
oos,S3_+SPY_regime,ladder_no_location,S3_+SPY_regime,1880,0.33563829787234045,0.07292907417416407,-0.02685292778922508,-0.01388653418376784,0.006637733508061386,3.6126351352639636,1.3720690790157515,12.478938995155406,0.17918100406076332,11.197340425531914,0.05924779307290851,-0.02324272628063283,0.0492576993714008,0.6993687414997034,0.00685129675544947,4668,0.00024838456522737265,50000.0,71683.29448356415,0.4336658896712831,0.09895053449973305,-0.18243814484355395,0.17470281868289386,0.12100075931881668,0.6185740294301187,0.8988778462156974,0.5415815898124069,0.8967200576226861,52742.913371666524,85806.288425,4.757081545064378,8.0,374.2,4708.0
oos,A3_+SPY_regime,ladder_with_pullback,A3_+SPY_regime,938,0.31130063965884863,0.06548892918095135,-0.024601518484110085,-0.015992214508386393,0.0034436955011755677,1.6691479286049156,1.203251214648416,3.2301863801026824,0.10379431923398165,11.590618336886994,0.05312061321349002,-0.021806987219390287,0.04565714444401577,0.7352975904814001,0.004023079608192787,1346,-0.002579832582029311,50000.0,81055.02486364008,0.6211004972728014,0.13818453598150882,-0.1249673284740648,0.14717094723126803,0.09657507950280284,0.9530646463614462,1.453684272526933,1.1121679101612056,0.8163151478508418,50449.137614926396,87175.821008,3.5491416309012878,6.0,275.2,1358.0
oos,S4_+VIX,ladder_no_location,S4_+VIX,1813,0.33204633204633205,0.07345682816312638,-0.027057533656782536,-0.014716742490605172,0.006317891503496098,3.3513070449013256,1.3495727871279921,11.454337295838426,0.16935160154149376,11.252619966905682,0.059393712726630736,-0.023371522866034368,0.04973018485382432,0.7068470946690191,0.0066222302184018875,4331,1.9318028179790038e-05,50000.0,72639.52288655643,0.4527904577311288,0.1039890824237768,-0.18409161944342115,0.16828302337316034,0.1164039185091037,0.6707200970291363,0.9726924132849171,0.5937582030995132,0.87761997987805,52099.406270947205,84736.381503,4.540557939914163,8.0,352.6,4371.0
oos,A4_+VIX,ladder_with_pullback,A4_+VIX,905,0.3060773480662983,0.06542386065085364,-0.02469805336743691,-0.016480296573002873,0.0028862230779404196,1.3816295974380257,1.1684054358478402,2.6120318855360796,0.08370432097501992,11.460773480662983,0.05254479594203791,-0.02188618765958848,0.04576504378280393,0.7462407829519688,0.00378427163248352,1266,-0.0028186405577385774,50000.0,68604.13114282252,0.3720826228564502,0.0881694393151045,-0.12416572000595702,0.13904081218122125,0.0932575598737339,0.6755033674468466,1.0106054274027307,0.7227283577624724,0.781711823096954,45545.005110579616,74831.9711348,3.387982832618026,6.0,274.2,1278.0
oos,S5_+breadth,ladder_no_location,S5_+breadth,1714,0.33022170361726955,0.07512376117181883,-0.027234686565966105,-0.01490594968813469,0.006566294425624487,3.324467761062387,1.3599704907704149,11.254628645520372,0.17249478108319707,11.376312718786464,0.060026135305179244,-0.023491479840303253,0.04998390986956168,0.7076900330572574,0.00667410452756174,4056,7.119233733964263e-05,50000.0,65244.472653521385,0.30488945307042775,0.07183567424412604,-0.177644026566083,0.1578274550013306,0.10927558300401088,0.5103236879563073,0.7445403758554048,0.4596454232791968,0.8016179070437458,45562.9416991736,75903.9582704,4.178326180257511,8.0,309.8,4061.0
oos,A5_+breadth,ladder_with_pullback,A5_+breadth,854,0.3009367681498829,0.06778703008319188,-0.024837766866790588,-0.01677442691738601,0.0030364401778762685,1.391656468788477,1.174878219340313,2.5931199119063333,0.08644108059003433,11.517564402810304,0.05276997580135141,-0.022033870681667102,0.04566505460423961,0.7410754543956645,0.003820094137651972,1198,-0.0027828180525701256,50000.0,73862.96084581043,0.47725921691620865,0.10922489185410456,-0.12271787866631205,0.13105335871469975,0.08742768936241255,0.8500749854252991,1.282552240406134,0.9242943825442029,0.7261141112163351,42175.14888539764,78836.699792,3.3068669527897,5.6,244.2,1201.0
oos,REF_random_uptrend_day,ladder_reference,REF_uptrend_every_day,6212,0.37556342562781714,0.03897446842548113,-0.01866066974554863,-0.005366573375289618,0.0029849801824958686,3.868358030931436,1.2561685988042155,18.542696893664335,0.06213870022657712,5.752736638763683,0.035387431933598064,-0.01757489436599014,0.029828996423232442,0.6289929330147077,0.005400479560807823,35442,-0.0012024326294142748,50000.0,75841.98547820021,0.516839709564004,0.11713306846789547,-0.21818847008707856,0.18060388151956447,0.12184409655452133,0.7061886785055327,1.0502474460486826,0.5816279416202099,0.9714664538200699,61131.53786330343,88377.18738039999,5.304721030042918,8.6,536.0,35754.0
oos,REF_random_every_day,ladder_reference,REF_every_day,40776,0.4494555620953502,0.0200650919890759,-0.014625191173091235,-0.0017279560281723838,0.0009665495448074582,5.198210675214445,1.1200411616836359,39.41202423906891,0.01453162202246336,2.2500735726898173,0.019966515745610855,-0.013609025135283977,0.009789699148868103,0.40386058958198273,0.0066029121902220975,92100,0.0,50000.0,75041.48158078908,0.5008296316157816,0.11257701106402145,-0.18894257806669273,0.17529509727930598,0.11908338809258937,0.6895905023615054,1.0165127145499966,0.6652192237677695,0.9751017539314372,62777.62631672553,85689.8540492,5.377682403433477,8.4,879.6,93100.0
oos,ablH_full,ablation_of_A_full_hypothesis,full,854,0.3009367681498829,0.06778703008319188,-0.024837766866790588,-0.01677442691738601,0.0030364401778762685,1.391656468788477,1.174878219340313,2.5931199119063333,0.08644108059003433,11.517564402810304,0.05276997580135141,-0.022033870681667102,0.04566505460423961,0.7410754543956645,0.003820094137651972,1198,-0.0027828180525701256,50000.0,73862.96084581043,0.47725921691620865,0.10922489185410456,-0.12271787866631205,0.13105335871469975,0.08742768936241255,0.8500749854252991,1.282552240406134,0.9242943825442029,0.7261141112163351,42175.14888539764,78836.699792,3.3068669527897,5.6,244.2,1201.0
oos,ablH_no_breadth,ablation_of_A_full_hypothesis,no_breadth,905,0.3060773480662983,0.06542386065085364,-0.02469805336743691,-0.016480296573002873,0.0028862230779404196,1.3816295974380257,1.1684054358478402,2.6120318855360796,0.08370432097501992,11.460773480662983,0.05254479594203791,-0.02188618765958848,0.04576504378280393,0.7462407829519688,0.00378427163248352,1266,-0.0028186405577385774,50000.0,68604.13114282252,0.3720826228564502,0.0881694393151045,-0.12416572000595702,0.13904081218122125,0.0932575598737339,0.6755033674468466,1.0106054274027307,0.7227283577624724,0.781711823096954,45545.005110579616,74831.9711348,3.387982832618026,6.0,274.2,1278.0
oos,ablH_no_vix,ablation_of_A_full_hypothesis,no_vix,883,0.30690826727066817,0.06795984064039985,-0.024740250699158785,-0.016515682604089754,0.0037101737096978315,1.7175535422975026,1.2163711876911676,3.2760833856631852,0.10942116578545415,11.661381653454134,0.053399513775007304,-0.02190733227499653,0.04548905046840598,0.7291486539770481,0.004097177272687888,1269,-0.002505734917534209,50000.0,73736.5980978609,0.4747319619572183,0.10804862147560482,-0.1319540233216278,0.13700084092500137,0.0905755394098274,0.8179449296045103,1.244757911695548,0.8918232644636456,0.7395749983584938,43405.601798277254,79227.4938254,3.3712446351931336,6.2,255.2,1272.0
oos,ablH_no_market_gate,ablation_of_A_full_hypothesis,no_market_gate,867,0.3044982698961938,0.0671387401104519,-0.024680278463757383,-0.016515682604089754,0.0032784538356558234,1.5207068102060894,1.1909944742075096,2.8424194755135987,0.09122057149944879,11.597462514417531,0.05305851984872188,-0.02197073695168289,0.04561326371202675,0.7415272591768267,0.0036687721176924346,1220,-0.002934140072529663,50000.0,77830.07958108098,0.5566015916216197,0.12582250360153316,-0.11259949303285657,0.13279175872342092,0.0889060482212035,0.9605829324938255,1.4364242740659239,1.1508934754423952,0.7453128717531433,44221.398238789916,81656.57889339999,3.2781115879828326,5.4,239.8,1223.0
oos,ablH_no_regime_at_all,ablation_of_A_full_hypothesis,no_regime_at_all,974,0.3131416837782341,0.06424274657744583,-0.024651818111659105,-0.01586834796677611,0.0031847755538203684,1.591845249417816,1.1880887045839712,3.101971389421039,0.09442610128424009,11.548254620123203,0.053084282776374135,-0.021948721337157244,0.04561036503323796,0.7453988414118766,0.003522084773008969,1401,-0.0030808274172131286,50000.0,73092.74785503428,0.4618549571006856,0.10717300560938021,-0.1479236375491416,0.14869161975265535,0.099817282788592,0.7615895636940306,1.1346624328433619,0.7353716837954073,0.8445229108101252,50500.288638775106,83415.66747900001,3.816523605150215,6.0,297.2,1413.0
oos,ablH_no_stock_trend,ablation_of_A_full_hypothesis,no_stock_trend,1614,0.2992565055762082,0.06473996955028559,-0.02402709143352518,-0.014576943624696248,0.002537029046760202,1.6374459592602024,1.1506833142772952,4.094764881470966,0.07180549986518886,10.410161090458487,0.05061560648910943,-0.022065347677005437,0.044849789638227965,0.7311903524197773,0.0028890188444093095,2210,-0.003713893345812788,50000.0,66553.23443756952,0.33106468875139033,0.07751665741140772,-0.1629646826108741,0.1288754643618621,0.08869965133601335,0.6472678215951049,0.947995242143303,0.5466314947634818,0.7713376732406478,42699.98976728283,68324.6597366,3.6268240343347635,6.6,306.6,2216.0
oos,ablH_no_trigger_volume,ablation_of_A_full_hypothesis,no_trigger_volume,1723,0.3070226349390598,0.06878933061729052,-0.023218326374124142,-0.01323324163509254,0.005030106909949194,3.0833521204578553,1.3126275553908109,8.666874205842461,0.1438138219740835,10.87811955890888,0.05301526319668527,-0.021527373163976515,0.044857930414464155,0.7142006088725691,0.002856202058197886,4685,-0.0037467101320242113,50000.0,84235.72075012147,0.6847144150024291,0.14996020317491898,-0.12171735793964504,0.14401005442763884,0.0955580878011945,1.0453829375216703,1.5785469584514893,1.2390171726418944,0.7852365027901816,52215.552875312016,94741.42008139999,3.6495708154506437,6.4,290.8,4691.0
oos,ablH_no_pullback_volume,ablation_of_A_full_hypothesis,no_pullback_volume,1257,0.29992044550517105,0.07155661743727605,-0.02522126999110305,-0.016514200174785554,0.003804397121465699,1.992810450075888,1.2154624027912528,4.782127181682384,0.11783567937948224,11.439936356404138,0.05413051598159007,-0.022478708843243763,0.04661697769622706,0.7347653427306536,0.0037488822639380297,2269,-0.002854029926284068,50000.0,65959.81396931474,0.3191962793862947,0.07685339032168637,-0.17058849862734546,0.1358716985552993,0.09385010188903484,0.6134143104017642,0.8914309600688106,0.45532662403818136,0.7656963229980228,43799.086335633474,71299.86889800002,3.442918454935622,6.0,269.8,2273.0
oos,ablH_no_candle,ablation_of_A_full_hypothesis,no_candle,1404,0.3027065527065527,0.06728324654491115,-0.024279681541341646,-0.015536745573037247,0.003437016775365932,1.9665080020801278,1.2030126413359865,4.825571552613768,0.10525492720811673,10.637464387464387,0.05250705322459538,-0.02219478791479616,0.04615577292583016,0.7262454675468696,0.003853780742500902,2901,-0.0027491314477211953,50000.0,67981.18320867668,0.35962366417353364,0.08586867253638072,-0.16245249750404364,0.13701196750697575,0.09368895877277897,0.6719401159127049,0.9827548722183816,0.5479841722563343,0.7814240762895128,42999.977011048715,72481.7370442,3.793991416309013,6.8,305.4,2906.0
oos,ablH_candle->plain_up_close,ablation_of_A_full_hypothesis,candle->plain_up_close,1102,0.2985480943738657,0.07105520588068256,-0.025111486149838373,-0.017007856914091124,0.0035988964981120706,1.7501050207361843,1.2043144305167666,3.965983940919502,0.11426812739071725,11.363883847549909,0.054119323267274845,-0.02238395626306514,0.046660708369994905,0.7325865584564767,0.0030692812344815697,1795,-0.003533630955740528,50000.0,70461.52811072877,0.4092305622145755,0.09619228332636091,-0.18311704521492678,0.13630167551468078,0.09048638207502299,0.7409888709119692,1.118702631026271,0.5234822394303136,0.7574604247119353,43248.0777441427,74748.33094799999,3.5259656652360514,6.4,279.0,1795.0
oos,ablH_no_pullback_location,ablation_of_A_full_hypothesis,no_pullback_location,1446,0.32503457814661135,0.0630027154253042,-0.024247121117439104,-0.013529546190364894,0.004112092696592259,2.4122305869306104,1.2512587469761345,5.946086039272407,0.13431116569992543,10.622406639004149,0.05107004628263674,-0.021231217320071154,0.04357146667953772,0.7136900968783352,0.004060309786062203,2609,-0.0025426024041598945,50000.0,61807.91423034618,0.23615828460692354,0.057799739652650395,-0.17272793697974098,0.1369229056153049,0.09627464508374947,0.4792848222878601,0.6840165164992725,0.3621452730250194,0.7724516033084803,42409.637380406435,67233.7732636,3.4832618025751074,7.0,285.0,2613.0
oos,ablH_no_extension_filter,ablation_of_A_full_hypothesis,no_extension_filter,1016,0.30708661417322836,0.07741839360077107,-0.027737493395747093,-0.01821076344854189,0.004554471902396282,1.851105534752261,1.236969179124386,4.627343452834622,0.12588594403015077,11.878937007874017,0.05968057651778291,-0.024137142426848383,0.05110685340621726,0.7322804967392968,0.0046647187639176696,1504,-0.001938193426304428,50000.0,76209.66112166579,0.524193222433316,0.11781306695495278,-0.15890912216767172,0.14479700103093074,0.09754327813769799,0.8383812660459211,1.2522093614554917,0.7685501259557184,0.7474283384300247,43529.41797224742,88143.6701528,3.601931330472103,6.6,259.8,1508.0
oos,ablF_FINAL,ablation_of_FINAL,FINAL,3131,0.3129990418396678,0.07071348931396135,-0.023535334905708572,-0.011822166272870138,0.005964456769563391,4.175167943508363,1.368886846489109,18.67471414550298,0.13094512200766958,9.855956563398275,0.054021052599992465,-0.02218930162738362,0.04578505884911804,0.691067721411447,0.004223599632234519,24562,-0.0023793125579875786,50000.0,76833.537852243,0.53667075704486,0.11480690997711136,-0.19612079170313518,0.17701762220096431,0.12020467550948025,0.6815194096950639,1.010325215234165,0.6027629832633276,0.9661349256795576,59292.45071175322,86065.1881868,5.165450643776824,8.0,467.0,24767.0
oos,ablF_remove_stock_trend,ablation_of_FINAL,remove_stock_trend,6200,0.31806451612903225,0.06263537377321926,-0.02121077329931637,-0.009522483390118408,0.005457710898593351,5.57498936217254,1.3773207903548483,33.83780757127877,0.11438989318607248,8.344032258064516,0.04948202480859795,-0.02056856925837661,0.042935171303766145,0.6758945578169727,0.00489884329486219,42593,-0.0017040688953599073,50000.0,78390.67969202912,0.5678135938405825,0.12149344269263426,-0.20190260058409892,0.16996172960078174,0.11649451230075036,0.7431922439741186,1.090872169417858,0.6085155868959035,0.9741386105455978,61658.56348325966,84419.7872672,5.402145922746781,8.2,497.6,42900.0
oos,ablF_trend_only_close>SMA200,ablation_of_FINAL,trend_only_close>SMA200,4538,0.32216835610401057,0.06523627063257681,-0.022351069716657197,-0.009872084815996773,0.005866799739177998,5.194296494870981,1.3872408022926563,26.623537216389757,0.13575572646929004,9.13331864257382,0.051274131611725865,-0.021108379807653743,0.04350533482166012,0.6792316682949396,0.004759253654098387,32900,-0.0018436585361237103,50000.0,69035.81570037414,0.38071631400748274,0.0888476779996085,-0.23427017900802555,0.169482763400913,0.11780510662981991,0.584886840840143,0.8448905664458988,0.3922792396408287,0.9716770256986903,62139.89625507918,78095.21618619999,5.434763948497855,8.4,473.8,33177.0
oos,ablF_remove_pullback_location(=random uptrend day),ablation_of_FINAL,remove_pullback_location(=random uptrend day),6212,0.37556342562781714,0.03897446842548113,-0.01866066974554863,-0.005366573375289618,0.0029849801824958686,3.868358030931436,1.2561685988042155,18.542696893664335,0.06213870022657712,5.752736638763683,0.035387431933598064,-0.01757489436599014,0.029828996423232442,0.6289929330147077,0.005400479560807823,35442,-0.0012024326294142748,50000.0,75841.98547820021,0.516839709564004,0.11713306846789547,-0.21818847008707856,0.18060388151956447,0.12184409655452133,0.7061886785055327,1.0502474460486826,0.5816279416202099,0.9714664538200699,61131.53786330343,88377.18738039999,5.304721030042918,8.6,536.0,35754.0
oos,ablF_add_any_bullish_candle,ablation_of_FINAL,add_any_bullish_candle,2552,0.3166144200626959,0.07627924772606544,-0.02500308518233994,-0.01295413022574804,0.007064361914051731,4.233058018652657,1.4134409876478453,18.028251604660017,0.15601495978852764,10.903996865203762,0.058262469549629894,-0.022850474592112795,0.0483990610836723,0.7012497227896585,0.00434553579978607,9708,-0.0022573763904360274,50000.0,66875.40159239931,0.3375080318479862,0.07601388219455354,-0.23539219846727924,0.16929419033118803,0.1184659606877555,0.49119155608498827,0.7111964928479634,0.34552651764896963,0.9478491547414158,52873.55903750644,76506.15771819999,5.19206008583691,8.2,434.8,9763.0
oos,ablF_add_strong_close_candle,ablation_of_FINAL,add_strong_close_candle,2409,0.31672893316728934,0.07831858550688602,-0.025435234970668415,-0.013610954003804188,0.007426601901217861,4.264088294756313,1.427328009187355,17.890683980033828,0.1679160510573562,11.214611872146119,0.059480419111120036,-0.023139508387177127,0.04886827994456631,0.6972071423702753,0.004058290738703933,8135,-0.0025446214515181644,50000.0,58909.21605490022,0.17818432109800447,0.040891963379932526,-0.2247488688462111,0.16933881253580135,0.11869332542999271,0.3049492493561902,0.4486126982011232,0.21968442854510375,0.9409673358419572,46536.56996587168,66663.40426920001,5.134549356223176,8.2,421.6,8178.0
oos,ablF_add_engulfing_candle,ablation_of_FINAL,add_engulfing_candle,775,0.29935483870967744,0.08065510163399182,-0.02585016951111911,-0.015767162296447368,0.006032698754256027,2.2513342499174724,1.3330811970351428,4.675341534548421,0.16596582479765343,11.592258064516129,0.05678129125590092,-0.023942240553306272,0.04735253824918434,0.7039347253671155,0.004132018964001053,997,-0.0024708932262210445,50000.0,71607.22923456377,0.4321445846912752,0.09929916156164853,-0.1497048297964831,0.15053104293666206,0.1050976840449432,0.7029321128208863,1.0156080346127023,0.6626217812474573,0.8356499478946828,50891.47639355085,83948.0378306,3.830472103004292,6.4,303.6,1002.0
oos,ablF_add_plain_up_close,ablation_of_FINAL,add_plain_up_close,2906,0.3165863730213352,0.07312124398033217,-0.024238829663199634,-0.012012269571520295,0.006584042928696184,4.327632867981438,1.3974636101855453,19.133228750791112,0.1469027170663064,10.334824501032347,0.05606745652661209,-0.02251853588095802,0.04713048433946818,0.6924891951012868,0.00407585194464668,14814,-0.002527060245575418,50000.0,63026.38156494363,0.2605276312988725,0.057647028470063935,-0.2021070977499299,0.16878896925619177,0.11857172112407052,0.38951653125001107,0.5729596868948656,0.33222394972378205,0.9607204306250378,53524.28459064035,73336.0598582,5.205364806866952,7.8,437.6,14925.0
oos,ablF_add_trigger_volume>=1.0,ablation_of_FINAL,add_trigger_volume>=1.0,2282,0.31200701139351444,0.0756529419518466,-0.026347468282586526,-0.01508864231192486,0.0054773748755714,3.292828367597582,1.3021687602058476,12.499369466053935,0.13208892744249004,10.83085013146363,0.05754396006589269,-0.0240012561279681,0.04930411931998603,0.6972740375623443,0.005323543897072769,8784,-0.001279368293149328,50000.0,69016.1117956237,0.38032223591247416,0.08694253651703802,-0.16376951038146714,0.1662386640659583,0.11615435550660791,0.5772325622537341,0.8340573844602494,0.5742647716836704,0.9556377808141626,55479.21788326051,75182.0366892,5.17038626609442,8.4,439.6,8877.0
oos,ablF_add_trigger_volume>=1.5,ablation_of_FINAL,add_trigger_volume>=1.5,1185,0.33502109704641353,0.0698522117047976,-0.027769481439828787,-0.015216753714830444,0.004935845293012294,2.2742209450815487,1.2672919638340499,5.8489766722195675,0.12718699506437045,11.444725738396624,0.05887178938053736,-0.024219380686663815,0.05134427958658781,0.7182282890642657,0.005523449704851913,2004,-0.0010794624853701848,50000.0,60206.902208005566,0.20413804416011128,0.050209394197518534,-0.23274266690741668,0.17106625102431144,0.11798961889416826,0.3726574738746192,0.5418049758105243,0.2180801013050741,0.8550944642876317,49066.45579668369,72745.2132502,4.246566523605151,7.0,360.6,2028.0
oos,ablF_add_pullback_volume_contraction,ablation_of_FINAL,add_pullback_volume_contraction,2630,0.31216730038022816,0.06969208170375554,-0.02339081601534541,-0.012012269571520295,0.005666620877195229,3.7208381404813897,1.352205364120712,14.903212907023452,0.13098042599898507,9.99277566539924,0.053607194073798776,-0.022100572297625666,0.04582319872800822,0.6989245538270709,0.003806046668965044,15480,-0.0027968655212570535,50000.0,59282.4778036674,0.18564955607334804,0.045568213971741225,-0.23552195287452005,0.1675157394263584,0.1162899956405831,0.34660757984084933,0.5024480112104708,0.2105041445765437,0.9566525250339183,55940.1857724558,74651.99755180001,5.168884120171674,7.8,479.4,15599.0
oos,ablF_add_extension<=5%,ablation_of_FINAL,add_extension<=5%,3094,0.30930833872010344,0.06631399569784466,-0.02298433335630299,-0.011827777435788,0.004636384453916561,3.6460613170738654,1.292054105922503,14.344973500417838,0.11284657582997792,9.543956043956044,0.0514118570459652,-0.02178258750201192,0.04447174047061708,0.7040953811806693,0.0033537407155634236,21981,-0.003249171474658674,50000.0,67144.00636847297,0.3428801273694593,0.08155906427439077,-0.2135219209587939,0.1623188010473914,0.11051186152209039,0.5656433663198928,0.8339650590994416,0.40598183207672334,0.9675415591665205,60863.749996192055,76977.42509419999,5.169957081545064,7.8,463.0,22160.0
oos,ablF_add_SPY>SMA200,ablation_of_FINAL,add_SPY>SMA200,3034,0.31245880026367834,0.06876677741211211,-0.02344530058718173,-0.011815019931828818,0.005367174674298352,3.8749132086527474,1.332959336053225,16.2840079618212,0.1313404271132447,9.816743572841133,0.053296319169967306,-0.02205416381753186,0.04581061325255789,0.7016059800763775,0.004055778429783987,23526,-0.00254713376043811,50000.0,74621.16560188991,0.49242331203779804,0.108896007958483,-0.180245722208557,0.16493528998669796,0.11057991242635083,0.6898484377997478,1.0418626459240414,0.6375436166091276,0.9217188486763555,56378.23030531286,83643.09243300001,4.800858369098712,7.6,437.0,23731.0
oos,ablF_add_SPY_SMA50>SMA200,ablation_of_FINAL,add_SPY_SMA50>SMA200,2947,0.31048523922633187,0.0689325390948409,-0.023605789503723152,-0.011947907456388407,0.0051259955888069185,3.628353934013776,1.314931520675135,15.10630900021399,0.1268544574565692,9.757380386834068,0.05323162821641272,-0.02221177258454587,0.045958079071211286,0.7029300978474401,0.0037523383099975502,22719,-0.0028505738802245472,50000.0,87406.1409580039,0.7481228191600781,0.15235631456260695,-0.1675019209576632,0.16298937545372028,0.10802231575931598,0.929921357820211,1.433260438940644,1.0353636143932152,0.8830863831252307,59539.464459034556,95757.1396272,4.686480686695279,8.2,406.8,22924.0
oos,ablF_add_VIX_noshock,ablation_of_FINAL,add_VIX_noshock,3027,0.3088866864882722,0.07162998801782175,-0.023610546938981913,-0.012081467354525977,0.005807986323195629,3.9669229211323507,1.3559346580218985,17.58077460031317,0.1273995427168318,9.91575817641229,0.054139474082833726,-0.022208010176091603,0.04615755356960015,0.6945824165402429,0.0034957855868022977,22261,-0.0031071266034198,50000.0,59084.280223917136,0.18168560447834273,0.043807029428873934,-0.22458883167410892,0.15799089086302606,0.11126409090540842,0.3450654182178826,0.501030885724236,0.21235966501419576,0.9130191870960613,50174.74872758948,66664.38332739999,4.836695278969957,8.0,443.0,22466.0
oos,ablF_add_breadth50>=40,ablation_of_FINAL,add_breadth50>=40,2889,0.31568016614745587,0.07138062304041541,-0.02384413239540703,-0.012028809265633544,0.006216434221924252,4.238550303462901,1.3809786956049825,17.959278467139164,0.1422000439677877,10.120803046036691,0.054879139587809746,-0.022140879068944366,0.04627273137350559,0.6967122992719261,0.004583927824508331,22261,-0.0020189843657137663,50000.0,71309.20698403745,0.426184139680749,0.09418004592053655,-0.20015957962462555,0.15634989374357844,0.10724393281123956,0.6386329798844266,0.9491553660611679,0.6296854157379165,0.857326099541161,53056.340346697216,79229.527294,4.441201716738197,7.8,369.0,22307.0
