period,model,param,value,is_frozen_value,trades,win_rate,avg_win,avg_loss,median_ret,expectancy,t_stat,profit_factor,sum_ret,avg_R,avg_hold,avg_mfe,avg_mae,avg_giveback_pp,giveback_pct_of_peak,fwd10_mean,fwd10_n,fwd10_excess_vs_all_days,pf_start_equity,pf_end_equity,pf_total_return,pf_cagr,pf_max_dd,pf_ann_vol,pf_downside_vol,pf_sharpe,pf_sortino,pf_calmar,pf_avg_exposure,pf_avg_capital_deployed,pf_peak_capital_deployed,pf_avg_positions,pf_max_positions,pf_portfolio_trades,pf_candidate_signals
dev,sens_pullback_dist=0.01,pullback_dist,0.01,False,2519,0.3231441048034934,0.05976293998745757,-0.023671281207448613,-0.010965720869623552,0.003289995510556005,2.6275782774903695,1.205341781124141,8.287498691090576,0.058273768143488176,9.479555379118699,0.05065997503877057,-0.022682408444575176,0.045823646643002675,0.7131784629052712,0.0035947613009418666,15983,-0.0007391006310311934,50000.0,67445.72259319779,0.3489144518639559,0.10412741895280653,-0.24013076736900363,0.2005902725350465,0.14741875659125678,0.5909829448828039,0.8062336535028343,0.4333569818620453,0.9315877548018044,59834.978332171515,78952.90183466667,5.37389770723104,10.0,408.0,16088.0
dev,sens_pullback_dist=0.02,pullback_dist,0.02,True,2542,0.3233674272226593,0.06063118540913508,-0.023709492600490514,-0.010974215597198855,0.0035635354576968314,2.835080073997305,1.2221293388073804,9.058507133465346,0.06760355787292334,9.53147128245476,0.051016931013185704,-0.02270472886895244,0.045853584828242186,0.7096608615394654,0.0031296146744548585,19532,-0.0012042472575182015,50000.0,88298.25147849729,0.7659650295699457,0.20505549568824954,-0.2431850014294871,0.20194140648714443,0.14544552141690095,1.0162080931379947,1.418745233328461,0.873446111592882,0.9335708872636942,67960.07345974163,100807.24986033332,5.265432098765433,10.0,372.3333333333333,19646.0
dev,sens_pullback_dist=0.03,pullback_dist,0.03,False,2542,0.3241542092840283,0.061098924187377585,-0.023751388940944387,-0.011034583659580488,0.0037531972186690306,2.9687096758617226,1.2338109039924205,9.540627329856676,0.07240732152109186,9.603855232100708,0.051387464926499794,-0.022761884462818727,0.04597121568706549,0.7079564925190147,0.003370563119016818,21933,-0.0009632988129562418,50000.0,76662.30690879111,0.5332461381758221,0.15193785088428,-0.2531521524122896,0.19776224976883328,0.1429541691325783,0.8134642838778153,1.1275436221890047,0.6085944056047877,0.9339128172977261,64006.872212724855,91163.66843800001,5.332892416225749,10.0,375.3333333333333,22047.0
dev,sens_pullback_mode=touch(low<=EMA20<close),pullback_mode,touch(low<=EMA20<close),False,1885,0.3039787798408488,0.053436629672598754,-0.021063523618128462,-0.009529236236405003,0.001582942077142996,1.1679347133499873,1.1079720927227084,2.9838458154145475,-6.468298740863698e-05,7.838196286472148,0.04454472637417361,-0.020975693809408034,0.04276385049193656,0.7235290057135778,0.004532180552501802,3574,0.00019831862052874238,50000.0,89843.79308926732,0.7968758617853465,0.21295553774381135,-0.18258365024479764,0.1956396020557288,0.1390173602252953,1.0687250023695254,1.5065877627329707,1.1647101172632854,0.8976876946678387,68211.32063292638,99836.474934,4.902116402116402,9.0,424.0,3607.0
dev,sens_stock_trend=above200,stock_trend,above200,False,3657,0.3196609242548537,0.05803098196379445,-0.02286849075703179,-0.00997355463573013,0.0029919094646378517,2.8709649166907067,1.1923027648302662,10.941412912180624,0.05661274822274011,8.734208367514356,0.04864193361751322,-0.022157934625329192,0.04466751822919698,0.7118470408388414,0.003021591246632372,25646,-0.0013122706853406878,50000.0,81447.14176355266,0.628942835271053,0.176105603288371,-0.23304277661928577,0.2036088571536044,0.1447200970322109,0.8979939384497823,1.265941418159085,0.7593868799896644,0.9530150855276767,64851.90846333466,87695.83351633332,5.62389770723104,11.0,413.0,25868.0
dev,sens_stock_trend=above200_50_200,stock_trend,above200_50_200,False,3261,0.3137074517019319,0.05655307120905553,-0.02160664480965803,-0.009614812192364486,0.0029126405283192735,2.7571232372651227,1.1964220648772883,9.498120762849151,0.05491749377285507,8.29408157007053,0.04696705612113518,-0.02133769733881672,0.04356476634151094,0.7136845882989424,0.0032658199432773548,22302,-0.0010680419886957052,50000.0,75846.74516332922,0.5169349032665844,0.14760428879260248,-0.22197675136554948,0.20547140239776385,0.14924939532811293,0.7714302368143476,1.0637643094767857,0.6688825597596247,0.9483248653346242,61194.87553760494,82969.521055,5.402116402116403,11.333333333333334,421.0,22455.0
dev,sens_stock_trend=full,stock_trend,full,True,2542,0.3233674272226593,0.06063118540913508,-0.023709492600490514,-0.010974215597198855,0.0035635354576968314,2.835080073997305,1.2221293388073804,9.058507133465346,0.06760355787292334,9.53147128245476,0.051016931013185704,-0.02270472886895244,0.045853584828242186,0.7096608615394654,0.0031296146744548585,19532,-0.0012042472575182015,50000.0,88298.25147849729,0.7659650295699457,0.20505549568824954,-0.2431850014294871,0.20194140648714443,0.14544552141690095,1.0162080931379947,1.418745233328461,0.873446111592882,0.9335708872636942,67960.07345974163,100807.24986033332,5.265432098765433,10.0,372.3333333333333,19646.0
dev,sens_initial_stop=none,initial_stop,none,False,2392,0.3285953177257525,0.062150794285545034,-0.024545068949566543,-0.010515280246798542,0.00394278577568333,2.9433833995288463,1.2392514392682557,9.431143575434525,0.07466871846833299,10.304347826086957,0.053225254648671096,-0.02575339676753126,0.046910819067036036,0.7118591110856367,0.0031296146744548585,19532,-0.0012042472575182015,50000.0,91433.42475547704,0.828668495109541,0.21918231295687055,-0.24264847201107176,0.2061019418065708,0.14922002801352238,1.0521850456024604,1.4585797371575824,0.9092096604773409,0.9510286992207777,70923.81077776499,103107.31057233333,5.479717813051146,10.0,354.0,19646.0
dev,sens_initial_stop=atr1.0,initial_stop,atr1.0,False,2832,0.3019067796610169,0.0592094517099632,-0.021011594082612123,-0.01377612589642635,0.003207683513663267,2.8734375977713573,1.2186850475970399,9.084159710694372,0.08940564867023405,8.32768361581921,0.04698855813465733,-0.01888067770456255,0.04362083947350983,0.7077019642611204,0.0031296146744548585,19532,-0.0012042472575182015,50000.0,99502.74975516608,0.9900549951033217,0.2558992618702752,-0.2335690111276657,0.20641117917221133,0.14397033423855202,1.2026050384732514,1.726824628132302,1.1505555849357443,0.9224364790666426,74670.0140331627,114840.34620366669,4.338183421516755,7.0,347.3333333333333,19646.0
dev,sens_initial_stop=atr1.5,initial_stop,atr1.5,True,2542,0.3233674272226593,0.06063118540913508,-0.023709492600490514,-0.010974215597198855,0.0035635354576968314,2.835080073997305,1.2221293388073804,9.058507133465346,0.06760355787292334,9.53147128245476,0.051016931013185704,-0.02270472886895244,0.045853584828242186,0.7096608615394654,0.0031296146744548585,19532,-0.0012042472575182015,50000.0,88298.25147849729,0.7659650295699457,0.20505549568824954,-0.2431850014294871,0.20194140648714443,0.14544552141690095,1.0162080931379947,1.418745233328461,0.873446111592882,0.9335708872636942,67960.07345974163,100807.24986033332,5.265432098765433,10.0,372.3333333333333,19646.0
dev,sens_initial_stop=atr2.0,initial_stop,atr2.0,False,2448,0.32883986928104575,0.06131859606824105,-0.024458707334857725,-0.010545021176846803,0.0037482899034978726,2.8627561512736874,1.2283355446342603,9.175813683762792,0.05340654439712081,9.990196078431373,0.05253465884279096,-0.02429741589465496,0.046506524274476456,0.7112336384919699,0.0031296146744548585,19532,-0.0012042472575182015,50000.0,82896.83557280064,0.6579367114560127,0.18317460930078586,-0.23389693259287891,0.19167355663948252,0.13827278660082912,0.9706546116064434,1.3462531647980176,0.7862338056598298,0.9363088850904243,64701.509924358026,91887.897216,6.372134038800706,13.0,423.0,19646.0
dev,sens_initial_stop=signal_low,initial_stop,signal_low,False,3062,0.22664924885695623,0.06852908063137458,-0.016550020364245178,-0.009608207410443714,0.0027330939698371596,2.6962915827599327,1.2135401383551867,8.368733735641383,-19.496774181346645,7.308295231874592,0.04086170438652536,-0.015210532084435742,0.045059448030587645,0.7069944781482015,0.0031296146744548585,19532,-0.0012042472575182015,50000.0,98181.90695057205,0.9636381390114414,0.2526490906381588,-0.18204757161740795,0.19946766037305055,0.13695256862239633,1.229516244140221,1.792338238249927,1.3953710511507238,0.8834745133922409,70264.17393462389,105156.29173833334,4.079805996472664,6.333333333333333,399.6666666666667,17428.0
dev,sens_initial_stop=swing_low,initial_stop,swing_low,False,2444,0.3089198036006547,0.06401869771969824,-0.023216279159368896,-0.010834203307828694,0.003732332765220179,2.867501957911295,1.2326265565900782,9.121821278198118,0.07088518807756572,9.862929623567922,0.051511495576394103,-0.022985617231381004,0.047111330120878765,0.714654793675691,0.0031296146744548585,19532,-0.0012042472575182015,50000.0,76835.80979610815,0.5367161959221629,0.15375042210119352,-0.21882944714517505,0.1940016753806767,0.13635655976616975,0.8318212388928784,1.1848959473947964,0.7143276440791712,0.9126395957871591,59936.57428251941,82040.73234533332,6.041887125220459,10.0,432.6666666666667,19087.0
dev,sens_exit_rule=A_close<EMA9,exit_rule,A_close<EMA9,False,5454,0.37477081041437477,0.032921883222170586,-0.018118992664395397,-0.005009536617246846,0.0010096377558724563,1.8233151794362703,1.0891235112458801,5.506564320528376,0.014779869778000493,4.36046938027136,0.030655759215396816,-0.017442398156719104,0.024823355203762693,0.6195755715274284,0.0031296146744548585,19532,-0.0012042472575182015,50000.0,63341.59136660857,0.2668318273321715,0.08153403261542154,-0.254205918476405,0.19803742075689243,0.14779576200579728,0.49301971608294365,0.6614889562855649,0.32272446853066966,0.9318693038122102,55938.85031402513,75173.44822800001,4.999559082892416,10.0,739.3333333333334,19646.0
dev,sens_exit_rule=A2_2closes<EMA9,exit_rule,A2_2closes<EMA9,False,3334,0.3623275344931014,0.04755513223706214,-0.023172015332677078,-0.007781549897287576,0.0024543776679962774,2.633601354936143,1.1661039341639934,8.18289514509959,0.045003452590301585,7.523995200959808,0.04262044303532763,-0.021647403452049647,0.03818245777254423,0.6863932791986737,0.0031296146744548585,19532,-0.0012042472575182015,50000.0,75457.95929693316,0.5091591859386632,0.1472386466049397,-0.2493441392454927,0.20681008684635285,0.15134318844850148,0.7670087263377695,1.0481278524836635,0.593689104078941,0.9334996983129328,62502.93424108465,87618.48549499999,5.212081128747795,11.0,460.3333333333333,19646.0
dev,sens_exit_rule=W_EMA9warn+confirm,exit_rule,W_EMA9warn+confirm,False,4199,0.3636580138128126,0.03983459258445987,-0.020290382136709095,-0.006490517032134435,0.001574546750936777,2.199719884670474,1.1219480203553962,6.611521807183527,0.02957055498075971,5.708502024291498,0.03617713263688952,-0.019346084500827823,0.031216958096483095,0.6536884818709412,0.0031296146744548585,19532,-0.0012042472575182015,50000.0,68134.94768515804,0.3626989537031607,0.10832345543821982,-0.2505628583259649,0.19875511784596486,0.14780181942658074,0.6142655972150405,0.8264930557041096,0.43471961250924185,0.930427558071692,58588.513241098764,80402.12332666667,5.092592592592593,10.0,579.6666666666666,19646.0
dev,sens_exit_rule=B_close<EMA20,exit_rule,B_close<EMA20,True,2542,0.3233674272226593,0.06063118540913508,-0.023709492600490514,-0.010974215597198855,0.0035635354576968314,2.835080073997305,1.2221293388073804,9.058507133465346,0.06760355787292334,9.53147128245476,0.051016931013185704,-0.02270472886895244,0.045853584828242186,0.7096608615394654,0.0031296146744548585,19532,-0.0012042472575182015,50000.0,88298.25147849729,0.7659650295699457,0.20505549568824954,-0.2431850014294871,0.20194140648714443,0.14544552141690095,1.0162080931379947,1.418745233328461,0.873446111592882,0.9335708872636942,67960.07345974163,100807.24986033332,5.265432098765433,10.0,372.3333333333333,19646.0
dev,sens_exit_rule=C_EMA9xEMA20,exit_rule,C_EMA9xEMA20,False,1404,0.297008547008547,0.11285793115124378,-0.03301517534792895,-0.023771393428377197,0.010310384061013375,3.7501949147015385,1.4442333813419568,14.47577922166278,0.18309473898370257,20.455840455840455,0.08448908785576555,-0.02924692461272951,0.07326451371889041,0.7395508306103237,0.0031296146744548585,19532,-0.0012042472575182015,50000.0,79209.12410343712,0.5841824820687426,0.16313964237218195,-0.26294876615569257,0.22015744724061462,0.15888270153583348,0.7938913274066035,1.1053451305157524,0.6250418058475585,0.9493885677115778,67481.33917656525,93727.14301866667,6.028659611992945,11.0,197.66666666666666,19646.0
dev,sens_exit_rule=D_swinglow,exit_rule,D_swinglow,False,1579,0.3318556048131729,0.09233866501764053,-0.03349185235049247,-0.023402642395725204,0.008265710094663762,3.737417188724747,1.3693776989545885,13.051556239474081,0.1525301083759487,17.42495250158328,0.07723219040236586,-0.028544440954860084,0.06572197692513447,0.7405777139543991,0.0031296146744548585,19532,-0.0012042472575182015,50000.0,75670.73627236778,0.5134147254473557,0.14797010126234977,-0.2649314328776781,0.22219334854080885,0.1610252403889443,0.7340290877696969,1.0137290321715922,0.559650564094321,0.942919649182857,64243.12991271121,89369.56405966666,5.638447971781306,11.0,245.33333333333334,19646.0
dev,sens_exit_rule=E_pricevol,exit_rule,E_pricevol,False,2879,0.33310177144841957,0.05524574362205215,-0.023218180492134536,-0.010088942893652142,0.0029182916250954176,2.688730963598445,1.1884694408147438,8.401761588649707,0.0586616741317367,8.369572768322334,0.046916410236742694,-0.02211490966968933,0.04140272976921964,0.6935925583780694,0.0031296146744548585,19532,-0.0012042472575182015,50000.0,82597.64555166815,0.651952911033363,0.1810148889714315,-0.24441764625504972,0.20398170313187527,0.14857670151173463,0.9140643134869432,1.2582367692225742,0.755251022131857,0.9306506121707593,65733.05694252689,93075.90403366665,5.283068783068783,10.0,432.6666666666667,19646.0
dev,sens_exit_rule=F_chandelier,exit_rule,F_chandelier,False,1636,0.38753056234718825,0.08263427331986643,-0.03858879015910212,-0.01615230344602636,0.008388851800351465,4.16451368362374,1.3549416282004259,13.724161545374997,0.1318272992873241,17.108190709046454,0.08076194499150827,-0.03206579589618142,0.06343846062223547,0.7352088433165576,0.0031296146744548585,19532,-0.0012042472575182015,50000.0,79109.70293148387,0.5821940586296774,0.16364085902362513,-0.2375413513528861,0.1941113678894436,0.1383308300201599,0.8677119421276017,1.2183894819447056,0.6941850115158603,0.9172028029800691,61657.67902696164,89021.84013466667,6.634920634920635,14.0,285.0,19646.0
dev,sens_exit_rule=T10_time,exit_rule,T10_time,False,2975,0.5415126050420168,0.04520301725005652,-0.044341548989769566,0.004360058940681366,0.00414796234211609,3.7177004982854043,1.204031181443465,12.340187967795368,0.0723193486304829,9.9381512605042,0.04456163389506007,-0.04158941717505536,0.025911341135004057,0.6170579291881185,0.0031296146744548585,19532,-0.0012042472575182015,50000.0,76972.4741682592,0.5394494833651842,0.15252740414635793,-0.2967878062319928,0.21532379835860946,0.15683872648912103,0.7627823949544829,1.0509385939205487,0.5084799839836988,0.9783968200573946,66785.09113668915,91753.08318433333,6.71031746031746,11.0,510.0,19646.0
dev,sens_exit_rule=T20_time,exit_rule,T20_time,False,1813,0.5239933811362383,0.06934292036580039,-0.06131193716823617,0.004266751831841997,0.007150343392897168,3.350568297825863,1.2450015712095464,12.963572571322565,0.10749382357841106,19.787644787644787,0.06662839032132499,-0.06116180735772038,0.045161044204833335,0.7103001802936012,0.0031296146744548585,19532,-0.0012042472575182015,50000.0,81975.60878441633,0.6395121756883263,0.17492998513014282,-0.2994667949066562,0.2390284962878175,0.16774609054033496,0.7853383872522807,1.1275872140550451,0.5982327564773456,0.9913143553239855,72245.97907962876,96890.133992,6.200176366843034,11.0,236.66666666666666,19646.0
dev,sens_trigger_volume=None,trigger_volume,None,True,2542,0.3233674272226593,0.06063118540913508,-0.023709492600490514,-0.010974215597198855,0.0035635354576968314,2.835080073997305,1.2221293388073804,9.058507133465346,0.06760355787292334,9.53147128245476,0.051016931013185704,-0.02270472886895244,0.045853584828242186,0.7096608615394654,0.0031296146744548585,19532,-0.0012042472575182015,50000.0,88298.25147849729,0.7659650295699457,0.20505549568824954,-0.2431850014294871,0.20194140648714443,0.14544552141690095,1.0162080931379947,1.418745233328461,0.873446111592882,0.9335708872636942,67960.07345974163,100807.24986033332,5.265432098765433,10.0,372.3333333333333,19646.0
dev,sens_trigger_volume=1.0,trigger_volume,1.0,False,1814,0.33461962513781696,0.06331078488532445,-0.026652034945261447,-0.013170671884154439,0.003451290102790173,2.215708519709744,1.1946171483084809,6.260640246461374,0.07635933021380674,10.62348401323043,0.055373930715802544,-0.024543178583697242,0.04876140800645981,0.7329611068938674,0.0033759659913165196,7079,-0.0009578959406565403,50000.0,68301.16414337316,0.36602328286746316,0.1086078833157685,-0.20146541199038528,0.19874353183747395,0.14519716562226762,0.6208959578174514,0.85284795510858,0.5571115361483642,0.9065893376016341,56150.277321719135,76463.28538666667,5.160052910052911,9.0,363.3333333333333,7101.0
dev,sens_trigger_volume=1.2,trigger_volume,1.2,False,1414,0.33663366336633666,0.06230164737610071,-0.02744252032476529,-0.014266411540051316,0.002768387614140096,1.6370726582416464,1.1520720757744973,3.9145000863940957,0.05969737142253478,10.743988684582744,0.055585571260793686,-0.02480670741032307,0.050122714382518564,0.7334581276606105,0.003770752162274213,3715,-0.0005631097696988468,50000.0,70231.47763547038,0.4046295527094077,0.11953453531138887,-0.2384616241682802,0.18831601108905494,0.13620257971698113,0.6941375696764017,0.9638090382819998,0.5158936962136812,0.8672829308183818,53976.3955068858,83554.960374,4.696649029982363,7.666666666666667,324.3333333333333,3728.0
dev,sens_trigger_volume=1.5,trigger_volume,1.5,False,888,0.34684684684684686,0.06216880032515549,-0.028660750060568098,-0.014282509555635647,0.0028431930912369355,1.3258805491856798,1.1518811145774506,2.5247554650183988,0.0662423254157452,11.186936936936936,0.05677181126345955,-0.025897097466599985,0.052178089864878215,0.729771034902422,0.0071292141368389786,1531,0.0027953522048659186,50000.0,63366.44900729486,0.2673289801458973,0.08096580220460632,-0.27212309611869173,0.17756162891010832,0.12818227272150653,0.5211860219564025,0.725771922344787,0.30673485061879086,0.777848918212702,44412.16658602337,72926.80560533334,4.117724867724868,7.666666666666667,282.6666666666667,1538.0
dev,sens_strong_close_clv(added)=0.7,strong_close_clv(added),0.7,False,2034,0.32890855457227136,0.06413926866568229,-0.025674381702899964,-0.012213912157765128,0.0038660962206897753,2.6511419048488065,1.2243835228918325,7.863639712883003,0.07971976452933678,10.5929203539823,0.0549807613299105,-0.02378417756417271,0.04855243686431781,0.7270605776137086,0.0031051837826489843,7138,-0.0012286781493240756,50000.0,65705.45567786689,0.31410911355733795,0.09506620053486843,-0.1908544259370134,0.19455391603477948,0.1418887778671461,0.5629953435381487,0.7712684227990713,0.49851208920791185,0.8919423205230462,52905.23114107848,71184.83377999999,5.01058201058201,9.333333333333334,330.6666666666667,7174.0
dev,sens_strong_close_clv(added)=0.75,strong_close_clv(added),0.75,False,1948,0.3259753593429158,0.0650701319514467,-0.026249118674204163,-0.012745043280482649,0.0035187068634181667,2.334551380862158,1.1988806763379467,6.854440969938588,0.06815505283003133,10.68429158110883,0.05522099500785839,-0.024234842656426447,0.049126398552360735,0.7319210424997359,0.0030530179030003896,6249,-0.0012808440289726703,50000.0,68845.08753866219,0.3769017507732439,0.10903692371764702,-0.20215693468340035,0.19795262517058254,0.14326585197772265,0.605530714009888,0.8394055192221058,0.533273499960187,0.8838163585518849,56250.187642246914,77678.11117933334,4.89373897707231,9.0,322.0,6283.0
dev,sens_strong_close_clv(added)=0.8,strong_close_clv(added),0.8,False,1837,0.31790963527490473,0.06441123201785973,-0.026571783323444585,-0.013679246988567817,0.0023525938999205314,1.5385802585385282,1.1298028862923053,4.321714994154016,0.03989823418436964,10.71801850843767,0.05473172315424852,-0.024650666865501495,0.04967834002515346,0.7522555009796211,0.0026884401428097626,5202,-0.0016454217891632974,50000.0,71411.67950954981,0.42823359019099616,0.12280713089229016,-0.19914448555852646,0.1943956392488488,0.1406900896946354,0.6886394380634872,0.9566433459595584,0.6335390881205946,0.8771986245858976,55318.38837111331,76442.49480466667,4.937830687830688,9.666666666666666,315.0,5228.0
dev,sens_extension_cap=None,extension_cap,None,True,2542,0.3233674272226593,0.06063118540913508,-0.023709492600490514,-0.010974215597198855,0.0035635354576968314,2.835080073997305,1.2221293388073804,9.058507133465346,0.06760355787292334,9.53147128245476,0.051016931013185704,-0.02270472886895244,0.045853584828242186,0.7096608615394654,0.0031296146744548585,19532,-0.0012042472575182015,50000.0,88298.25147849729,0.7659650295699457,0.20505549568824954,-0.2431850014294871,0.20194140648714443,0.14544552141690095,1.0162080931379947,1.418745233328461,0.873446111592882,0.9335708872636942,67960.07345974163,100807.24986033332,5.265432098765433,10.0,372.3333333333333,19646.0
dev,sens_extension_cap=0.03,extension_cap,0.03,False,2416,0.3211920529801324,0.05484434893950726,-0.02172580481666566,-0.010545021176846803,0.0028679200652839253,2.3862390571523604,1.1944662550687881,6.928894877725964,0.04893309850290092,8.827814569536423,0.047150046198288054,-0.021064034063587766,0.04269826301077754,0.719104691615694,0.0015825118923311532,12904,-0.0027513500396419066,50000.0,80440.69293864678,0.6088138587729357,0.17197683365264135,-0.2014386265194372,0.19373863927454496,0.13933201707004986,0.9149851974262567,1.2720021286271195,0.855803100612485,0.9232824371130087,63126.6264280022,85583.22362733334,5.161375661375661,10.0,401.0,13005.0
dev,sens_extension_cap=0.05,extension_cap,0.05,False,2500,0.3244,0.05884669101922846,-0.022896504088305743,-0.010816830708881509,0.0036209884045783525,2.90944100775475,1.2340821594586981,9.052471011445881,0.06768985808016598,9.3324,0.04969168679816041,-0.022087567039640238,0.044583377346566554,0.7076927615427013,0.0024538475790871535,17295,-0.0018800143528859064,50000.0,80437.3896205862,0.608747792411724,0.17134122245525693,-0.21685476350010838,0.19993014658241673,0.14499288179490574,0.8893745925069058,1.228530491759007,0.8029305093460107,0.9294833169051384,64257.14143259392,85061.55810466666,5.291005291005291,9.666666666666666,398.0,17408.0
dev,sens_extension_cap=0.07,extension_cap,0.07,False,2523,0.3234244946492271,0.06032445198297134,-0.02336664932461305,-0.010894883845064984,0.0037011028224297,2.927648792779479,1.2341091774817625,9.337882420990132,0.07010999197986977,9.486325802615934,0.05062103757987704,-0.02248858608188196,0.04533995249460788,0.7082464657668183,0.0029806954869547957,18686,-0.0013531664450182643,50000.0,83003.93053112764,0.6600786106225528,0.1837995065376299,-0.22782791880787379,0.20046502350386117,0.1454821449632601,0.9401285894383477,1.2971492789024264,0.8226736625940078,0.9324422486336007,66826.19739764197,92838.81460266667,5.432098765432099,10.0,385.3333333333333,18799.0
dev,sens_extension_cap_atr=1.0,extension_cap_atr,1.0,False,2392,0.3181438127090301,0.05315852646288354,-0.02168045216837438,-0.010263657863199493,0.0021291058326236446,1.7932952402916587,1.1440244178054708,5.092821151635758,0.02162373212596308,8.411371237458194,0.04658634664840547,-0.02145665165235399,0.0431631588073819,0.7298966364550309,0.004002420002795426,9536,-0.00033144192917763417,50000.0,80548.55236335828,0.6109710472671657,0.1722937877748095,-0.20238536306417496,0.20164279353173664,0.1454969826078826,0.8874858393407897,1.2306427546682404,0.8572764567082775,0.9302016101442292,65220.92764665477,85705.15661333333,5.146825396825396,10.0,446.6666666666667,9631.0
dev,sens_extension_cap_atr=1.5,extension_cap_atr,1.5,False,2484,0.322061191626409,0.05863743766276592,-0.02310261572562717,-0.010842276395050365,0.0032226832722450035,2.598414554333587,1.205762380059367,8.00514524825659,0.057816637976667036,9.198067632850242,0.04971917792615216,-0.02234008756665637,0.04498298158436902,0.7148200167614116,0.003572938168569013,14140,-0.0007609237634040472,50000.0,82137.08633915435,0.6427417267830873,0.1785652258815881,-0.226512800912126,0.20063395577267454,0.14439623746798172,0.9142869460862287,1.2725719470788697,0.799118425190411,0.9331933262819128,63715.538307544084,89184.966192,5.115079365079365,10.0,402.3333333333333,14246.0
dev,sens_extension_cap_atr=2.0,extension_cap_atr,2.0,False,2523,0.32382084819659135,0.05979697095155965,-0.023480359826207955,-0.010935557148181507,0.0034865760617968505,2.7856060623652543,1.219600143580787,8.796631403913453,0.06610758914928073,9.42806183115339,0.05051267323928827,-0.022539775461330198,0.04542014932921779,0.7106369859977427,0.003160328815216343,17133,-0.0011735331167567172,50000.0,76887.22497913048,0.5377444995826096,0.15360308949955845,-0.237179425315015,0.20341877380324594,0.14862134393553303,0.8027084789070379,1.1008742893675267,0.6584625351210237,0.9344148312101327,63869.63110975793,87680.96819099999,5.24647266313933,10.0,389.3333333333333,17246.0
oos,sens_pullback_dist=0.01,pullback_dist,0.01,False,3107,0.3118764081107177,0.07054808173213425,-0.023460156407793854,-0.011633893973592158,0.005858795236103903,4.08787766292579,1.3629200557555488,18.203276798574827,0.12694023597185972,9.747022851625362,0.05362130763387531,-0.022151649897344704,0.045608546558154855,0.6898982758911656,0.004096949734644601,20031,-0.0025059624555774963,50000.0,60254.93117756382,0.20509862355127648,0.04982774701090823,-0.22840949295187618,0.16380220270785248,0.11438192247393698,0.3766147142787954,0.5427867700585772,0.2111991300639736,0.967357170053606,56977.31327123998,69442.985326,5.104434907010014,7.666666666666667,488.3333333333333,20216.0
oos,sens_pullback_dist=0.02,pullback_dist,0.02,True,3131,0.3129990418396678,0.07071348931396135,-0.023535334905708572,-0.011822166272870138,0.005964456769563391,4.175167943508363,1.368886846489109,18.67471414550298,0.13094512200766958,9.855956563398275,0.054021052599992465,-0.02218930162738362,0.04578505884911804,0.691067721411447,0.004223599632234519,24562,-0.0023793125579875786,50000.0,86997.78012450108,0.7399556024900216,0.15380087700401565,-0.1879669818835141,0.1812819457956216,0.12216638013856622,0.8646948595754432,1.2909777956512412,0.8070498071481209,0.966195097613856,61373.4267874603,96535.47808300001,5.167739628040057,8.0,459.6666666666667,24767.0
oos,sens_pullback_dist=0.03,pullback_dist,0.03,False,3146,0.3156389065479975,0.07054141142408746,-0.023667073238249767,-0.011806358826789709,0.006068789848114141,4.256929885086637,1.3746901122775617,19.092412862167087,0.13366279631601571,9.913541004450096,0.054281711568411,-0.022209179423061446,0.045961195595976854,0.6884462870874848,0.004149179895634617,27586,-0.0024537322945874804,50000.0,68189.61206984878,0.3637922413969757,0.0861582073192156,-0.18690975424954617,0.17362257729663286,0.12032317374946243,0.5614599853727688,0.8123016136505354,0.46897825053707987,0.9679737426292531,57678.544546530036,80034.67771366668,5.280758226037196,7.666666666666667,443.6666666666667,27807.0
oos,sens_pullback_mode=touch(low<=EMA20<close),pullback_mode,touch(low<=EMA20<close),False,2247,0.30396083667111706,0.06062963576955587,-0.02056961423842858,-0.009743217725884157,0.004111777731065583,2.849561393298357,1.2871903261074424,9.239164561704364,0.10367816064896822,8.230974632843791,0.04653835492619604,-0.020034634619370818,0.04161475457314681,0.6942658444638722,0.0057258414548253655,4624,-0.000877070735396732,50000.0,59129.02294041434,0.1825804588082868,0.045128287274046754,-0.26361933066240056,0.16516025140253987,0.11576635826344243,0.34869798266343066,0.49932230328610633,0.19915864575050335,0.9507926648567033,53422.22121001859,70173.51911699999,4.989985693848355,8.333333333333334,581.3333333333334,4683.0
oos,sens_stock_trend=above200,stock_trend,above200,False,4538,0.32216835610401057,0.06523627063257681,-0.022351069716657197,-0.009872084815996773,0.005866799739177998,5.194296494870981,1.3872408022926563,26.623537216389757,0.13575572646929004,9.13331864257382,0.051274131611725865,-0.021108379807653743,0.04350533482166012,0.6792316682949396,0.004759253654098387,32900,-0.0018436585361237103,50000.0,62798.545787752846,0.2559709157550569,0.06248558179334118,-0.24395690183902632,0.16867209735145214,0.11868864662780138,0.44356944061389325,0.6304877595281301,0.25933537663861433,0.9708761436160848,59351.316258832616,71704.79931066667,5.51931330472103,8.333333333333334,479.0,33177.0
oos,sens_stock_trend=above200_50_200,stock_trend,above200_50_200,False,4013,0.31273361574881636,0.063168709205394,-0.021329312359406282,-0.009783914436094832,0.005096059448175165,4.282396096404683,1.3476422316506063,20.450486565526937,0.11087751987521441,8.579616247196611,0.049236660805160544,-0.02064722937870704,0.0423612145660469,0.6848500279442506,0.00441278354335957,28103,-0.0021901286468625275,50000.0,69720.57642324273,0.39441152846485444,0.09248234063747411,-0.20855837274677616,0.1663667205111987,0.11382081709957763,0.6145700497404815,0.896201044083425,0.44246044019516423,0.9713177113101202,56971.825234858006,78505.96725333334,5.373032904148784,8.333333333333334,494.0,28347.0
oos,sens_stock_trend=full,stock_trend,full,True,3131,0.3129990418396678,0.07071348931396135,-0.023535334905708572,-0.011822166272870138,0.005964456769563391,4.175167943508363,1.368886846489109,18.67471414550298,0.13094512200766958,9.855956563398275,0.054021052599992465,-0.02218930162738362,0.04578505884911804,0.691067721411447,0.004223599632234519,24562,-0.0023793125579875786,50000.0,86997.78012450108,0.7399556024900216,0.15380087700401565,-0.1879669818835141,0.1812819457956216,0.12216638013856622,0.8646948595754432,1.2909777956512412,0.8070498071481209,0.966195097613856,61373.4267874603,96535.47808300001,5.167739628040057,8.0,459.6666666666667,24767.0
oos,sens_initial_stop=none,initial_stop,none,False,2928,0.32172131147540983,0.07237528106159657,-0.024732261303628753,-0.010705991861052866,0.006509304580265459,4.268334550782849,1.3880275800181174,19.059243811017264,0.1422382832846145,10.762978142076502,0.05672615785612765,-0.02549375302943747,0.047266211163691944,0.6996659498999745,0.004223599632234519,24562,-0.0023793125579875786,50000.0,74474.40127009201,0.4894880254018405,0.10699171684562907,-0.20409981939838398,0.17966208719506152,0.12418001570442054,0.6329498709674061,0.917810155941383,0.5594548829222664,0.9880285538660992,58119.57948649965,81359.50173200002,5.433476394849786,8.333333333333334,443.3333333333333,24767.0
oos,sens_initial_stop=atr1.0,initial_stop,atr1.0,False,3539,0.28454365640011303,0.06941266646846153,-0.020663916924202008,-0.014938190283939168,0.004966803470376175,3.938730979131638,1.3359550626374601,17.577517481661285,0.1602087976474036,8.491381746256005,0.049041551896882654,-0.018434152968688437,0.04389573284481004,0.6899801180729359,0.004223599632234519,24562,-0.0023793125579875786,50000.0,85283.5099933888,0.705670199867776,0.1520547675145456,-0.16725500056053175,0.1817785159063441,0.12259292056205891,0.8654399059781607,1.290014140979727,0.9474780327092122,0.9450086682562294,61717.87229081616,92925.319503,4.2421316165951355,7.0,448.0,24767.0
oos,sens_initial_stop=atr1.5,initial_stop,atr1.5,True,3131,0.3129990418396678,0.07071348931396135,-0.023535334905708572,-0.011822166272870138,0.005964456769563391,4.175167943508363,1.368886846489109,18.67471414550298,0.13094512200766958,9.855956563398275,0.054021052599992465,-0.02218930162738362,0.04578505884911804,0.691067721411447,0.004223599632234519,24562,-0.0023793125579875786,50000.0,86997.78012450108,0.7399556024900216,0.15380087700401565,-0.1879669818835141,0.1812819457956216,0.12216638013856622,0.8646948595754432,1.2909777956512412,0.8070498071481209,0.966195097613856,61373.4267874603,96535.47808300001,5.167739628040057,8.0,459.6666666666667,24767.0
oos,sens_initial_stop=atr2.0,initial_stop,atr2.0,False,3002,0.32045303131245834,0.07152947755858297,-0.024283981767828235,-0.010968426290395794,0.006419731713853167,4.323836664239008,1.3890249909211372,19.27203460498721,0.10686094917231563,10.406395736175883,0.05582606338531369,-0.023897363586914393,0.04653574758249073,0.6930965332744122,0.004223599632234519,24562,-0.0023793125579875786,50000.0,90055.8081384399,0.801116162768798,0.16487246956096482,-0.17172220617131273,0.17077493172336447,0.11483432054608789,0.967709771879273,1.451442927822228,0.9981760364789802,0.9778916482807142,62748.27070375285,95737.36856466666,6.243919885550787,9.666666666666666,517.6666666666666,24767.0
oos,sens_initial_stop=signal_low,initial_stop,signal_low,False,3861,0.22066822066822067,0.07699640680249044,-0.015765061973747295,-0.009527214241578985,0.004704446287675796,4.192855672307858,1.3829044785101268,18.163867116716247,-14.783767056891993,7.363377363377364,0.04236547340862973,-0.01434390224526801,0.044110243985859734,0.6854397771597118,0.004223599632234519,24562,-0.0023793125579875786,50000.0,62851.6082259356,0.25703216451871175,0.06323088315270035,-0.22161107045590478,0.17372448285513728,0.11991527114651958,0.44396189620354837,0.6438596902594681,0.28236716653578736,0.8959390221566136,51092.80842950215,76921.15310933333,4.145922746781116,6.333333333333333,598.6666666666666,22058.0
oos,sens_initial_stop=swing_low,initial_stop,swing_low,False,2988,0.3032128514056225,0.07465838028334595,-0.022960783269626233,-0.011047499085283019,0.006638601663102285,4.463433585585535,1.4149442770571552,19.836141769349627,0.11810182056376965,10.32061579651941,0.05510894756241545,-0.022364309513944216,0.04718685103193927,0.6941731072556554,0.004223599632234519,24562,-0.0023793125579875786,50000.0,63479.47111833559,0.2695894223667119,0.0658023121643323,-0.17614539846269753,0.15123880790729446,0.10498671285212496,0.494531263586424,0.7133663359352423,0.39630206392711836,0.9521326883072029,57127.36115642489,70517.01788300001,6.214949928469242,10.333333333333334,563.3333333333334,24078.0
oos,sens_exit_rule=A_close<EMA9,exit_rule,A_close<EMA9,False,7068,0.3684210526315789,0.03409711518452396,-0.01721047168648708,-0.005082149466056396,0.0016923234765169883,3.0337004210800917,1.1556908038293765,11.961342332022074,0.034469819439246645,4.287775891341257,0.030553986759726273,-0.01647311592329454,0.024460830489669676,0.6251893557277691,0.004223599632234519,24562,-0.0023793125579875786,50000.0,81697.10353903199,0.6339420707806397,0.1356541779970636,-0.205064037203739,0.17244068543774235,0.11672868083110138,0.8151249983950608,1.2192233966340433,0.6752605862092778,0.9669763346906738,59710.12613056402,87183.68298233334,5.0064377682403425,7.666666666666667,883.6666666666666,24767.0
oos,sens_exit_rule=A2_2closes<EMA9,exit_rule,A2_2closes<EMA9,False,4441,0.359603692861968,0.04907454785859817,-0.02231830830274465,-0.007416358879284712,0.003354826416837533,3.5849947187371956,1.234725332345302,14.898784117175483,0.07364610108887555,7.147264129700518,0.04189473323401763,-0.020487674657294792,0.036144891094918294,0.6799837693106598,0.004223599632234519,24562,-0.0023793125579875786,50000.0,60691.8507192441,0.2138370143848821,0.04613776301891093,-0.22575300832547063,0.15988449350559555,0.11215630679050587,0.335664958027502,0.5046523185460648,0.22719524268987887,0.9610670758755426,54988.36195689557,70016.998025,5.227825464949928,8.0,600.3333333333334,24767.0
oos,sens_exit_rule=W_EMA9warn+confirm,exit_rule,W_EMA9warn+confirm,False,5447,0.35395630622360935,0.0426056454839414,-0.0193505743622103,-0.0067442605942474865,0.0025792203621114343,3.5054726363482165,1.2063158991568754,14.049013312420982,0.05530239370700486,5.601431980906921,0.03613723733402602,-0.018379298666702487,0.030269885486883155,0.6525169216875041,0.004223599632234519,24562,-0.0023793125579875786,50000.0,80703.96338356496,0.614079267671299,0.13691315545694316,-0.21555972433885176,0.16824326243535695,0.1132305787488454,0.8496274730205707,1.2625660908552396,0.633167801498895,0.9658037144366544,58200.141727602655,84744.06925,5.026108726752503,8.0,702.0,24767.0
oos,sens_exit_rule=B_close<EMA20,exit_rule,B_close<EMA20,True,3131,0.3129990418396678,0.07071348931396135,-0.023535334905708572,-0.011822166272870138,0.005964456769563391,4.175167943508363,1.368886846489109,18.67471414550298,0.13094512200766958,9.855956563398275,0.054021052599992465,-0.02218930162738362,0.04578505884911804,0.691067721411447,0.004223599632234519,24562,-0.0023793125579875786,50000.0,86997.78012450108,0.7399556024900216,0.15380087700401565,-0.1879669818835141,0.1812819457956216,0.12216638013856622,0.8646948595754432,1.2909777956512412,0.8070498071481209,0.966195097613856,61373.4267874603,96535.47808300001,5.167739628040057,8.0,459.6666666666667,24767.0
oos,sens_exit_rule=C_EMA9xEMA20,exit_rule,C_EMA9xEMA20,False,1865,0.2938337801608579,0.12795934010512197,-0.03301623006980997,-0.02552704880913015,0.01428383022823974,4.474775089804066,1.612646925897648,26.639343375667117,0.3163272907541182,19.43378016085791,0.08539709869202551,-0.02880397513426456,0.06899544184886254,0.6953691040926359,0.004223599632234519,24562,-0.0023793125579875786,50000.0,90479.4851739665,0.8095897034793301,0.1705438252401222,-0.21493895819350695,0.17779994166352645,0.11897639367536268,0.9707501346794576,1.4501376259766374,0.78181024945,0.9716321750147304,65292.168950669526,96660.12107899999,5.522532188841201,8.333333333333334,251.33333333333334,24767.0
oos,sens_exit_rule=D_swinglow,exit_rule,D_swinglow,False,2091,0.31085604973696795,0.10512018905446295,-0.03281329280230552,-0.024938321170594135,0.010064164494155273,4.530723421287496,1.4450593861970413,21.044167957278674,0.22042702156082242,16.753706360593018,0.07736362138929433,-0.0278051864968641,0.0638754926576452,0.7219899548393747,0.004223599632234519,24562,-0.0023793125579875786,50000.0,52707.31629696969,0.05414632593939391,0.01331824320503113,-0.2641262018560453,0.1728014334342393,0.11792207360405181,0.15689931967070983,0.23079883614089813,0.08678144060074348,0.9634312098833625,54187.48693058584,67393.81887500001,5.572603719599428,8.666666666666666,331.0,24767.0
oos,sens_exit_rule=E_pricevol,exit_rule,E_pricevol,False,3468,0.3220876585928489,0.0644969827667659,-0.023067307640866067,-0.01095825785726351,0.005136069632872367,4.175127561089257,1.328443336353709,17.81188948680137,0.1153797550181655,8.872260668973471,0.0504517172249548,-0.021720273838583725,0.04215399086697076,0.685409886577001,0.004223599632234519,24562,-0.0023793125579875786,50000.0,98593.62806391761,0.9718725612783521,0.1965168240810573,-0.1771732692060306,0.18284386608383119,0.12042278574672725,1.0641502811404695,1.6218503131481026,1.1042224833325593,0.9668062727073438,66420.19028606795,106807.55442100001,5.202432045779685,8.0,491.0,24767.0
oos,sens_exit_rule=F_chandelier,exit_rule,F_chandelier,False,2172,0.3752302025782689,0.08746018632146352,-0.03904661394573311,-0.021059728164254332,0.008422558346055683,4.226510221372782,1.3452555136175792,18.29379672763294,0.15047380488378437,16.28268876611418,0.07933727801110577,-0.03151063564599452,0.06191164688336017,0.7420061505043448,0.004223599632234519,24562,-0.0023793125579875786,50000.0,75602.46101800232,0.5120492203600465,0.11308148582708559,-0.1986821304406026,0.15734658283644576,0.10659605599146744,0.7534037704532816,1.1302361719989351,0.6108581872032867,0.9437262737402956,61219.00244415272,82731.5867,6.550429184549356,9.666666666666666,382.6666666666667,24767.0
oos,sens_exit_rule=T10_time,exit_rule,T10_time,False,3766,0.5286776420605417,0.04458975770021271,-0.040732632889409426,0.002599253630729992,0.004375407382480552,4.5846085463404,1.2279071606000551,16.47778420242176,0.10707248504728056,9.949548592671269,0.04414698667775405,-0.039238932425837196,0.02595440348533775,0.635326665867536,0.004223599632234519,24562,-0.0023793125579875786,50000.0,74515.1175031158,0.49030235006231626,0.11253451508081769,-0.19108359177711995,0.1666486491028302,0.11150674643175768,0.7236581737861223,1.083316220716702,0.6023715507579509,0.9944584293910141,65832.46479509013,85583.141353,5.067238912732475,6.333333333333333,474.6666666666667,24767.0
oos,sens_exit_rule=T20_time,exit_rule,T20_time,False,2339,0.5318512184694314,0.07002076463700845,-0.05505603182096948,0.005537975100629922,0.011466214777459136,6.295918627078145,1.4448681038004942,26.81947636447692,0.2833846408650157,19.79093629756306,0.06705050150825279,-0.05496717611218913,0.041827882917902424,0.6613769579914681,0.004223599632234519,24562,-0.0023793125579875786,50000.0,85888.79450305669,0.7177758900611337,0.15628388345381006,-0.17834724282473743,0.1651996710026964,0.1128406078636096,0.965186909035847,1.412593545633708,0.8887107081272047,0.9947111981976732,62088.39461514449,90454.70156833332,5.030042918454935,6.0,237.0,24767.0
oos,sens_trigger_volume=None,trigger_volume,None,True,3131,0.3129990418396678,0.07071348931396135,-0.023535334905708572,-0.011822166272870138,0.005964456769563391,4.175167943508363,1.368886846489109,18.67471414550298,0.13094512200766958,9.855956563398275,0.054021052599992465,-0.02218930162738362,0.04578505884911804,0.691067721411447,0.004223599632234519,24562,-0.0023793125579875786,50000.0,86997.78012450108,0.7399556024900216,0.15380087700401565,-0.1879669818835141,0.1812819457956216,0.12216638013856622,0.8646948595754432,1.2909777956512412,0.8070498071481209,0.966195097613856,61373.4267874603,96535.47808300001,5.167739628040057,8.0,459.6666666666667,24767.0
oos,sens_trigger_volume=1.0,trigger_volume,1.0,False,2282,0.31200701139351444,0.0756529419518466,-0.026347468282586526,-0.01508864231192486,0.0054773748755714,3.292828367597582,1.3021687602058476,12.499369466053935,0.13208892744249004,10.83085013146363,0.05754396006589269,-0.0240012561279681,0.04930411931998603,0.6972740375623443,0.005323543897072769,8784,-0.001279368293149328,50000.0,59807.04979539973,0.19614099590799464,0.04817002785145704,-0.18024519347237597,0.16526661737506187,0.11704029134305209,0.3631606391260003,0.5168346986543869,0.2636011188527722,0.9540314635284277,51315.55296802575,66421.14789733333,5.160944206008583,8.666666666666666,445.0,8877.0
oos,sens_trigger_volume=1.2,trigger_volume,1.2,False,1791,0.3193746510329425,0.07650735207116023,-0.02728277375239324,-0.016437387706890516,0.005865161463169338,3.0002133613579995,1.3158517816986106,10.504504180536284,0.14210830293304794,10.98324958123953,0.05886692610439926,-0.024208051188299908,0.05092306482048611,0.6804398633473564,0.0061934984003594274,4569,-0.00040941378986267,50000.0,70694.96748229182,0.41389934964583625,0.09716054461503247,-0.21069092283550986,0.16916546591838047,0.11281494593240875,0.6317225687075457,0.9484896511935332,0.4709096179780225,0.9304677414803249,51196.08491196029,78146.86647466668,5.052575107296138,8.666666666666666,413.6666666666667,4626.0
oos,sens_trigger_volume=1.5,trigger_volume,1.5,False,1185,0.33502109704641353,0.0698522117047976,-0.027769481439828787,-0.015216753714830444,0.004935845293012294,2.2742209450815487,1.2672919638340499,5.8489766722195675,0.12718699506437045,11.444725738396624,0.05887178938053736,-0.024219380686663815,0.05134427958658781,0.7182282890642657,0.005523449704851913,2004,-0.0010794624853701848,50000.0,59374.18852577765,0.18748377051555298,0.04709030852396334,-0.22720916008790437,0.172067718612231,0.11889396049965105,0.3539723611284047,0.512095773803931,0.20899474299448498,0.8536267058501692,49316.805270068675,71067.67284333333,4.213876967095852,7.0,362.0,2028.0
oos,sens_strong_close_clv(added)=0.7,strong_close_clv(added),0.7,False,2529,0.31593515223408464,0.07755305185748188,-0.025264006222502598,-0.013538489747929816,0.007219516674258015,4.303225850536913,1.4177424700876726,18.25815766919852,0.16162618793688818,11.018584420719652,0.05876675688966665,-0.023120652334845258,0.04849621652204518,0.6988526596783949,0.004326954726853258,9269,-0.0022759574633688393,50000.0,56328.62334205154,0.1265724668410307,0.029580797169139344,-0.23427901254935132,0.17181909867817338,0.12007240881736414,0.2461037716463644,0.36224235448038544,0.1396818521782213,0.9440569277416714,48970.4735463623,67045.29631433333,5.0929899856938485,7.666666666666667,429.0,9324.0
oos,sens_strong_close_clv(added)=0.75,strong_close_clv(added),0.75,False,2409,0.31672893316728934,0.07831858550688602,-0.025435234970668415,-0.013610954003804188,0.007426601901217861,4.264088294756313,1.427328009187355,17.890683980033828,0.1679160510573562,11.214611872146119,0.059480419111120036,-0.023139508387177127,0.04886827994456631,0.6972071423702753,0.004058290738703933,8135,-0.0025446214515181644,50000.0,51992.4017120968,0.039848034241936024,0.007784257508089125,-0.23469086840569175,0.167023620447053,0.1182608025719808,0.118732417031631,0.18119016014365438,0.06854464827664342,0.9401268333256279,44632.87089052969,61397.908029000006,5.0736766809728175,8.0,421.3333333333333,8178.0
oos,sens_strong_close_clv(added)=0.8,strong_close_clv(added),0.8,False,2254,0.3136645962732919,0.08070884304039153,-0.0256096713660585,-0.01412095728727003,0.0077386825316168185,4.21421008606216,1.4402776332967124,17.44299042626431,0.17141103797691667,11.4472049689441,0.06039923071698287,-0.023301690937228496,0.049330469945313135,0.6989583563555243,0.0036500457975904978,6851,-0.0029528663926315997,50000.0,59913.59125301789,0.19827182506035781,0.04762988104172816,-0.25632018672029966,0.16622684952599762,0.11890515320215739,0.3537814084708488,0.49913835953489194,0.21306096417624007,0.9347521518724634,45780.01508649177,66870.65837266667,4.964949928469242,8.0,404.3333333333333,6889.0
oos,sens_extension_cap=None,extension_cap,None,True,3131,0.3129990418396678,0.07071348931396135,-0.023535334905708572,-0.011822166272870138,0.005964456769563391,4.175167943508363,1.368886846489109,18.67471414550298,0.13094512200766958,9.855956563398275,0.054021052599992465,-0.02218930162738362,0.04578505884911804,0.691067721411447,0.004223599632234519,24562,-0.0023793125579875786,50000.0,86997.78012450108,0.7399556024900216,0.15380087700401565,-0.1879669818835141,0.1812819457956216,0.12216638013856622,0.8646948595754432,1.2909777956512412,0.8070498071481209,0.966195097613856,61373.4267874603,96535.47808300001,5.167739628040057,8.0,459.6666666666667,24767.0
oos,sens_extension_cap=0.03,extension_cap,0.03,False,2999,0.30343447815938646,0.06532160791328197,-0.022081950766446527,-0.011616526980228525,0.004439302450810201,3.5074603075723667,1.2886126238788358,13.313468049979793,0.11227889879343927,9.157052350783594,0.04919482384109372,-0.02113871030932512,0.042495027586219036,0.6929279302718597,0.0031550864018343675,16624,-0.00344782578838773,50000.0,58320.9397552117,0.16641879510423388,0.04164463802284998,-0.2071176445018905,0.1584118567683852,0.10978289762363715,0.33570251473346063,0.4887998944239062,0.2044229144353559,0.9674059576456163,52806.95660118383,65745.307324,4.928469241773963,7.0,500.6666666666667,16768.0
oos,sens_extension_cap=0.05,extension_cap,0.05,False,3094,0.30930833872010344,0.06631399569784466,-0.02298433335630299,-0.011827777435788,0.004636384453916561,3.6460613170738654,1.292054105922503,14.344973500417838,0.11284657582997792,9.543956043956044,0.0514118570459652,-0.02178258750201192,0.04447174047061708,0.7040953811806693,0.0033537407155634236,21981,-0.003249171474658674,50000.0,64404.8995984959,0.28809799196991787,0.06990585588259357,-0.22844246662306814,0.16174283460665892,0.11125640153159551,0.4991693613113426,0.7282509038569073,0.3232218435523952,0.967216241079024,59558.05846621209,75936.77954566666,5.2242489270386265,8.0,472.0,22160.0
oos,sens_extension_cap=0.07,extension_cap,0.07,False,3115,0.31043338683788124,0.06807171990267137,-0.023392006251548112,-0.0118612366346178,0.005001388031318738,3.8332884208307294,1.3100607927593835,15.57932371755787,0.11907888396285059,9.709791332263242,0.0523449954403594,-0.022038452491777074,0.045016875524488756,0.7011571934429813,0.003790315408936201,23555,-0.0028125967812858963,50000.0,72764.113355276,0.4552822671055199,0.10590933261862541,-0.20822495315688885,0.1699388615197198,0.11583416655025597,0.6784180062406454,0.9978772651575717,0.5159672277458512,0.967395274583359,59441.17017922532,79491.967872,5.028969957081546,7.666666666666667,446.0,23748.0
oos,sens_extension_cap_atr=1.0,extension_cap_atr,1.0,False,2903,0.2965897347571478,0.06579639663118766,-0.021495759688713766,-0.010964523796550107,0.004394197800585285,3.3552079899220946,1.29061505063857,12.756356215099084,0.10079888283767659,8.810540819841544,0.04915014341732392,-0.021000181109519324,0.043111955914335726,0.6995260846427913,0.004300409166828019,11641,-0.0023025030233940784,50000.0,79191.58639322412,0.5838317278644825,0.13062271649638388,-0.19477518640875566,0.16782378058914535,0.11196042586930927,0.8183851672260684,1.2292785294787902,0.6800381544067587,0.9715924989268382,59526.04563971602,87269.83050233334,5.108011444921316,8.0,529.6666666666666,11766.0
oos,sens_extension_cap_atr=1.5,extension_cap_atr,1.5,False,3043,0.3085770621097601,0.06917996850437327,-0.022992484245177785,-0.01171549500667346,0.005449820431729359,3.8827643211290894,1.3428092343147724,16.58380357375244,0.12205397802737751,9.515280972724286,0.05231642678113756,-0.021840488748062777,0.04474620079856628,0.6955529710411879,0.003966240440181238,17419,-0.0026366717500408594,50000.0,80376.71744040724,0.6075343488081448,0.1343783102692683,-0.20613543888684605,0.17792063711585704,0.1171646489867983,0.8021252492638343,1.2179132871125897,0.7040094201984796,0.9708795069400414,68785.14311956869,93601.393066,5.054363376251788,7.333333333333333,483.0,17595.0
oos,sens_extension_cap_atr=2.0,extension_cap_atr,2.0,False,3100,0.3106451612903226,0.07082828009097526,-0.02326389745807044,-0.011815019931828818,0.00596538221281053,4.149591525010671,1.371974331279144,18.492684859712643,0.12834347977731936,9.678387096774193,0.053553085858900173,-0.022014293551471522,0.045366636012092405,0.6896919781792645,0.003872075872405587,21102,-0.0027308363178165105,50000.0,63929.89755981659,0.2785979511963317,0.06822882329645259,-0.18551695482670716,0.17392439381308847,0.1218465847955975,0.47062491347458857,0.6718972268914788,0.3674239721991641,0.9681623496366507,55781.51038103362,72793.46556299999,5.161301859799714,8.333333333333334,501.3333333333333,21303.0
