period,model,risk_per_trade,cost_bps,gate,exit,pf_start_equity,pf_end_equity,pf_total_return,pf_cagr,pf_max_dd,pf_ann_vol,pf_downside_vol,pf_sharpe,pf_sortino,pf_calmar,pf_avg_exposure,pf_avg_capital_deployed,pf_peak_capital_deployed,pf_avg_positions,pf_max_positions,pf_portfolio_trades,pf_candidate_signals,pf_min_sharpe,pf_max_sharpe,tr_trades,tr_win_rate,tr_avg_win,tr_avg_loss,tr_median_ret,tr_expectancy,tr_t_stat,tr_profit_factor,tr_sum_ret,tr_avg_R,tr_avg_hold,tr_avg_mfe,tr_avg_mae,tr_avg_giveback_pp,tr_giveback_pct_of_peak
dev,FINAL,0.005,5.0,none,B_close<EMA20|stop=atr1.5,50000.0,74964.64734915679,0.49929294698313564,0.14361865658182987,-0.1924515362882255,0.174651879211051,0.1260355175166438,0.8515921107445615,1.182685597901001,0.7470924541654966,0.9105449902804409,59166.244555709396,80482.50131990001,8.544973544973542,18.0,598.9,19646.0,0.6255237305207035,1.2509460549943847,598.9,0.37936216396727335,0.07371136017912601,-0.027667963493245903,-0.009460153028504559,0.010791516116643727,10.060917247360328,1.628444633042121,64.63039002257928,0.17313553219810865,10.786441809984973,0.06499881632785437,-0.025137593408688524,0.050801017270711464,0.6323132539179681
dev,FINAL,0.01,0.0,none,B_close<EMA20|stop=atr1.5,50000.0,87643.6490148815,0.7528729802976301,0.20334683304544746,-0.2178448560175878,0.2002617519083186,0.14401206694099228,1.0173351366973145,1.4189626976776808,0.9421219723413696,0.9326782290476636,66836.54990922369,95588.64663890001,5.420767195767196,10.0,387.6,19646.0,0.557616485367239,1.4005382147479413,387.6,0.3733230134158927,0.07743912626133115,-0.0282320946491917,-0.00943973333620407,0.011217403972461185,8.093890207678239,1.6340237297680578,43.47865779725955,0.19166756053250886,10.573013415892673,0.06465110607159763,-0.026167263419738844,0.05085112323636318,0.6219340429158108
dev,FINAL,0.01,5.0,none,B_close<EMA20|stop=atr1.5,50000.0,82675.7130055292,0.6535142601105841,0.1794080348857629,-0.2260084597002968,0.20093588932865258,0.14533752972750175,0.9128627137400647,1.2670894522319576,0.8021222153404729,0.9328535345160989,64859.274059818126,91999.44348399999,5.405291005291005,10.0,386.1,19646.0,0.4368153210103728,1.4036304476491392,386.1,0.36337736337736337,0.07873521359047686,-0.028706679431430227,-0.010313369476518952,0.010335272371143107,7.44149199365713,1.5655316169187583,39.904486624983534,0.16739370150647165,10.583786583786583,0.06477690710952919,-0.026131139034989988,0.050883734377751386,0.620596062174892
dev,FINAL,0.01,15.0,none,B_close<EMA20|stop=atr1.5,50000.0,72500.46458791112,0.4500092917582226,0.1287825258174841,-0.24606268274068266,0.20153679561419463,0.14733878579945067,0.693748144395433,0.9541178865060811,0.536901111511488,0.9331074705228384,60484.35826191561,83465.2983629,5.410714285714286,10.1,386.5,19646.0,0.1812637909897274,1.1361133044099294,386.5,0.33816300129366106,0.08213022326851974,-0.029558189065152847,-0.012289626959603228,0.008210699659325823,5.938970636151203,1.4197119182034292,31.734354183294307,0.11016781999524194,10.583441138421733,0.06471706723754514,-0.026165864775134797,0.05090045244280729,0.6223350723390363
dev,FINAL,0.015,5.0,none,B_close<EMA20|stop=atr1.5,50000.0,93596.04275725705,0.8719208551451414,0.22923113162940484,-0.22650450767586278,0.21446253578716065,0.15256289362726966,1.0588292100595393,1.4929349222568085,1.023060726148195,0.9385308771277329,72200.96761861705,104716.4338314,4.4070105820105825,7.0,315.7,19646.0,0.7066375409624244,1.47533558491699,315.7,0.36617041495090275,0.07892942212579739,-0.028359380478484315,-0.010034747764036234,0.010926604890711015,7.109612751364382,1.6078773942157452,34.495291639974674,0.18415144959606072,10.55337345581248,0.06510693778361579,-0.025858372218443768,0.05037446555222568,0.6176993977566816
dev,SPY_only,0.005,5.0,spy200,B_close<EMA20|stop=atr1.5,50000.0,66310.51574433982,0.32621031488679614,0.09814566183542786,-0.11915143083321371,0.14006159734458304,0.10122875436865234,0.7358778549868252,1.018973044544099,0.8423374111795725,0.6712633968145244,41089.8091159205,74431.37863020001,5.609920634920635,11.7,376.0,16839.0,0.4976971913420496,1.052374084704074,376.0,0.37207446808510636,0.06775962393699135,-0.02613646250104496,-0.010393697294344806,0.00879987391566057,7.37976426981928,1.5361934455386719,33.08752592288374,0.17749227307290083,11.279521276595744,0.06232933227003918,-0.023077952171407855,0.05052417324445742,0.6691047247491234
dev,SPY_only,0.01,0.0,spy200,B_close<EMA20|stop=atr1.5,50000.0,73129.92051734868,0.46259841034697374,0.1337860801635164,-0.13799340556348128,0.1587432582664479,0.11190396306725026,0.866201792657915,1.232239862686356,1.0049462403211156,0.6728759732709582,44035.48730151231,82866.4655219,3.485449735449735,7.4,240.8,16839.0,0.4419080174912844,1.2637955519359703,240.8,0.37250830564784054,0.06876574880141688,-0.026000971743638704,-0.010394618225715302,0.00930041875840235,5.9635544147119335,1.5700394893500675,22.395408370232857,0.19718771940133184,10.942691029900333,0.06206643292125766,-0.023584929109491032,0.05046567870941434,0.6677335363933913
dev,SPY_only,0.01,5.0,spy200,B_close<EMA20|stop=atr1.5,50000.0,70171.54314345731,0.4034308628691461,0.1181382455721123,-0.14313566323941412,0.15905586594475157,0.11279015081531614,0.7771301419638246,1.099519855919887,0.8614034666292341,0.6730426934282012,43073.53553331574,80023.4420635,3.490343915343915,7.4,240.3,16839.0,0.33818300481693814,1.1960592459846904,240.3,0.36745734498543486,0.06929768333458827,-0.026673801091872066,-0.011174923897390054,0.008591625769786058,5.493149735035036,1.509214341405794,20.645676724795898,0.17262978077403282,10.980857261756139,0.062472936102251395,-0.02357797842299471,0.05054030852435888,0.6655772057789842
dev,SPY_only,0.01,15.0,spy200,B_close<EMA20|stop=atr1.5,50000.0,63864.73189258077,0.27729463785161557,0.08344753353501004,-0.15363821173096767,0.1594717279874583,0.11462356544688343,0.5776798763070021,0.8070194196878763,0.5777217661851612,0.6732898182018733,41015.68957021799,73709.856715,3.490608465608466,7.4,239.9,16839.0,0.13254647522250912,1.0294911635704143,239.9,0.34514380992080035,0.07137618055691446,-0.027621408999238834,-0.013074596070151046,0.006546996233147543,4.191892324818143,1.3619514537822508,15.706243963320956,0.11109443880009949,11.0,0.0623827801532783,-0.023541854323190385,0.050551612099651595,0.6658685083508723
dev,SPY_only,0.015,5.0,spy200,B_close<EMA20|stop=atr1.5,50000.0,72352.40549921771,0.44704810998435435,0.13003265489341576,-0.16648987939369397,0.1688755966179613,0.11938415805307516,0.8042075959598032,1.1402326492075954,0.7979423424102687,0.6748469478508408,43775.541061989155,82467.81531120001,2.9858465608465607,5.6,206.7,16839.0,0.49610981014208666,1.1281663722658655,206.7,0.36574746008708275,0.06985128575142903,-0.026885951424002522,-0.011386584993910986,0.008495447368753286,4.97980110337598,1.4981941562053027,17.560089711213042,0.1757385145409149,10.920657958393807,0.06180605883885665,-0.023554238006317545,0.049736001454597834,0.6555204606781994
dev,SPY_VIX,0.01,5.0,spy200+vix_noshock,B_close<EMA20|stop=atr1.5,50000.0,64142.753442956135,0.2828550688591228,0.08490203139764523,-0.14466044049724436,0.14672859421158507,0.10471887169261965,0.6236450299259351,0.881992342158501,0.6814362716525106,0.6409857024890571,39892.690914245635,73911.65498239998,3.330026455026455,6.9,218.8,15928.0,0.13376390859571324,1.2037152553478117,218.8,0.33775137111517367,0.06926679489124965,-0.02487124735248996,-0.01163354404097905,0.006924005489431235,4.6944660478565385,1.4203768281332867,15.149724010875541,0.1423530857912407,11.505941499085923,0.059588020425064496,-0.0228450745344483,0.0495446077476703,0.7058468684933336
dev,SPY_VIX_BREADTH,0.01,5.0,spy200+vix_noshock+br50_40,B_close<EMA20|stop=atr1.5,50000.0,61247.74528341681,0.22495490566833604,0.06816848501350199,-0.15287217964407054,0.14155100533158652,0.10261309421140766,0.5218277153856341,0.7290967173459073,0.4792755050472549,0.6290731242918853,37757.46734922142,70867.1963888,3.2632275132275135,7.0,211.7,15666.0,0.07248105482123626,0.9780434805839862,211.7,0.3490788852149268,0.06482592054096735,-0.024922681070163596,-0.011507380803392087,0.006406660729848578,4.495774941623686,1.3949195256199365,13.56290076508944,0.13648839157937492,11.653282947567313,0.05950106303592995,-0.022924212033062028,0.04996922914189898,0.7166923552371074
dev,ONOFF,0.01,5.0,onoff_v1,B_close<EMA20|stop=atr1.5,50000.0,58780.89855622382,0.17561797112447658,0.053882127868757956,-0.12553904135839028,0.11929994668331238,0.08523510725180125,0.49197162009948237,0.6997309988156233,0.5316967160299054,0.5364110031887235,31338.925661756213,66208.69271440001,3.429100529100529,8.0,218.3,15928.0,-0.06522385438987989,1.04272355945912,218.3,0.35135135135135137,0.06801131041756417,-0.02503565013004339,-0.011086302856535002,0.007656525197494402,5.234350424493516,1.4714800541690618,16.71419450613028,0.15937511427669604,11.875400824553367,0.06102369815259437,-0.022719406229050585,0.05032464028650614,0.6980233276589103
dev,A_full_hypothesis,0.01,5.0,spy200+vix_noshock+br50_40,B_close<EMA20|stop=atr1.5,50000.0,54389.02926775658,0.08778058535513159,0.028041121823013614,-0.18612183003728905,0.13268521445964748,0.09804019620248357,0.26978771699115545,0.3670214510113312,0.1633115299730032,0.5367408035029637,31006.284715343783,65901.1650455,2.5611111111111113,6.2,167.5,891.0,-0.08386465416436793,0.41927185989852694,167.5,0.31044776119402984,0.06737556438931484,-0.024823035869729917,-0.015009318079715839,0.003799813165913832,2.7717226926158594,1.2219934576043152,6.364687052905669,0.08166184921626202,11.559402985074627,0.054506874713143444,-0.023203002732576476,0.04805123367844201,0.7126747875971938
dev,C_breakout,0.01,5.0,spy200,D_swinglow|stop=atr1.5,50000.0,67171.89894145986,0.3434379788291975,0.10341280108100678,-0.11138171184013301,0.10207199809254472,0.06828433821075053,1.0104328485448755,1.511426209238651,0.9380871221137708,0.3676037846624896,23042.964302178698,70145.99965920001,1.7359788359788362,5.1,60.8,107.0,0.8350863294027016,1.151808814178535,60.8,0.44901315789473684,0.10023604458923735,-0.03426032125201674,-0.021335875875881927,0.026130316699730583,6.826576565277468,2.3842419759442577,15.887232553436196,0.6994410460065631,21.585526315789473,0.09704339558879767,-0.02652366360162538,0.06684954271872952,0.6008201623971454
dev,B_failed_breakdown,0.01,5.0,none,B_close<EMA20|stop=atr1.5,50000.0,51774.178061397964,0.03548356122795918,0.011346259473395204,-0.17736865009169986,0.14602582767804181,0.10489489412722328,0.14823061813142374,0.20784841990500036,0.06928417299759393,0.5295933466994736,26199.27754457963,55598.6002375,2.355555555555555,9.5,546.0,942.0,-0.04583792858395227,0.29804210385459246,546.0,0.43131868131868134,0.023678991143938906,-0.0190332219013409,-0.002653214216597033,-0.0006106464944482357,-1.1248523618148747,0.9435831809656746,-3.3341298596873665,-0.0029746041115201534,3.2615384615384615,0.02634922507887688,-0.018241658217670747,0.01638848134099356,0.5112861949226981
dev,REF_random_uptrend_day,0.01,5.0,none,B_close<EMA20|stop=atr1.5,50000.0,64538.33259625409,0.29076665192508183,0.08672525471656914,-0.2975976492672266,0.20746133843046013,0.15295191389105997,0.49742593715736716,0.6797309368001858,0.2943800193516483,0.9463434927038268,59865.2604552254,81719.8431537,5.4903439153439155,10.6,499.7,28269.0,0.1894336933536804,0.9328792393049161,499.7,0.37742645587352414,0.06115086013867193,-0.028435228695850287,-0.008749122250562125,0.005376931308534122,5.021198679384282,1.3037295880724264,26.868525748745004,0.08031033876612247,8.306383830298179,0.053088573527982304,-0.025448896124207563,0.04390062172207043,0.6121033431189362
dev,REF_random_every_day,0.01,5.0,none,B_close<EMA20|stop=atr1.5,50000.0,55637.812721200404,0.11275625442400808,0.033205174768594505,-0.34421940451038235,0.2542130305178306,0.1840899582912024,0.24825311248819287,0.3458047509018799,0.09867568844488689,0.9754397757654745,54563.071723832145,68115.31741699998,5.883597883597883,13.9,978.4,75500.0,-0.19205757097339815,0.5327965991650352,978.4,0.43070318887980374,0.0403845918851991,-0.026792585157965315,-0.004436459065120024,0.0021408392144687425,3.726961050294075,1.140355902269508,20.945970874362178,0.022569468342288315,4.546197874080131,0.03990376669339789,-0.02495075735662255,0.026863842712830745,0.5632859844970447
dev,ONOFF|cap_reduced=0.25,0.01,5.0,onoff_v1,,50000.0,57774.50552578899,0.1554901105157797,0.048189709412522486,-0.12378460276176864,0.1170389829253802,0.08288785610876752,0.45282922574019935,0.6492230310885041,0.47504732543965805,0.48839192084019406,28057.892138082145,64815.23973089999,2.8350529100529096,7.4,181.5,15928.0,,,181.5,0.3487603305785124,0.06498557041692908,-0.025124144599374693,-0.011545355992054085,0.006302549398046951,4.241484262385963,1.3851980916030653,11.439127157455216,0.13610822705599093,11.808815426997246,0.059150285761659725,-0.022688873886701603,0.04999079560316885,0.7100335666309998
dev,ONOFF|cap_reduced=0.5,0.01,5.0,onoff_v1,,50000.0,58780.89855622382,0.17561797112447658,0.053882127868757956,-0.12553904135839028,0.11929994668331238,0.08523510725180125,0.49197162009948237,0.6997309988156233,0.5316967160299054,0.5364110031887235,31338.925661756213,66208.69271440001,3.429100529100529,8.0,218.3,15928.0,,,218.3,0.35135135135135137,0.06801131041756417,-0.02503565013004339,-0.011086302856535002,0.007656525197494402,5.234350424493516,1.4714800541690618,16.71419450613028,0.15937511427669604,11.875400824553367,0.06102369815259437,-0.022719406229050585,0.05032464028650614,0.6980233276589103
dev,ONOFF|cap_reduced=0.75,0.01,5.0,onoff_v1,,50000.0,61916.09848914122,0.23832196978282436,0.07186211203073092,-0.1245662731939718,0.12672623758244655,0.09085032561067466,0.5982051130881176,0.8445630460590884,0.6567494047917866,0.586335434057485,35611.39525328837,69572.9878362,3.973412698412699,9.0,256.2,15928.0,,,256.2,0.34894613583138173,0.07177962698431377,-0.025026872378778233,-0.011383732905283384,0.008753381497335835,6.160794901453316,1.537220227943392,22.42616339617441,0.17337026291426708,11.724824355971897,0.06206451306651862,-0.022949115574141452,0.05046126663109272,0.6830820969349136
dev,COMBINED_C_breakout+FINAL,0.01,5.0,per-member,,50000.0,71769.050238755,0.4353810047751,0.12649487439742388,-0.23785666136813735,0.200563304410172,0.14632100111141907,0.6891703842810263,0.9462681495970005,0.5456761305772643,0.9325294433160692,61094.473178461114,82815.7533383,5.2896825396825395,10.0,384.9,19656.0,,,384.9,0.3580150688490517,0.07503894920805598,-0.028401350490297503,-0.011228846995575248,0.00863183552797506,6.5117470028645155,1.4734120750274293,33.223934947176005,0.12642306240350568,10.38971161340608,0.06259239523594307,-0.02593169343634095,0.05063996103893558,0.6351681897369499
dev,BENCH_SPY_buy_hold,,,,,50000.0,61996.832754951385,0.23993665509902762,0.0744419786563213,-0.33717276769065485,0.24985987187193318,0.18075583564951125,0.4124729588603712,0.5701638361005701,0.22078289170915313,1.0,,,,,,,,,,,,,,,,,,,,,,,
dev,BENCH_QQQ_buy_hold,,,,,50000.0,63215.77480510827,0.2643154961021654,0.08144921767515512,-0.3511871982307829,0.2967015111278933,0.21321535530035263,0.41241381229350893,0.5738976967448135,0.2319253608488049,1.0,,,,,,,,,,,,,,,,,,,,,,,
dev,BENCH_EW_universe_buy_hold,,,,,50000.0,65402.32960962833,0.3080465921925666,0.09379665121394654,-0.3407993259599037,0.2552566575309538,0.1838765705041687,0.47902915754347913,0.6649861985088799,0.2752254598795247,1.0,,,,,,,,,,,,,,,,,,,,,,,
oos,FINAL,0.005,5.0,none,B_close<EMA20|stop=atr1.5,50000.0,69968.29810096667,0.3993659620193334,0.09215638593036848,-0.16306210317911426,0.1498760891323425,0.10326039474310614,0.6574027532907094,0.9588095978071735,0.5972696630695882,0.9647113047232025,57903.73364363477,76427.57868349999,8.164377682403433,12.7,730.9,24767.0,0.31549768301513925,1.067659551565509,730.9,0.31208099603228895,0.07252516695500776,-0.02496148169041855,-0.012977660305225514,0.005462248718695888,5.9464975863140435,1.3181000982517561,39.92357588494824,0.11834744209695804,10.410726501573402,0.05535899406855838,-0.02328905210278964,0.04742522534894104,0.7043072733907442
oos,FINAL,0.01,0.0,none,B_close<EMA20|stop=atr1.5,50000.0,80100.25180216,0.6020050360431998,0.12992872752205453,-0.18332144678384799,0.17272306979255064,0.1165981166816854,0.78344359490951,1.1680067547083224,0.7620139464783968,0.9663131151676385,61644.90271444475,88735.87679570001,5.200429184549356,8.1,469.3,24767.0,0.43175219958365313,1.4262580940479535,469.3,0.31557639036863416,0.07089285915993469,-0.024360804911972827,-0.012888319590461439,0.0056990025652261965,5.227476914565156,1.3418080102932786,26.745419038606542,0.13857456134174823,10.327722139356489,0.054483215821569723,-0.023394902335162487,0.04744955454421196,0.707911829383099
oos,FINAL,0.01,5.0,none,B_close<EMA20|stop=atr1.5,50000.0,72380.24275224746,0.4476048550449492,0.09841085138330678,-0.20066182917695566,0.172487404335343,0.11774908107508655,0.6139731246029764,0.9084509772490019,0.5457497469165323,0.9665906211079018,58451.64598860891,81989.90167220001,5.165128755364806,7.9,465.7,24767.0,0.19732107998770385,1.336155573580502,465.7,0.3023405625939446,0.07425243134486231,-0.02496064473370622,-0.013874937961685374,0.005035492504564017,4.395134278662609,1.2891629731308203,23.450288593754628,0.11000334171582975,10.3369121752201,0.055167194366390726,-0.023424889284155207,0.047762852564287,0.7053712391497908
oos,FINAL,0.01,15.0,none,B_close<EMA20|stop=atr1.5,50000.0,61686.09604602744,0.23372192092054878,0.05311528242990445,-0.2146557798479241,0.17270234495031075,0.1192971917198461,0.3713982711583603,0.5449396803283181,0.27900766260987625,0.9665118840612079,53995.17819015538,71378.03444429999,5.214270386266095,8.0,468.7,24767.0,0.0341768935225342,1.0934936549129526,468.7,0.2831235331768722,0.07716349439899853,-0.026113769178671392,-0.015845219282152545,0.0031264545822776127,2.752416437087175,1.1670083707162535,14.653692627135172,0.05037150705963423,10.368465969703434,0.055071693376895756,-0.023359956721886253,0.04772911742663417,0.7014808854918547
oos,FINAL,0.015,5.0,none,B_close<EMA20|stop=atr1.5,50000.0,74998.55432388672,0.4999710864777344,0.1051870315460589,-0.20523884268776293,0.18064270615368094,0.12316097673139717,0.618673406300024,0.9227393072218447,0.5877093892259603,0.9675543121310071,59376.660582391196,86432.42503210001,4.373712446351933,6.4,397.7,24767.0,0.0930384974835518,1.5059423372041294,397.7,0.3052552175006286,0.07194844302693491,-0.024691371138573077,-0.0138317274958758,0.004808436353739392,4.077830944474514,1.2803066302941206,19.12315137882156,0.10850883456493296,10.249685692733216,0.054408028659639784,-0.023094765959656864,0.04713471955256772,0.704563794798254
oos,SPY_only,0.005,5.0,spy200,B_close<EMA20|stop=atr1.5,50000.0,68720.14120353598,0.3744028240707194,0.08772397657826478,-0.1503943108240527,0.14079273487082916,0.09652053288865894,0.662728126772742,0.9734301151303771,0.5888625190509928,0.9213099466245115,54814.16191343563,74817.5705478,7.752896995708154,11.8,687.0,23731.0,0.197903987379965,0.9816873663804467,687.0,0.31208151382823873,0.07167618781208365,-0.024606012059994152,-0.012747983534558416,0.005441882630796938,6.286350608799886,1.3214925830318494,37.38573367357496,0.13513617164095507,10.517758369723435,0.05556289857140593,-0.02302489395297738,0.04825899277326909,0.7063516125180264
oos,SPY_only,0.01,0.0,spy200,B_close<EMA20|stop=atr1.5,50000.0,76570.1626187431,0.5314032523748619,0.11774444591079283,-0.16689682016335874,0.16300412042076934,0.1094086667514329,0.7519253197282624,1.1308017405727013,0.7273320299662019,0.9225699458076436,58669.43071872929,86443.8166829,4.84774678111588,7.5,437.5,23731.0,0.4385859968009943,1.2229884244257472,437.5,0.31748571428571426,0.06926540035791735,-0.02413415219327424,-0.012763395213081674,0.005518871462406927,5.021474646524253,1.3350475804847535,24.145062648030304,0.14260174226908506,10.327085714285714,0.05416183904165944,-0.023113965059550375,0.047406326415602426,0.7184442999550807
oos,SPY_only,0.01,5.0,spy200,B_close<EMA20|stop=atr1.5,50000.0,70789.62136071257,0.4157924272142514,0.09488908875788493,-0.18127251658382854,0.16385269987179119,0.11045121782614511,0.6237986894324837,0.9344657081514166,0.5407211803954505,0.9225910321609524,55801.959403144,80820.902101,4.853755364806867,7.6,436.7,23731.0,0.3592552557257375,1.104629567470117,436.7,0.3052438745133959,0.07140567067433298,-0.024773514870285448,-0.013874937961685374,0.004584592372896686,4.158483883808153,1.2663671808563073,20.020914892439826,0.11335727433573847,10.358827570414473,0.054370526513701396,-0.023171422588496495,0.04763923078558651,0.7149087432983894
oos,SPY_only,0.01,15.0,spy200,B_close<EMA20|stop=atr1.5,50000.0,60348.84762621225,0.20697695252424494,0.04816805198564746,-0.20658418217119406,0.1634259362480159,0.11211860462569898,0.3529897991569645,0.5257540898899415,0.24911575586338947,0.9224734717092415,51399.55844467286,70726.599537,4.831974248927038,7.6,436.4,23731.0,0.01172584836839477,0.8554183939192811,436.4,0.2855178735105408,0.07311529064927585,-0.025894671553699154,-0.015669987882116265,0.0023744423108532863,2.1770269231655335,1.1283393533480421,10.362066244563742,0.04484102067906795,10.319431714023832,0.05398450350689562,-0.02310822830998505,0.04735497214214717,0.7190846432537724
oos,SPY_only,0.015,5.0,spy200,B_close<EMA20|stop=atr1.5,50000.0,72279.2715418571,0.44558543083714214,0.099780854996703,-0.20204745481940659,0.17473258985101192,0.1175105828502411,0.6173325518832874,0.9324678452692368,0.5283384023177524,0.9240895330337064,56280.61287276974,83357.929127,4.1,6.1,375.0,23731.0,0.30731079465595523,1.1942743276943812,375.0,0.30533333333333335,0.07045895351373994,-0.024668304029914413,-0.013770751993280372,0.004377218606748054,3.65039886037548,1.255436223300258,16.414569775305203,0.10741236423778933,10.189866666666667,0.053607972610546104,-0.023126702893739103,0.04719002633837617,0.7148937032689722
oos,SPY_VIX,0.01,5.0,spy200+vix_noshock,B_close<EMA20|stop=atr1.5,50000.0,58952.51785472963,0.17905035709459266,0.042684823114430635,-0.2177035281255113,0.15986962208631164,0.11120238482680198,0.33480984083599796,0.4890177655266318,0.2058048856784363,0.8878720984626594,49167.48686940108,66405.96113370001,4.625429184549357,7.6,426.4,21895.0,-0.03868516191694926,0.7425533532532934,426.4,0.30159474671669795,0.06598829511984503,-0.025098328650963935,-0.014849121872319904,0.0023729185744723537,2.354718413527918,1.1353725271937671,10.118124801550117,0.05574103211169255,10.10999061913696,0.05195028184691475,-0.023449412418799543,0.04822656307861165,0.7452622124838003
oos,SPY_VIX_BREADTH,0.01,5.0,spy200+vix_noshock+br50_40,B_close<EMA20|stop=atr1.5,50000.0,67673.1553553599,0.3534631071071978,0.08184329321710489,-0.17090169208535594,0.1526740757602389,0.1041394680305701,0.5894967349649748,0.8786976415857154,0.5241225510727043,0.8077933204434868,45956.80920235333,74287.28319329998,4.091309012875536,7.2,338.8,20210.0,0.12170985479044828,1.1007725938250887,338.8,0.31965761511216056,0.06975365617035809,-0.025318924243101913,-0.013953867931242814,0.005071750074423816,4.124431340765389,1.2944320392103494,17.183089252147887,0.1290263311812081,11.254722550177096,0.05658829719796505,-0.023180730592290467,0.04848291609725026,0.7354414512465777
oos,ONOFF,0.01,5.0,onoff_v1,B_close<EMA20|stop=atr1.5,50000.0,54489.65864791981,0.08979317295839616,0.02085619194408226,-0.19455295284440027,0.1403663194283367,0.09888421313569402,0.20470220146735865,0.3029027135067029,0.13736557730082674,0.7754927444311328,39802.97176365021,61886.2602711,4.609656652360515,8.2,414.4,21895.0,-0.26812564374026715,0.6554128895881115,414.4,0.30284749034749037,0.06577550499442844,-0.025544627517274158,-0.015725850480069525,0.0021114454320952333,2.046423268323777,1.1185639044262947,8.749829870602646,0.051454099605835614,10.367277992277993,0.05231868742638335,-0.02352722551017848,0.04845466756931679,0.7431514757193742
oos,A_full_hypothesis,0.01,5.0,spy200+vix_noshock+br50_40,B_close<EMA20|stop=atr1.5,50000.0,72104.61748952958,0.4420923497905915,0.10249927901200573,-0.12443830904148741,0.13118880124891966,0.08817524428837695,0.8078457061720672,1.206326679942764,0.8494754925354121,0.7229692092941968,41313.183717437656,76266.2101667,3.2399141630901283,5.6,242.1,1201.0,0.53614138548888,1.0943931583202193,242.1,0.33374638579099547,0.07227991297693978,-0.024708302469946854,-0.014506915731288594,0.007661163899769956,5.543241966662461,1.4653848769497906,18.547677801343063,0.2341905669613583,12.47253201156547,0.058183280537186514,-0.02204553999805032,0.045904539560988805,0.6777334070448836
oos,C_breakout,0.01,5.0,spy200,D_swinglow|stop=atr1.5,50000.0,54384.287918849106,0.08768575837698218,0.022769713478835496,-0.11289857692124236,0.09529796540284241,0.0648148127265101,0.28425037243777407,0.41904905999547976,0.20399016355776486,0.33734256016884145,18127.24756702425,57307.82872840001,1.362017167381974,5.0,80.2,105.0,0.1520810919631722,0.42164563642050207,80.2,0.27680798004987534,0.10106556843641433,-0.03203040645209211,-0.02518885242883484,0.004811621509564282,1.7117844072648627,1.2077185980077132,3.858920450670554,0.17108091000358483,15.82793017456359,0.06857793675192494,-0.028467509981338665,0.057473225267493266,0.7991663020247045
oos,B_failed_breakdown,0.01,5.0,none,B_close<EMA20|stop=atr1.5,50000.0,65766.05198545619,0.31532103970912384,0.07628661349418375,-0.16500362566075583,0.1303581648153207,0.08781647247899536,0.6310949072240633,0.9377092464368845,0.4711957826020351,0.6303556651752258,34057.55049770762,69380.6486755,2.8493562231759655,7.3,679.7,1070.0,0.48919817482951683,0.773460692587284,679.7,0.4476975136089451,0.030887005069417446,-0.018559128241853382,-0.0016896879133836418,0.0035777826991790027,4.473820066551643,1.3490433663673742,24.31818900631968,0.066708849788185,3.907017801971458,0.030326413898796305,-0.016020902416210077,0.019375558429017337,0.483251125259696
oos,REF_random_uptrend_day,0.01,5.0,none,B_close<EMA20|stop=atr1.5,50000.0,73797.06373307588,0.47594127466151753,0.1075847828173024,-0.20730119573274744,0.17585950720981486,0.12032902525104645,0.6638819711853067,0.975448464839139,0.5920978737267893,0.9716599009487326,61217.35983324689,86837.0395584,5.265879828326181,8.3,536.9,35754.0,0.017088825307325032,0.9645683914504122,536.9,0.3518346060718942,0.06033334084076097,-0.024109122631962725,-0.009629677989896224,0.00560065823970333,5.574964056488942,1.358403156749207,30.069934088967177,0.12050888080238858,9.140994598621717,0.05177695119624175,-0.021945320575045217,0.0443708959906362,0.6775871458304752
oos,REF_random_every_day,0.01,5.0,none,B_close<EMA20|stop=atr1.5,50000.0,86587.95482504496,0.7317590965008994,0.152438916764143,-0.18328852968006593,0.17683682437536,0.11894703247762776,0.8743173721499691,1.3090902749539832,0.8844512223355465,0.9761594519377326,64386.37839057908,96229.57272099999,5.395278969957081,8.4,853.1,93100.0,0.19836593416996753,1.5772277498728318,853.1,0.4060485288946196,0.0426903819585332,-0.02058482604276207,-0.0045870565850389955,0.0051079790816649425,6.803914214873274,1.4177831754229937,43.576169545683626,0.0972310970594015,5.894267963896378,0.0388025965936057,-0.018336903333658908,0.029389526066283228,0.5791693611020788
oos,ONOFF|cap_reduced=0.25,0.01,5.0,onoff_v1,,50000.0,56332.96575882499,0.12665931517649956,0.030969748777791982,-0.19732917871370503,0.14057082309215135,0.09760142838085724,0.2816519075966066,0.41403466854306714,0.18797180146133313,0.7318876703421779,38554.502126819636,63178.37074600001,4.051931330472103,7.6,362.8,21895.0,,,362.8,0.29630650496141125,0.06912378384007711,-0.0257654374899044,-0.015932567677547138,0.0023508560408922125,1.9649327321850705,1.129659689611165,8.528905716356947,0.05098061287983975,10.409040793825799,0.05360481045872072,-0.02378961137487614,0.04898543863726575,0.7472841031941012
oos,ONOFF|cap_reduced=0.5,0.01,5.0,onoff_v1,,50000.0,54489.65864791981,0.08979317295839616,0.02085619194408226,-0.19455295284440027,0.1403663194283367,0.09888421313569402,0.20470220146735865,0.3029027135067029,0.13736557730082674,0.7754927444311328,39802.97176365021,61886.2602711,4.609656652360515,8.2,414.4,21895.0,,,414.4,0.30284749034749037,0.06577550499442844,-0.025544627517274158,-0.015725850480069525,0.0021114454320952333,2.046423268323777,1.1185639044262947,8.749829870602646,0.051454099605835614,10.367277992277993,0.05231868742638335,-0.02352722551017848,0.04845466756931679,0.7431514757193742
oos,ONOFF|cap_reduced=0.75,0.01,5.0,onoff_v1,,50000.0,56089.492072795496,0.1217898414559099,0.02894830082467561,-0.19036258002187428,0.14198191026049764,0.09992229392750114,0.26372672951499815,0.3842284373551748,0.162530601938057,0.8260166475932487,43575.36163233991,62459.73912529999,5.2681330472103,9.0,479.2,21895.0,,,479.2,0.3030050083472454,0.06764121642663246,-0.025536838486637025,-0.015112028784047715,0.002696578820138285,2.7761218835969292,1.1515012904157098,12.922005706102661,0.0651727787178995,10.246035058430717,0.0522972275370008,-0.023640161181128366,0.047773124476074416,0.7266020071552086
oos,COMBINED_C_breakout+FINAL,0.01,5.0,per-member,,50000.0,67409.08181912403,0.34818163638248023,0.08108687405752163,-0.20501912019704743,0.16765663227257832,0.11659216655711371,0.5395417142133476,0.7824223332913631,0.39724706317406955,0.9681354150514327,57671.33487658594,77300.71827889999,5.309549356223176,7.7,466.6,24781.0,,,466.6,0.316116588084012,0.07089076930296255,-0.02507339390697955,-0.012620466394910823,0.005262469945284612,4.730816297831465,1.3068982664223856,24.554684764698003,0.11759950360937416,10.605443634804972,0.05581253663559044,-0.023389553612842284,0.04804973316913079,0.7123495618171933
oos,BENCH_SPY_buy_hold,,,,,50000.0,105491.26623964058,1.1098253247928116,0.22239029392942178,-0.1875523238331781,0.14976254315600626,0.09940874948647721,1.4229194180093843,2.1436747957093876,1.185750671515171,1.0,,,,,,,,,,,,,,,,,,,,,,,
oos,BENCH_QQQ_buy_hold,,,,,50000.0,140965.8120315891,1.8193162406317818,0.32151301180692826,-0.22768298813546228,0.20175565380474061,0.133529422494564,1.4901816683643874,2.2515829932607976,1.4121081879672137,1.0,,,,,,,,,,,,,,,,,,,,,,,
oos,BENCH_EW_universe_buy_hold,,,,,50000.0,120502.58814427098,1.4100517628854194,0.2669237139683067,-0.18979708577688748,0.16229490569919966,0.10774236353514252,1.547078912678203,2.330402062884328,1.406363606035996,1.0,,,,,,,,,,,,,,,,,,,,,,,
