period,model,grouping,group,trades,win_rate,avg_win,avg_loss,median_ret,expectancy,t_stat,profit_factor,sum_ret,avg_R,avg_hold,avg_mfe,avg_mae,avg_giveback_pp,giveback_pct_of_peak,tickers,median_ticker_cagr,median_ticker_max_dd,median_ticker_sharpe,median_bh_cagr,pct_tickers_profitable
dev,FINAL,bucket,Biotech,106,0.2641509433962264,0.05924513007872208,-0.022952539301764767,-0.009586090378158718,-0.0012399473899380527,-0.22144176829025533,0.9265851726796331,-0.13143442333343358,0.027196406101356728,9.660377358490566,0.04370901082568594,-0.0241334812874415,0.042541918705601624,0.7394594123769369,4,-0.032026927314107057,-0.34957707900542234,-0.1072163727873647,0.09896598427090819,0.25
dev,FINAL,bucket,Communication/Internet,172,0.3081395348837209,0.04893437436408918,-0.024577488326443866,-0.011993551651316103,-0.0019255771485470585,-0.5541442179009446,0.8867586833076886,-0.33119926955009404,-0.10304028644551448,9.19767441860465,0.04584426185075931,-0.023420015524299998,0.0457332387419001,0.828458587610098,8,-0.012170482998114296,-0.20360957865926682,-0.020206092657547775,-0.0836432001497962,0.375
dev,FINAL,bucket,Consumer Discretionary,245,0.3346938775510204,0.05867246311849721,-0.024323641576987163,-0.012501821733045149,0.003454646525174957,0.7928775715038116,1.2134781852691734,0.8463883986678644,0.03330256301320195,9.681632653061225,0.04885640609112195,-0.022253853011185043,0.04445096979308674,0.7054834330711596,10,0.04525542412085026,-0.23727423020613064,0.3493848322141895,0.06032022038468898,0.6
dev,FINAL,bucket,Consumer Staples,192,0.359375,0.0353844177965628,-0.017447957761970907,-0.007785027142878875,0.0015386772043771459,0.6003765122947382,1.1376572330175745,0.295426023240412,0.08232248275938651,10.385416666666666,0.03634088930952057,-0.016094949041588116,0.031030661291169943,0.7581059719064782,7,0.025949238470738045,-0.13156287498364738,0.2781102886612857,0.09412633373354784,0.5714285714285714
dev,FINAL,bucket,Energy,181,0.3756906077348066,0.10097764802503531,-0.029386843868914745,-0.010515668281579793,0.019589871317762617,3.238632247173676,2.0677725919464147,3.5457667085150337,0.36193887418608994,10.977900552486188,0.08730966425124037,-0.028749733064872447,0.06804418283771366,0.61772228739566,7,0.2096541369606797,-0.18111334462415785,0.8349872459009607,0.21727503711244633,0.8571428571428571
dev,FINAL,bucket,Financials,262,0.3320610687022901,0.05318619956123336,-0.02164727968209693,-0.010560993165025623,0.003202005410153968,1.0058767359315908,1.2214532079201383,0.8389254174603397,0.03697942129944722,9.767175572519085,0.04871859015883731,-0.020273273246922584,0.044708844874094815,0.7087603196886579,12,0.019645366716598667,-0.1854927403413893,0.19445793794300636,0.02754460283795035,0.5833333333333334
dev,FINAL,bucket,Healthcare,281,0.3202846975088968,0.050916978138392285,-0.0184564332602168,-0.009231531514435232,0.0037628088247469668,1.195785612994335,1.2999420324270452,1.0573492797538977,0.10946700021128541,9.0711743772242,0.04120634891469063,-0.018116396779010894,0.03534084280676916,0.6885692044862464,9,0.005256059377648503,-0.17875035585222676,0.10217354689689431,0.10515355569382412,0.5555555555555556
dev,FINAL,bucket,Industrials,196,0.3112244897959184,0.04479728355472161,-0.02089764094389216,-0.009550285856725571,-0.00045177158462971357,-0.13435762416121075,0.9686134232318506,-0.08854723058742386,-0.06300753141984015,8.418367346938776,0.041326441187193905,-0.020864828828003147,0.038396511954969285,0.7679766271280342,8,-0.006943499632241779,-0.2653371383637563,0.010306434660250883,0.06756999044477652,0.375
dev,FINAL,bucket,Materials,104,0.2980769230769231,0.09087794409433395,-0.025377530314496806,-0.014634083514568685,0.00927554378813544,1.0419689799576268,1.520715498247379,0.9646565539660857,0.13569137948505675,10.048076923076923,0.06575650388216658,-0.024991576054811504,0.061810669300715895,0.667771902294732,4,0.034327586262487664,-0.2574169053136741,0.2930436291037832,0.12317100080338983,1.0
dev,FINAL,bucket,Real Estate,75,0.3333333333333333,0.041696274193790045,-0.02456196758181274,-0.010211174812463697,-0.0024758869899451463,-0.39280807946648283,0.8487975170332984,-0.18569152424588597,-0.05376835470736453,8.0,0.04159550347633115,-0.023299813450982688,0.04291030715159691,0.7543614672065624,3,-0.026398333215875702,-0.2337526217839777,-0.10948081323584605,-0.005836693582403019,0.3333333333333333
dev,FINAL,bucket,Semiconductors,244,0.29098360655737704,0.07888663123752483,-0.031220786056423165,-0.014428810619305843,0.0008186673364879328,0.14157516955119973,1.036983444140092,0.19975483010305561,0.021217218984655565,7.745901639344262,0.060247106368289664,-0.03123297494778275,0.058224828477514076,0.7309992338668949,8,-0.019429319628781805,-0.34839245609647856,-0.051202672298641484,0.11429092292620857,0.375
dev,FINAL,bucket,Software,186,0.3655913978494624,0.07819632299522923,-0.025825561559954607,-0.010122892459729527,0.012203944621510449,2.2535902673250887,1.7448715577063494,2.2699336996009434,0.33060601520945143,12.241935483870968,0.06906490833385513,-0.02391190685669101,0.054205183507794075,0.6450108197356031,8,0.06509270239663034,-0.23342241997749252,0.44118571854694133,0.12899278119993496,1.0
dev,FINAL,bucket,Tech Hardware & IT Services,119,0.31092436974789917,0.060922207054914836,-0.02641230418434758,-0.010773067373346712,0.0007421236799609076,0.13138535274274227,1.040775857998014,0.088312717915348,0.009456434104562839,9.663865546218487,0.04661133816460708,-0.023366177128528558,0.04446734621262935,0.7273430874290768,5,-0.04514999272446085,-0.17418145640812954,-0.2918607829301658,0.08172175627194278,0.4
dev,FINAL,bucket,Transportation,83,0.3253012048192771,0.05442083586617227,-0.024043123768995502,-0.01494595195156656,0.0014812968352157006,0.2220472244548618,1.0913148201838248,0.12294763732290315,-0.0031359624398330723,8.662650602409638,0.046495267959705884,-0.021327279428707307,0.04191436910097471,0.7758160625926324,4,-0.014143381485812623,-0.2267622886685648,-0.05662563442767361,0.06368842867181757,0.5
dev,FINAL,bucket,Utilities,96,0.2604166666666667,0.04094128918312007,-0.020529773449883125,-0.013143014557976007,-0.004521684222538542,-1.2003606567992493,0.702197076390382,-0.43408168536370006,-0.08855222607234543,8.65625,0.031901575941981536,-0.02005502001949921,0.03446917598838475,0.830506474047175,3,-0.03387265388597416,-0.2451843327940778,-0.22851926129182348,0.08335137291528616,0.0
dev,SPY_only,bucket,Biotech,80,0.2625,0.040148931732665635,-0.02183334638004903,-0.009586090378158718,-0.005562998375461435,-1.235245085024005,0.6545170624148489,-0.4450398700369148,-0.10347609291857074,9.1,0.03550398732076587,-0.021543701941176312,0.040848312359303064,0.8625889277765676,4,-0.06070498340369751,-0.24995371195703436,-0.5673435483651075,0.09896598427090819,0.25
dev,SPY_only,bucket,Communication/Internet,164,0.29878048780487804,0.04562240203153152,-0.024148919408185702,-0.012484649930233682,-0.0033026099536360453,-0.9690030354570384,0.8049681272379104,-0.5416280323963114,-0.10977683940402465,8.798780487804878,0.043637500386881585,-0.022981551575506333,0.044677914526646524,0.8558790933704905,8,-0.02809105759067837,-0.19039756921799933,-0.1255712688707583,-0.0836432001497962,0.25
dev,SPY_only,bucket,Consumer Discretionary,234,0.3418803418803419,0.05385558027995997,-0.024709728510372383,-0.01249439779914674,0.0021502061188010675,0.5538690385386715,1.1322230759846095,0.5031482317994498,0.027789329803582032,9.474358974358974,0.047251006957195356,-0.022353821875342888,0.04390280351666139,0.7327349368027642,10,0.016083590436005102,-0.22906174798169932,0.18077954540302948,0.06032022038468898,0.5
dev,SPY_only,bucket,Consumer Staples,159,0.3584905660377358,0.038546619136228075,-0.016711164524844262,-0.00786922536746204,0.003098229617804315,1.0704370707151942,1.2890039901512365,0.4926185092308861,0.11287726125909546,11.025157232704403,0.0366464108813171,-0.014991967708783947,0.03012156781484218,0.7251719059483083,7,-0.0014840654797242392,-0.1159151790478713,0.026537756489223307,0.09412633373354784,0.42857142857142855
dev,SPY_only,bucket,Energy,121,0.36363636363636365,0.10418140408646287,-0.024269477474194716,-0.012077927968038304,0.022439934002408048,3.0359851938279534,2.452967146484704,2.7152320142913737,0.4169455895688078,11.40495867768595,0.08842219246678286,-0.024385714018987023,0.06949196155409731,0.5944521422862866,7,0.10732560174705208,-0.18111334462415785,0.7503441063336609,0.21727503711244633,1.0
dev,SPY_only,bucket,Financials,259,0.3359073359073359,0.052162043880407495,-0.021472231602222946,-0.010560556726017079,0.003262061706614309,1.0222607862503728,1.2287632755624427,0.844873982013106,0.035304020241137185,9.733590733590734,0.0486212005772783,-0.02002403314183869,0.04462242614575126,0.7082138850883116,12,0.019645366716598667,-0.18130104978467598,0.19445793794300636,0.02754460283795035,0.6666666666666666
dev,SPY_only,bucket,Healthcare,217,0.31797235023041476,0.047489985527750196,-0.019239024995850538,-0.010386592295205,0.0019789553088888647,0.5618359615830419,1.1508172251808935,0.42943330202888363,0.09336269386696101,9.225806451612904,0.04005687099648594,-0.017762195311358916,0.035674314799477226,0.7346991612709575,9,0.001075684451915082,-0.17875035585222665,0.07273931641545707,0.10515355569382412,0.5555555555555556
dev,SPY_only,bucket,Industrials,164,0.31097560975609756,0.04910282285951493,-0.02052508268367086,-0.01033330801871879,0.0011274976986613086,0.28974730777514596,1.0797252983892627,0.18490962258045462,-0.024925817521712298,8.951219512195122,0.04328678988525368,-0.020745270083558923,0.03809190783487984,0.7587081050088622,8,-0.0017781020935155323,-0.19608096277540038,0.03500749436059576,0.06756999044477652,0.5
dev,SPY_only,bucket,Materials,96,0.3125,0.08292241264333584,-0.022883907211438667,-0.014159079946613029,0.010180567743178371,1.1418630951684807,1.6470965993136981,0.9773345033451236,0.17226705980084556,10.21875,0.06402191663708745,-0.022889732134572554,0.059263988744050596,0.6668827250619326,4,0.027921586283209954,-0.25668074663397195,0.29270270655860436,0.12317100080338983,1.0
dev,SPY_only,bucket,Real Estate,60,0.31666666666666665,0.049567271876050464,-0.02388293488626353,-0.015025812690028728,-0.0006237027448640982,-0.0824060302345889,0.9617829329377634,-0.037422164691845894,-0.004041345255838073,8.866666666666667,0.04352853520545541,-0.02271203698626627,0.044447216387988576,0.7336742653133804,3,-0.009656738786809171,-0.2002546621803175,-0.03461873845010617,-0.005836693582403019,0.3333333333333333
dev,SPY_only,bucket,Semiconductors,225,0.28444444444444444,0.07937029417988367,-0.03038131691255157,-0.014246890885314167,0.0008369191315189001,0.15146266346412118,1.0384975899926558,0.18830680459175253,0.036732906559475836,7.88,0.05974414844699631,-0.03042516774477737,0.05818850062864373,0.7387003513471984,8,-0.0030226380369913763,-0.3430220306732121,0.0841679456076159,0.11429092292620857,0.5
dev,SPY_only,bucket,Software,176,0.36363636363636365,0.0723412973081963,-0.024706885919284355,-0.010122892459729527,0.010583362527072248,2.153887140072642,1.6731321102610872,1.8626718047647155,0.3553219693788061,12.005681818181818,0.06715825252722452,-0.022923793117280378,0.05404158952589587,0.6733930282812077,8,0.07056556529772318,-0.21948868940446598,0.45598662691919467,0.12899278119993496,1.0
dev,SPY_only,bucket,Tech Hardware & IT Services,108,0.32407407407407407,0.05547429887102013,-0.02682882522982973,-0.011786733270692351,-0.0001565164934432015,-0.028959688542668977,0.9913690351385077,-0.01690378129186576,0.02517595680799238,9.87037037037037,0.04559674861016726,-0.02356076812498447,0.04453555840085972,0.7399253480890324,5,-0.04500293038013825,-0.17418145640812943,-0.2927062152225399,0.08172175627194278,0.4
dev,SPY_only,bucket,Transportation,81,0.30864197530864196,0.057490133958658235,-0.023112428245338167,-0.015009318079715839,0.0017649057682409678,0.2602744126707872,1.1104518357813717,0.1429573672275184,-0.0058325219132146795,8.679012345679013,0.04684604764703226,-0.02108065092994573,0.042404793703885016,0.786839936469026,4,-0.002262408446162989,-0.22028698677975944,0.030810951675945913,0.06368842867181757,0.5
dev,SPY_only,bucket,Utilities,70,0.2714285714285714,0.045691546902860224,-0.019875593123519407,-0.013755992324294364,-0.002078797973502078,-0.4506893582783408,0.8564444289656591,-0.14551585814514545,-0.03881150227672684,9.6,0.03557621062101865,-0.017826230658737577,0.03652065232739671,0.7768675988391981,3,-0.0008027217997967906,-0.19836898266536107,0.041752071234198156,0.08335137291528616,0.3333333333333333
oos,FINAL,bucket,Biotech,131,0.24427480916030533,0.06363564472546387,-0.022998611980618817,-0.015411246635031461,-0.0018360454569955609,-0.40716953875636114,0.8943625511979691,-0.24052195486641847,-0.024824853997675703,9.198473282442748,0.04592727038230362,-0.02301243109339714,0.04402570536327245,0.8376919755888125,4,-0.028150302604389277,-0.2669094824408905,-0.11736478269021217,0.16695747564437802,0.25
oos,FINAL,bucket,Communication/Internet,220,0.33181818181818185,0.07748060398073826,-0.021994706305319578,-0.008554892486591414,0.011013010289599615,2.2177670393207856,1.7493646874357678,2.4228622637119153,0.25517339805795275,10.840909090909092,0.05882659271169227,-0.02084907980699604,0.04554036902670609,0.6213711848049971,8,0.033989334982723385,-0.21154388978225136,0.3075194613782343,0.13683354141856507,0.625
oos,FINAL,bucket,Consumer Discretionary,331,0.2930513595166163,0.05345064629171391,-0.02231102669605896,-0.012527902711522598,-0.00010896542773881581,-0.039415922235702665,0.9930915390275011,-0.03606755658154803,0.0018585351036325445,8.885196374622357,0.04339394427213447,-0.02152810048183401,0.04229801591395803,0.7587913080179469,10,-0.02422553777573011,-0.23083088460664702,-0.044196022811817955,0.027308403665615488,0.2
oos,FINAL,bucket,Consumer Staples,242,0.3140495867768595,0.0454084748536834,-0.01684508207091201,-0.00876449864223977,0.0027056217566468806,0.9464101154918754,1.234153810272457,0.6547604651085451,0.14887523087594615,10.285123966942148,0.03732185992424886,-0.016535474716161673,0.03348096958352066,0.7355901835850106,7,0.008978269241063153,-0.2242457596257551,0.13413223549719513,0.2038393538533616,0.5714285714285714
oos,FINAL,bucket,Energy,209,0.2583732057416268,0.06819466199355993,-0.026215500034866245,-0.01852590902040896,-0.0018224438169953715,-0.4210850417377547,0.9062630991526307,-0.3808907577520326,-0.07123143857617749,8.124401913875598,0.048960822244765584,-0.0247885583644742,0.04751963692100842,0.8309593097820124,7,-0.03503962196982413,-0.3179418035954942,-0.2000639546525749,0.0648909604090182,0.2857142857142857
oos,FINAL,bucket,Financials,406,0.3645320197044335,0.053029310418191346,-0.02096530045079947,-0.008966026326238385,0.006008104496517381,2.223806112381196,1.4509648728787286,2.439290425586057,0.14168460315441808,11.293103448275861,0.04680386907111235,-0.01916487211338283,0.03803833175297697,0.6455502736195226,12,0.028611428143598405,-0.19355488538779436,0.30396138124602756,0.2130302902841138,0.75
oos,FINAL,bucket,Healthcare,250,0.284,0.05615490166768338,-0.021626018035363737,-0.011383439786414373,0.0004637631603016481,0.1432945179302863,1.0299506783901062,0.11594079007541203,-0.004324773557842399,8.76,0.04155680435521532,-0.019775061565453982,0.037400791395462867,0.7626498833641071,9,-0.023734917260768817,-0.23129649668544894,-0.07421990802431373,0.02471752684626094,0.4444444444444444
oos,FINAL,bucket,Industrials,282,0.2553191489361702,0.07582234795792184,-0.0215792079152532,-0.013746688624671488,0.0032892744353446857,0.8991660657980434,1.2046889620632388,0.9275753907672014,0.10061524219788272,9.074468085106384,0.046383511521370026,-0.02101495991516092,0.040460613791836623,0.6784080097488848,8,0.010989211202722227,-0.24601990882400798,0.15424948748467704,0.14273916913640716,0.5
oos,FINAL,bucket,Materials,156,0.28205128205128205,0.06479283673140011,-0.0268854332540846,-0.01343098848604718,-0.0010274596684350706,-0.19132956820113425,0.9467702631141347,-0.16028370827587102,-0.0256280395400498,8.044871794871796,0.047986555728738424,-0.02551073687797725,0.047330179245804384,0.8115337834071775,4,-0.021466535545025145,-0.3645012931360234,0.0313111716645362,0.16086236630786566,0.25
oos,FINAL,bucket,Real Estate,68,0.3088235294117647,0.0447245757032379,-0.01951827110894926,-0.010769475550666652,0.00032143158304971745,0.06448826510038484,1.0238263905316412,0.021857347647380787,0.014900743408578488,9.75,0.038836699526073395,-0.01907163519687284,0.03615767563062389,0.7796930346375249,3,-0.011863172417145962,-0.19244136884147411,-0.09099617523462611,-0.02226555989950063,0.3333333333333333
oos,FINAL,bucket,Semiconductors,283,0.3745583038869258,0.14261143924673092,-0.037465878591852415,-0.016219984689241018,0.02998357614627421,2.7639486592690883,2.2795600660865354,8.485352049395601,0.507633510749993,10.282685512367491,0.11081789902989583,-0.03366350517753706,0.08061613495557833,0.5777878067427141,8,0.19045188147541303,-0.3557169561039984,0.6867245096953469,0.5975382176450964,0.75
oos,FINAL,bucket,Software,228,0.32894736842105265,0.05907189083564821,-0.02608324069351297,-0.012177787466324586,0.0019283157305532014,0.4872052287678356,1.110169153189718,0.4396559865661299,0.07340315781270759,9.837719298245615,0.05227229884912817,-0.02355192652165924,0.04587766486857539,0.7777116560775734,8,0.03267886366081374,-0.2909659204935573,0.27810889457220767,0.1642984045332182,0.625
oos,FINAL,bucket,Tech Hardware & IT Services,135,0.4148148148148148,0.09833583855996401,-0.02330872042147779,-0.007880359491600264,0.027151244785638812,2.9088511055685213,2.9905724529962705,3.6654180460612396,0.6295137050626077,13.496296296296297,0.08788141689990833,-0.020582428598800852,0.06053867259916232,0.5687223763172247,5,0.09106856789181106,-0.17014450071440546,0.5662771308176979,0.2899256919760873,0.8
oos,FINAL,bucket,Transportation,106,0.3018867924528302,0.06627902840428036,-0.02472236354906477,-0.011969388178141638,0.002749754776473384,0.43816885762705376,1.1593228703735923,0.2914740063061787,0.054624591892958076,10.150943396226415,0.05357038120654654,-0.024086501581361754,0.050404742439645725,0.7245890120770142,4,0.01432740698363777,-0.2665779472095422,0.16842396304511503,0.1717025088601697,0.75
oos,FINAL,bucket,Utilities,84,0.27380952380952384,0.04473652690022152,-0.016404078146752557,-0.00821409751286295,0.00033680180658558436,0.08566627359491373,1.0282730091592156,0.028291351753189087,0.02791886137948263,9.976190476190476,0.03729730564786075,-0.01677626158479514,0.02996510891170734,0.8685875308114057,3,0.0026340472467962783,-0.18025731443867699,0.07565890909954173,0.0563166428942119,0.6666666666666666
oos,SPY_only,bucket,Biotech,125,0.256,0.06363564472546387,-0.022364625658322576,-0.014407909507142658,-0.00034855644007324307,-0.07447067629745857,0.9790521940333132,-0.04356955500915538,0.015235213100959873,9.448,0.047214073862971336,-0.022398867054884874,0.04457024230004759,0.8072530561072427,4,-0.008856112844721598,-0.2208724370313831,0.009031463241300622,0.16695747564437802,0.5
oos,SPY_only,bucket,Communication/Internet,216,0.3194444444444444,0.07477962581213649,-0.02257564985382579,-0.009267351306534333,0.008523952095023272,1.762586497050889,1.5548008989597715,1.8411736525250268,0.21491732972801772,10.402777777777779,0.05582376680752533,-0.020987046085191294,0.045682163305625856,0.656077657481577,8,0.021790898434914996,-0.2111109237589741,0.23253118533682354,0.13683354141856507,0.625
oos,SPY_only,bucket,Consumer Discretionary,324,0.29012345679012347,0.051314139001097006,-0.02231846100492068,-0.012802765733712362,-0.0009559165587303631,-0.35047878260953114,0.9396645001719598,-0.30971696502863766,-0.017706471955398286,8.737654320987655,0.04241361544529357,-0.02147934171671685,0.042065460784186895,0.7776272882582516,10,-0.030669511358753176,-0.23475234586006644,-0.0892644297024274,0.027308403665615488,0.2
oos,SPY_only,bucket,Consumer Staples,224,0.32142857142857145,0.04719138448016709,-0.01591045038338941,-0.00823624988761551,0.0043722822513251785,1.4467817088327974,1.404976802194693,0.9793912242968399,0.21264618259042697,10.5,0.03805408530419684,-0.015379146415515355,0.03252582393019403,0.7084741688975149,7,0.03765846973853204,-0.2021562120038637,0.35440760423426315,0.2038393538533616,0.5714285714285714
oos,SPY_only,bucket,Energy,203,0.2512315270935961,0.07010047970067478,-0.025537680482013356,-0.01823303969660539,-0.001510359450894667,-0.3422797836005085,0.9210137821877808,-0.3066029685316174,-0.06133834023066267,8.152709359605911,0.04879433525447503,-0.024340473534372853,0.04748689563924695,0.8324586393015201,7,-0.04273135252964888,-0.3179418035954946,-0.20426322689076548,0.0648909604090182,0.2857142857142857
oos,SPY_only,bucket,Financials,394,0.3680203045685279,0.048139530950918566,-0.020536224549032332,-0.008656024332063972,0.004737847906533354,1.920582228857856,1.3650542301663182,1.8667120751741417,0.1428111859470205,11.101522842639595,0.04522581550692516,-0.018847436371020338,0.03770598223505373,0.6690439925357442,12,0.027684147519151048,-0.17162051000753503,0.2913503052370562,0.2130302902841138,0.75
oos,SPY_only,bucket,Healthcare,236,0.288135593220339,0.058084650111109214,-0.021272697046932947,-0.011085629176205314,0.0015929792528419128,0.4692921007883916,1.1051938343563743,0.3759431036706914,0.027232218540389073,8.90677966101695,0.042277023472904754,-0.01943251672296878,0.037576670722293995,0.728313479682144,9,0.013095037541172028,-0.21111467195421663,0.1640432023649595,0.02471752684626094,0.5555555555555556
oos,SPY_only,bucket,Industrials,273,0.24175824175824176,0.07440783955039945,-0.02161291381565946,-0.014071167349874347,0.0016008946904207154,0.44312030383174167,1.0976881182971083,0.4370442504848553,0.07361785034900291,8.97069597069597,0.044467194137217496,-0.02128245559347849,0.040443295290898275,0.7175629511473617,8,-0.01412328319735534,-0.3015349640467157,0.007461001396309785,0.14273916913640716,0.5
oos,SPY_only,bucket,Materials,150,0.26666666666666666,0.06678101833043415,-0.02746582573052346,-0.01374684814482402,-0.0023333339809347596,-0.42173575415915404,0.8841535260534692,-0.35000009714021396,-0.04885935998438889,8.02,0.04709783913988725,-0.026195391372141306,0.04823923253039222,0.8286191241093758,4,-0.043988864117129656,-0.36232613292414,-0.07032008704551237,0.16086236630786566,0.25
oos,SPY_only,bucket,Real Estate,63,0.3333333333333333,0.04377897716980507,-0.01875450222824051,-0.008528597592564191,0.0020899909044413507,0.39892725930297507,1.1671591342979697,0.1316694269798051,0.05572624803854888,10.26984126984127,0.040867692762507964,-0.017639489253966915,0.036443138170151386,0.7688833642233908,3,0.015843964177834957,-0.14491633973685403,0.23142570715738298,-0.02226555989950063,0.6666666666666666
oos,SPY_only,bucket,Semiconductors,281,0.3736654804270463,0.13497930724763557,-0.03741293833882039,-0.015691964304929473,0.027004092930140028,2.678497299315255,2.1523951658127647,7.588150113369348,0.4825300904592338,10.177935943060499,0.10745953878315886,-0.033518507383180865,0.08022299699723276,0.5937443009540548,8,0.18171359184852598,-0.34427200177211537,0.6650303391039318,0.5975382176450964,0.75
oos,SPY_only,bucket,Software,228,0.32456140350877194,0.05833774540266498,-0.0259397036214636,-0.012177787466324586,0.0014135035179465548,0.36133330008978953,1.08067630704813,0.3222788020918145,0.059811045712780404,9.763157894736842,0.05172974277250099,-0.023595162217171294,0.04584659522391235,0.7868731098464137,8,0.02172210460954538,-0.29096592049355735,0.22778978374919562,0.1642984045332182,0.625
oos,SPY_only,bucket,Tech Hardware & IT Services,131,0.42748091603053434,0.0916117049373668,-0.02318391579176603,-0.005358392516961574,0.025889021313817463,2.986057531668863,2.9504682025082207,3.391461792110088,0.6333151295454721,13.687022900763358,0.08676794634515629,-0.020679212859847168,0.060470255563109025,0.5767076170755978,5,0.09339924509321573,-0.17014450071440546,0.5861506020061104,0.2899256919760873,0.8
oos,SPY_only,bucket,Transportation,105,0.3047619047619048,0.06618175267111343,-0.025036643538001134,-0.012077539721665476,0.0027632486400147285,0.43580747485782806,1.1587487439782833,0.2901411072015465,0.05536640159059693,10.142857142857142,0.05335995082591551,-0.023964926473862332,0.05020805997127305,0.7211580287288056,4,0.014100462192914054,-0.2693342141935773,0.16844920487360338,0.1717025088601697,0.75
oos,SPY_only,bucket,Utilities,81,0.2839506172839506,0.04473652690022152,-0.016534622742731524,-0.008212525857694497,0.000863358020082304,0.21267999390143774,1.0729211757809398,0.06993199962666663,0.04613067272958546,9.864197530864198,0.037466938362472786,-0.016636525162130388,0.029726113245277484,0.8612517614258995,3,-0.0002431362943690063,-0.19543124410132562,0.05279284156473492,0.0563166428942119,0.3333333333333333
