period,model,family,gating,slice,slice_value,trades,win_rate,avg_win,avg_loss,median_ret,expectancy,t_stat,profit_factor,sum_ret,avg_R,avg_hold,avg_mfe,avg_mae,avg_giveback_pp,giveback_pct_of_peak,fwd10_mean,fwd10_n,fwd10_excess_vs_all_days,pf_start_equity,pf_end_equity,pf_total_return,pf_cagr,pf_max_dd,pf_ann_vol,pf_downside_vol,pf_sharpe,pf_sortino,pf_calmar,pf_avg_exposure,pf_avg_capital_deployed,pf_peak_capital_deployed,pf_avg_positions,pf_max_positions,pf_portfolio_trades,pf_candidate_signals
dev,FAM_A_simple,FAM_A_simple,ungated,ALL,ALL,2542,0.3233674272226593,0.06063118540913508,-0.023709492600490514,-0.010974215597198855,0.0035635354576968314,2.835080073997305,1.2221293388073804,9.058507133465346,0.06760355787292334,9.53147128245476,0.051016931013185704,-0.02270472886895244,0.045853584828242186,0.7096608615394654,0.0031296146744548585,19532.0,-0.0012042472575182015,50000.0,86521.78046089699,0.7304356092179398,0.19757805309232626,-0.23337141386907523,0.20060826631221204,0.14430069541477716,0.9921286147945804,1.385658548362971,0.8710281654900414,0.9332839867234647,66607.55101216005,97532.2282702,5.328042328042328,10.0,377.6,19646.0
dev,FAM_A_simple,FAM_A_simple,spy200,ALL,ALL,2214,0.3224932249322493,0.058646144460127905,-0.02314558047281343,-0.011492374639220093,0.0032316966735822855,2.5357289013058297,1.206086181152822,7.15497643531118,0.07252087543240442,9.644083107497742,0.050222741734539396,-0.02187932390187578,0.04558558184880623,0.7217235827489807,0.0027565497376860755,16839.0,-0.0015773121942869845,50000.0,69870.42123165561,0.39740842463311193,0.11581416022375675,-0.1421467846928977,0.16043117589694972,0.1142476866826839,0.7560226333545368,1.065907292741559,0.8393110565350149,0.6726984860910801,42617.29016719365,78904.2383972,3.539417989417989,7.4,242.2,16839.0
dev,FAM_A_simple,FAM_A_simple,ungated,reg_market_state,BEARISH,414,0.34057971014492755,0.07372370598023854,-0.026957892076698586,-0.00900752014249262,0.007332217406461158,1.8323579475761176,1.4124649955766715,3.0355380062749195,0.06852999829465856,9.710144927536232,0.05968626597734833,-0.026948579032265548,0.049087858456521236,0.6488872699499437,,,,,,,,,,,,,,,,,,,,
dev,FAM_A_simple,FAM_A_simple,ungated,reg_market_state,BULLISH,2008,0.32121513944223107,0.05794438458401416,-0.022807081565098027,-0.011263733992626479,0.0031315118941536452,2.352077899185017,1.2022796541812353,6.28807588346052,0.07368193241447898,9.444223107569721,0.049215251439002315,-0.021544880346062528,0.04482344215609767,0.7192089165311553,,,,,,,,,,,,,,,,,,,,
dev,FAM_A_simple,FAM_A_simple,ungated,reg_market_state,MIXED,120,0.3,0.05749066128906291,-0.027794887650909022,-0.018744190835710328,-0.0022092229689174374,-0.47161946644893543,0.8864527587814881,-0.2651067562700925,-0.037304128910760605,10.375,0.0512558302614934,-0.02747157775521338,0.0520443352321217,0.8045045011043694,,,,,,,,,,,,,,,,,,,,
dev,FAM_A_simple,FAM_A_simple,ungated,reg_vol_regime,HIGH,499,0.2965931863727455,0.06616955787236815,-0.024925473292713628,-0.013460741332078974,0.0020926922632625313,0.6990802158244932,1.119359058458086,1.0442534393680032,0.0071206499705986775,9.178356713426854,0.051886299389641996,-0.025373336515822954,0.04858553084692727,0.7240576242731794,,,,,,,,,,,,,,,,,,,,
dev,FAM_A_simple,FAM_A_simple,ungated,reg_vol_regime,LOW,945,0.3343915343915344,0.05704151817157689,-0.02053837248958366,-0.009808113710320754,0.005403686186529286,2.967462265820621,1.395280378616418,5.106483446270175,0.15952654608620492,9.996825396825397,0.048288241480782465,-0.01941772294603573,0.04124565423015551,0.6888153136257787,,,,,,,,,,,,,,,,,,,,
dev,FAM_A_simple,FAM_A_simple,ungated,reg_vol_regime,NORMAL,798,0.2907268170426065,0.05173550526207868,-0.024716809875137857,-0.01268553833587438,-0.002490071639756608,-1.384038936497732,0.8579615628149203,-1.987077168525773,-0.08202364252737065,8.672932330827068,0.04541640114639693,-0.023218141991016433,0.047556141966940406,0.820499167120697,,,,,,,,,,,,,,,,,,,,
dev,FAM_A_simple,FAM_A_simple,ungated,reg_vol_regime,SHOCK,300,0.42,0.0795078006204603,-0.02944330725186813,-0.004672082277969558,0.016316158054509807,2.879981548895057,1.9554397795699148,4.894847416352942,0.2766577348767351,10.936666666666667,0.07306366308640837,-0.027254334568821908,0.05202425009250404,0.5565511676102056,,,,,,,,,,,,,,,,,,,,
dev,FAM_A_simple,FAM_A_simple,ungated,reg_breadth_state,NEUTRAL,622,0.34887459807073956,0.045348434272115185,-0.022670606026783228,-0.009323842782550162,0.0010595093186523917,0.49747975492825697,1.0717756298943377,0.6590147962017876,0.06309819579603924,8.839228295819936,0.044996913527963825,-0.021274387307521365,0.04283376524118944,0.7767343948866043,,,,,,,,,,,,,,,,,,,,
dev,FAM_A_simple,FAM_A_simple,ungated,reg_breadth_state,STRONG,1616,0.2939356435643564,0.0585893377042557,-0.022850305953909137,-0.012135092642499512,0.001087708116405402,0.7831441141300189,1.0674180305931844,1.7577363161111297,0.005605942745285673,9.218440594059405,0.047635938346508366,-0.02221680983121914,0.04554744167051121,0.7431251602063744,,,,,,,,,,,,,,,,,,,,
dev,FAM_A_simple,FAM_A_simple,ungated,reg_breadth_state,WEAK,304,0.4276315789473684,0.0936022212287583,-0.03176168240566754,-0.006834719213433427,0.021847881648527724,3.648480197356341,2.201794386339161,6.641756021152428,0.4063880356955693,12.611842105263158,0.08130684885910203,-0.028224957869568076,0.05320697838445609,0.5368875571190361,,,,,,,,,,,,,,,,,,,,
dev,FAM_A_full_candle_volume,FAM_A_full_candle_volume,ungated,ALL,ALL,755,0.32317880794701986,0.05800006190495682,-0.024412682149065758,-0.015009318079715839,0.002221370233956109,1.103721132508165,1.1344409284022612,1.6771345266368622,0.05356117001200664,10.927152317880795,0.05121252891779705,-0.022111742736029977,0.046083398260003426,0.7666032143249327,0.0033137251517639747,1068.0,-0.0010201367802090853,50000.0,62399.732700760665,0.2479946540152133,0.07527485676248862,-0.19243614484058869,0.15498893258036817,0.11064104246119184,0.5389493534459171,0.7592573534290207,0.43090503042790285,0.713241395243986,40905.03182278095,68471.407256,3.4306878306878312,6.2,230.2,1070.0
dev,FAM_A_full_candle_volume,FAM_A_full_candle_volume,spy200,ALL,ALL,663,0.31825037707390647,0.057079416914708275,-0.02421096403016986,-0.015328694281023236,0.0016597303580191084,0.7853380697035424,1.100554277257013,1.1004012273666688,0.035486975381598916,10.963800904977376,0.050224817936396125,-0.02176413079327169,0.04530995689358537,0.78177489596616,0.004349054371576486,937.0,1.5192439603426387e-05,50000.0,58994.543302275575,0.17989086604551163,0.05628609272112613,-0.2012809622537497,0.13673290995409443,0.09870523276387726,0.46558937611427104,0.6460740764490774,0.27900148756291127,0.5587273741588916,33269.17925493836,73645.988847,2.6605820105820106,6.4,175.6,937.0
dev,FAM_A_full_candle_volume,FAM_A_full_candle_volume,ungated,reg_market_state,BEARISH,100,0.35,0.06870850075540016,-0.027013693314158985,-0.012006857014006056,0.006489074610186721,1.0235311966334346,1.3695604148562301,0.648907461018672,0.16656622280601208,11.14,0.06070855580664039,-0.024903771770352377,0.05425509112059244,0.6894120368567124,,,,,,,,,,,,,,,,,,,,
dev,FAM_A_full_candle_volume,FAM_A_full_candle_volume,ungated,reg_market_state,BULLISH,612,0.3235294117647059,0.0548770299712205,-0.024054859747107898,-0.01507764716767257,0.0014819281029395273,0.6878272817084051,1.0910700103478217,0.9069399989989907,0.041382471049846804,10.856209150326798,0.049349747859395644,-0.021521571853863528,0.04462231780664579,0.7834611004225872,,,,,,,,,,,,,,,,,,,,
dev,FAM_A_full_candle_volume,FAM_A_full_candle_volume,ungated,reg_market_state,MIXED,43,0.2558139534883721,0.0801423312789817,-0.023758705545299966,-0.016673666630363404,0.0028206294562604594,0.29067440435651254,1.1595297700299074,0.12128706661919975,-0.035907237303312564,11.44186046511628,0.055640885170292975,-0.024018293351230575,0.04947710124303281,0.7569231813190274,,,,,,,,,,,,,,,,,,,,
dev,FAM_A_full_candle_volume,FAM_A_full_candle_volume,ungated,reg_vol_regime,HIGH,124,0.3064516129032258,0.07210223274026935,-0.026957151301416606,-0.01766322789147734,0.003399756711358126,0.5948873233845299,1.1818432051039243,0.4215698322084076,0.009916187127761843,10.491935483870968,0.05677869579377164,-0.02515135978106705,0.051683781215077926,0.7345386721773577,,,,,,,,,,,,,,,,,,,,
dev,FAM_A_full_candle_volume,FAM_A_full_candle_volume,ungated,reg_vol_regime,LOW,367,0.3024523160762943,0.04896380380191128,-0.023298880015695536,-0.016773319687420907,-0.0014428639291714064,-0.6163737058919289,0.911219736332085,-0.5295310620059062,-0.005358317436685911,10.888283378746594,0.04237937768939015,-0.021175834907495188,0.03978013258826135,0.8407748885463715,,,,,,,,,,,,,,,,,,,,
dev,FAM_A_full_candle_volume,FAM_A_full_candle_volume,ungated,reg_vol_regime,NORMAL,211,0.33649289099526064,0.06006910006457394,-0.02418994168954314,-0.011492212461282625,0.004162626862790099,0.9803226864096996,1.2593504946693221,0.8783142680487108,0.06854950470928822,10.890995260663507,0.05674653172506493,-0.02156311490203853,0.051247781570884755,0.7530727520727535,,,,,,,,,,,,,,,,,,,,
dev,FAM_A_full_candle_volume,FAM_A_full_candle_volume,ungated,reg_vol_regime,SHOCK,53,0.4528301886792453,0.07134341392009695,-0.02777449812747161,-0.007898557879039148,0.0171090846865217,1.7781297941792298,2.1257926981148487,0.9067814883856502,0.5039930785061592,12.358490566037736,0.07732360846253213,-0.023665065989989725,0.058886498157535515,0.5912106056072798,,,,,,,,,,,,,,,,,,,,
dev,FAM_A_full_candle_volume,FAM_A_full_candle_volume,ungated,reg_breadth_state,NEUTRAL,148,0.32432432432432434,0.048327365733627385,-0.022374916361810583,-0.01173675401075891,0.0005555535069801058,0.15054045119612683,1.036747363745856,0.08222191903305565,0.08105786702542317,11.027027027027026,0.04485374750244044,-0.02057365293532683,0.03911760212969647,0.7990041568752522,,,,,,,,,,,,,,,,,,,,
dev,FAM_A_full_candle_volume,FAM_A_full_candle_volume,ungated,reg_breadth_state,STRONG,546,0.3076923076923077,0.05727289977861611,-0.02427869131880924,-0.016358231935244605,0.0008141059419370234,0.3483988460764839,1.0484346865973424,0.44450184429761475,-0.015511559963952775,10.591575091575091,0.049509288068970196,-0.02219162055860304,0.04674180893302412,0.7900969405946631,,,,,,,,,,,,,,,,,,,,
dev,FAM_A_full_candle_volume,FAM_A_full_candle_volume,ungated,reg_breadth_state,WEAK,61,0.45901639344262296,0.07894479952813727,-0.0321225340448985,-0.007898557879039148,0.018859192841085115,1.884783636070007,2.0852485103657683,1.150410763306192,0.605105422616731,13.688524590163935,0.0818857937199649,-0.025128529611098384,0.05739556042154935,0.6053609136489952,,,,,,,,,,,,,,,,,,,,
dev,FAM_B_failed_breakdown_swing,FAM_B_failed_breakdown_swing,ungated,ALL,ALL,871,0.40987370838117104,0.022241290694375564,-0.02046288763754448,-0.0037461131282734428,-0.0029595677012695582,-2.2995210983410987,0.7549151897666334,-2.5777834678057854,-0.053493484411571195,3.050516647531573,0.024081215743129356,-0.019808130614403147,0.016970709358917434,0.5511108644544217,-0.003310986851005731,936.0,-0.00764484878297879,50000.0,53054.50775607111,0.06109015512142228,0.019831425520600177,-0.16613976239917846,0.14531886098772145,0.1041233908069169,0.20602463889488062,0.2885611387092274,0.12342023779474083,0.5330966228154126,26855.351980199204,56871.95620639999,2.3656084656084655,9.4,545.4,942.0
dev,FAM_B_failed_breakdown_swing,FAM_B_failed_breakdown_swing,spy200,ALL,ALL,652,0.401840490797546,0.021853757518191186,-0.018224789310691273,-0.00407756662903308,-0.0021196063825207143,-1.4993367154101294,0.8055644419196085,-1.3819833614035058,-0.052090377857574595,3.041411042944785,0.022111609505108022,-0.018045383290248906,0.01688422985341749,0.5728825762912029,-0.0008922727335926724,700.0,-0.005226134665565732,50000.0,51364.71988544002,0.027294397708800423,0.0083862333174602,-0.15626420090978127,0.1148666048027042,0.08093440357202282,0.11599936204758668,0.18187213578558703,0.07508997139494056,0.3999370913117667,20204.055969514287,57453.1868404,1.7415343915343917,6.2,393.0,700.0
dev,FAM_B_failed_breakdown_swing,FAM_B_failed_breakdown_swing,ungated,reg_market_state,BEARISH,221,0.4343891402714932,0.02341891573785393,-0.027706647221718526,-0.002653214216597033,-0.005498257881813748,-1.895912802866377,0.6491484567852465,-1.2151149918808384,-0.058735401286389294,3.072398190045249,0.030212460948388573,-0.025114291540418568,0.017840710763081566,0.5014340552742242,,,,,,,,,,,,,,,,,,,,
dev,FAM_B_failed_breakdown_swing,FAM_B_failed_breakdown_swing,ungated,reg_market_state,BULLISH,628,0.3980891719745223,0.021314758427392298,-0.018183081760911383,-0.004109586830585432,-0.00245941926556756,-1.7189547665956821,0.7752845550243213,-1.5445152987764277,-0.06049005706117029,2.9410828025477707,0.02160482331980256,-0.017969953468607514,0.016674992883735622,0.5837705774287879,,,,,,,,,,,,,,,,,,,,
dev,FAM_B_failed_breakdown_swing,FAM_B_failed_breakdown_swing,ungated,reg_market_state,MIXED,22,0.5,0.03302138729182038,-0.016489857941685802,-0.0007789683615354037,0.008265764675067289,0.9376707109134446,2.002527093234893,0.18184682285148035,0.1988842998285668,5.954545454545454,0.03317981808344475,-0.018976934383050884,0.01681349613335388,0.38274173505460146,,,,,,,,,,,,,,,,,,,,
dev,FAM_B_failed_breakdown_swing,FAM_B_failed_breakdown_swing,ungated,reg_vol_regime,HIGH,170,0.43529411764705883,0.02975263947667169,-0.022363660889569953,-0.004898883062824211,0.00032225809338229025,0.09040769889595221,1.0255175293757006,0.05478387587498934,0.020482623458514232,3.8117647058823527,0.02883938110582767,-0.01960939219235982,0.021803627041301614,0.5110491688355462,,,,,,,,,,,,,,,,,,,,
dev,FAM_B_failed_breakdown_swing,FAM_B_failed_breakdown_swing,ungated,reg_vol_regime,LOW,195,0.37948717948717947,0.016862843183483245,-0.011509921101969528,-0.003943936243558044,-0.000742820809028476,-0.39732384394035486,0.8959933865079556,-0.14485005776055282,-0.04540128007557262,2.882051282051282,0.019288573065662395,-0.012562858018450243,0.013712120380114356,0.6100842695148812,,,,,,,,,,,,,,,,,,,,
dev,FAM_B_failed_breakdown_swing,FAM_B_failed_breakdown_swing,ungated,reg_vol_regime,NORMAL,245,0.4204081632653061,0.016945114180072433,-0.01750762202623301,-0.002424401684604449,-0.0030234104782760267,-1.7287388482782533,0.7020470485161111,-0.7407355671776266,-0.08703074653217095,2.6489795918367345,0.01900566441896039,-0.01663213743541733,0.015991789052433796,0.6869051638890947,,,,,,,,,,,,,,,,,,,,
dev,FAM_B_failed_breakdown_swing,FAM_B_failed_breakdown_swing,ungated,reg_vol_regime,SHOCK,261,0.4061302681992337,0.025898568872576893,-0.028982129156359653,-0.0041864995841782715,-0.006693416546906497,-2.3121718442019574,0.6111103591619277,-1.7469817187425958,-0.07624171798968347,3.057471264367816,0.029327144037645598,-0.028332008073444173,0.017618292458863895,0.4540688646300573,,,,,,,,,,,,,,,,,,,,
dev,FAM_B_failed_breakdown_swing,FAM_B_failed_breakdown_swing,ungated,reg_breadth_state,NEUTRAL,263,0.3840304182509506,0.015224017338997095,-0.018075404774049474,-0.004680214511947445,-0.005287413772461248,-3.6932061774610143,0.5251067459679672,-1.3905898221573083,-0.12284984639685739,2.897338403041825,0.01840150151174824,-0.017469222011440192,0.01673585869429919,0.6857444387445909,,,,,,,,,,,,,,,,,,,,
dev,FAM_B_failed_breakdown_swing,FAM_B_failed_breakdown_swing,ungated,reg_breadth_state,STRONG,334,0.4041916167664671,0.02462422514434185,-0.01578614898783285,-0.0036791069847998403,0.0005473854667886603,0.2478917668167134,1.0581983210140113,0.18282674590741255,-0.013038093518602826,3.2395209580838324,0.0240524666458128,-0.015925997233095273,0.017397560754007828,0.5603027355247051,,,,,,,,,,,,,,,,,,,,
dev,FAM_B_failed_breakdown_swing,FAM_B_failed_breakdown_swing,ungated,reg_breadth_state,WEAK,274,0.4416058394160584,0.025440038282373716,-0.0290736276060334,-0.0019267892446008794,-0.005000074421736824,-1.8193280163738255,0.6920101693020956,-1.3700203915558897,-0.036235737536101036,2.9671532846715327,0.029567956769979586,-0.026785377008330474,0.01658435061701422,0.4511866957231768,,,,,,,,,,,,,,,,,,,,
dev,FAM_B_reclaim_ema20,FAM_B_reclaim_ema20,ungated,ALL,ALL,1542,0.3138780804150454,0.06115727582380016,-0.02549790375602708,-0.01297010336352944,0.001701257668510134,1.0567971134679819,1.0972443380360972,2.6233393248426267,0.02882438272392613,9.32295719844358,0.05145824207667115,-0.02397643646162362,0.047372549525942824,0.7424032851245813,-0.0008854400648417354,2018.0,-0.005219301996814796,50000.0,60644.269061806845,0.21288538123613682,0.06584037979015353,-0.19058335694316153,0.1844441147580605,0.13651288355761496,0.4377142401726254,0.5934701068983661,0.3601846199736695,0.8627103152083603,45759.74808381825,64015.389117000006,4.58941798941799,7.4,374.8,2025.0
dev,FAM_B_reclaim_ema20,FAM_B_reclaim_ema20,spy200,ALL,ALL,1270,0.3031496062992126,0.06206470091551247,-0.025406956841752936,-0.01330437352519337,0.0011100417697015403,0.6354411655013457,1.0626970520930732,1.4097530475209563,0.020667200090926072,9.300787401574803,0.0504351422662895,-0.023690054111899814,0.04708360870028404,0.7508478732102738,0.0010165197010279484,1641.0,-0.0033173422309451116,50000.0,52117.788432897534,0.042355768657950724,0.010358339353241463,-0.19239658454211872,0.14927041616006903,0.11092434646622558,0.1259199598769662,0.1864702746260755,0.12484870025255915,0.6264244584534479,33720.52063531058,62070.583400400006,3.289682539682539,7.4,273.6,1641.0
dev,FAM_B_reclaim_ema20,FAM_B_reclaim_ema20,ungated,reg_market_state,BEARISH,285,0.3684210526315789,0.061821579725325655,-0.026413863283599716,-0.009586462984395694,0.006093931509162263,1.470325104928184,1.3652901806112465,1.736770480111245,0.10847937161461534,9.803508771929824,0.058278996185788065,-0.025302849353934363,0.048880602585852286,0.6805188751680046,,,,,,,,,,,,,,,,,,,,
dev,FAM_B_reclaim_ema20,FAM_B_reclaim_ema20,ungated,reg_market_state,BULLISH,1169,0.30196749358426006,0.05887593297999088,-0.02503429786094791,-0.013092171536802755,0.00030386423216705136,0.17897263625843557,1.0173887562418664,0.35521728740328307,0.0077465000127832535,9.136869118905047,0.04889107425317724,-0.023340404502550295,0.04637049089681642,0.7679772552742257,,,,,,,,,,,,,,,,,,,,
dev,FAM_B_reclaim_ema20,FAM_B_reclaim_ema20,ungated,reg_market_state,MIXED,88,0.29545454545454547,0.08944812637012692,-0.028940318198309695,-0.017270808475347454,0.006038085878728389,0.5825993805634551,1.2961331091728727,0.5313515573280982,0.050851349263467197,10.238636363636363,0.0634707905376492,-0.028129773800807303,0.056484947182394954,0.664957166406079,,,,,,,,,,,,,,,,,,,,
dev,FAM_B_reclaim_ema20,FAM_B_reclaim_ema20,ungated,reg_vol_regime,HIGH,318,0.31446540880503143,0.08749203490619616,-0.028234889056998273,-0.01559519908524487,0.008157225396836457,1.7029410656233523,1.4214315092623842,2.593997676193993,0.1259909972380432,10.320754716981131,0.06398064265950297,-0.025886881459375274,0.05403794581959666,0.6623071085181045,,,,,,,,,,,,,,,,,,,,
dev,FAM_B_reclaim_ema20,FAM_B_reclaim_ema20,ungated,reg_vol_regime,LOW,478,0.3179916317991632,0.05757545962650069,-0.021330390238314033,-0.009618975468776214,0.0037610097186981783,1.4479698375272523,1.2585329794967761,1.7977626455377291,0.11374124217562907,9.690376569037657,0.048116858389408455,-0.02072511545485888,0.04115506247580165,0.7207589484784857,,,,,,,,,,,,,,,,,,,,
dev,FAM_B_reclaim_ema20,FAM_B_reclaim_ema20,ungated,reg_vol_regime,NORMAL,488,0.26434426229508196,0.051457421041851,-0.025522178193792655,-0.015529243941417858,-0.005173062822075379,-2.4389680352974166,0.7244785664589465,-2.524454657172785,-0.15298542010468985,8.48155737704918,0.04381509083341118,-0.024106707841034292,0.047612277969556104,0.8788171501852969,,,,,,,,,,,,,,,,,,,,
dev,FAM_B_reclaim_ema20,FAM_B_reclaim_ema20,ungated,reg_vol_regime,SHOCK,258,0.3992248062015504,0.053023697383230824,-0.030357465614123134,-0.009748818187873098,0.0029303630243553837,0.689129548801715,1.1606733770189983,0.756033660283689,0.09562260577416407,9.003875968992247,0.05667109410722122,-0.027399062425949663,0.05107205719882397,0.6902600748704802,,,,,,,,,,,,,,,,,,,,
dev,FAM_B_reclaim_ema20,FAM_B_reclaim_ema20,ungated,reg_breadth_state,NEUTRAL,440,0.325,0.056856710716712514,-0.02599268128003083,-0.012497971024433563,0.00093337111891076,0.33328475870182106,1.0531985143478932,0.4106832923207344,0.027607478024771474,9.2,0.04918335262791405,-0.022900791895504456,0.046015941872746505,0.7572509034277413,,,,,,,,,,,,,,,,,,,,
dev,FAM_B_reclaim_ema20,FAM_B_reclaim_ema20,ungated,reg_breadth_state,STRONG,874,0.28718535469107553,0.06258460102596815,-0.024134293711744918,-0.013372431830393716,0.0007701028319232532,0.36823291092467064,1.0447648890746117,0.6730698751009233,-0.0046929953599062334,9.257437070938215,0.049761995369408694,-0.02358558204726688,0.047364337574296936,0.763425702790638,,,,,,,,,,,,,,,,,,,,
dev,FAM_B_reclaim_ema20,FAM_B_reclaim_ema20,ungated,reg_breadth_state,WEAK,228,0.39473684210526316,0.06400974454123752,-0.03058906413978557,-0.00984197242209478,0.006752570865881442,1.3477978945567661,1.3647192794001228,1.5395861574209688,0.15965607795593292,9.81140350877193,0.06235065865386638,-0.027550517019694812,0.050054099862195126,0.6537445766386761,,,,,,,,,,,,,,,,,,,,
dev,FAM_C_contraction_breakout,FAM_C_contraction_breakout,ungated,ALL,ALL,113,0.336283185840708,0.09047646663459143,-0.03072838699864814,-0.02167881720488185,0.010030767320494372,1.3361786118540555,1.4918261008475018,1.133476707215864,0.17007770788095306,13.610619469026549,0.0752156997197712,-0.02685156585476725,0.06334739478696919,0.7144596094923789,0.010305456873603033,118.0,0.005971594941629973,50000.0,63091.22646818085,0.26182452936361716,0.08063088545814803,-0.14621891335413945,0.10534152945500339,0.07139993992575999,0.7860993819978388,1.1613310619683497,0.5538176099921074,0.3402989453583761,21707.87957973201,71687.34144979999,1.598148148148148,5.0,83.8,119.0
dev,FAM_C_contraction_breakout,FAM_C_contraction_breakout,spy200,ALL,ALL,102,0.3431372549019608,0.09071714414733421,-0.02890548423593809,-0.020725853976556963,0.012141496091655343,1.5246841580673804,1.6394658026128917,1.238432601348845,0.24039885098033514,14.127450980392156,0.07626531171434743,-0.025966384996977065,0.06259497086341925,0.7036624142295823,0.012732347182029792,107.0,0.008398485250056733,50000.0,65194.9387403238,0.303898774806476,0.09250608361452764,-0.10281415345555733,0.09938594272812745,0.06634074880772055,0.9358216762521625,1.4039768097686132,0.9063552791729388,0.32013415850611265,19804.16617646773,69157.3617846,1.4785714285714284,5.4,73.8,107.0
dev,FAM_C_contraction_breakout,FAM_C_contraction_breakout,ungated,reg_market_state,BEARISH,11,0.2727272727272727,0.08766856231925901,-0.0459951976363448,-0.04574788138199537,-0.009541444921180121,-0.4256181019290495,0.7147639875286497,-0.10495589413298134,-0.4819910735860436,8.818181818181818,0.0654829339518824,-0.03505960653609441,0.07162405794601846,0.8380850656708226,,,,,,,,,,,,,,,,,,,,
dev,FAM_C_contraction_breakout,FAM_C_contraction_breakout,ungated,reg_market_state,BULLISH,92,0.3695652173913043,0.09048656664357241,-0.02794339449204953,-0.0189059555557608,0.015824199840680314,1.835389537802104,1.8982607652352832,1.455826385342589,0.3181338122241135,14.684782608695652,0.08036157062938981,-0.025180678640602114,0.06436679137798158,0.6653767639891615,,,,,,,,,,,,,,,,,,,,
dev,FAM_C_contraction_breakout,FAM_C_contraction_breakout,ungated,reg_market_state,MIXED,10,0.1,0.09855677927523554,-0.03510561814099771,-0.03602040875173457,-0.021739378399374388,-1.5270663259730062,0.31193734315748256,-0.21739378399374387,-0.4747627924624256,9.0,0.03857972969595767,-0.0331948834756266,0.04920788253117056,1.6313865773149805,,,,,,,,,,,,,,,,,,,,
dev,FAM_C_contraction_breakout,FAM_C_contraction_breakout,ungated,reg_vol_regime,HIGH,14,0.2857142857142857,0.08425481964426118,-0.04116885752992383,-0.042525468138818856,-0.005333521194442399,-0.28032882933493797,0.8186267455493033,-0.07466929672219358,-0.19711783245498463,11.857142857142858,0.06458913918596118,-0.03807285869068739,0.06302071978624718,0.8513455660394473,,,,,,,,,,,,,,,,,,,,
dev,FAM_C_contraction_breakout,FAM_C_contraction_breakout,ungated,reg_vol_regime,LOW,74,0.32432432432432434,0.07120040552898581,-0.026721560818587894,-0.020725853976556963,0.0050369147535981726,0.7080320390590165,1.278974491270725,0.37273169176626475,-0.057700327772376436,12.837837837837839,0.06422170384860605,-0.02399295496439642,0.0599572050168928,0.7519476162469949,,,,,,,,,,,,,,,,,,,,
dev,FAM_C_contraction_breakout,FAM_C_contraction_breakout,ungated,reg_vol_regime,NORMAL,22,0.36363636363636365,0.1638042923170831,-0.03822628446428925,-0.030147707742922247,0.03523937981984616,1.281749306363563,2.4486411395818948,0.7752663560366154,1.1807118700161665,16.90909090909091,0.11233543411160146,-0.030329789542681587,0.06953034749848123,0.5881924225744241,,,,,,,,,,,,,,,,,,,,
dev,FAM_C_contraction_breakout,FAM_C_contraction_breakout,ungated,reg_vol_regime,SHOCK,3,0.6666666666666666,0.04092119115255266,-0.021694426169927894,0.004102288490974715,0.02004931871172581,0.6729959331495093,3.77250735576277,0.06014795613517743,0.09086458657255918,16.666666666666668,0.12378016149286915,-0.019490960871581937,0.08404090029779039,0.7995459781645299,,,,,,,,,,,,,,,,,,,,
dev,FAM_C_contraction_breakout,FAM_C_contraction_breakout,ungated,reg_breadth_state,NEUTRAL,7,0.0,,-0.03690348952184863,-0.03585001018274803,-0.03690348952184863,-5.503397778161828,0.0,-0.2583244266529404,-0.9637211241486324,5.714285714285714,0.036768999912868194,-0.03906560111236584,0.06107717387857651,2.1599559282956236,,,,,,,,,,,,,,,,,,,,
dev,FAM_C_contraction_breakout,FAM_C_contraction_breakout,ungated,reg_breadth_state,STRONG,104,0.34615384615384615,0.0932295374947047,-0.03009271468008338,-0.02140482595048898,0.012595757226574031,1.5686913985880149,1.640158240707052,1.3099587515636992,0.24154108739564964,14.009615384615385,0.0759901874619154,-0.02633218360393805,0.0624627008986021,0.6794574330144596,,,,,,,,,,,,,,,,,,,,
dev,FAM_C_contraction_breakout,FAM_C_contraction_breakout,ungated,reg_breadth_state,WEAK,2,1.0,0.04092119115255266,,0.04092119115255266,0.04092119115255266,1.111417999843206,inf,0.08184238230510532,0.42227788522028425,20.5,0.16950578645243286,-0.011110319496290544,0.10377642527009645,0.7120700960735286,,,,,,,,,,,,,,,,,,,,
dev,FAM_REF_random_uptrend_day,FAM_REF_random_uptrend_day,ungated,ALL,ALL,4911,0.38851557727550395,0.03581934852461533,-0.01971940372259212,-0.004771159652456225,0.0018582666678928765,2.5674285412049476,1.1541093044444966,9.125947606021917,0.030599119144242175,5.718998167379352,0.03516215942539309,-0.018436481902546844,0.030256058099269043,0.6367265321473212,0.003139884133202583,28101.0,-0.001193977798770477,50000.0,60135.72875766249,0.2027145751532497,0.06344666412620366,-0.2928607687925278,0.20668154203734646,0.15409587651734347,0.4012517888220806,0.5387427110567836,0.21736834814950096,0.9469681829065412,56717.14227701032,75672.21978700001,5.507407407407407,10.6,503.4,28269.0
dev,FAM_REF_random_uptrend_day,FAM_REF_random_uptrend_day,spy200,ALL,ALL,4159,0.3875931714354412,0.035158571675873294,-0.019139448056235523,-0.004823313835836673,0.0019060936143967023,2.5492186682579736,1.1626203129142176,7.927443342275885,0.041112599439833426,5.9208944457802355,0.03510383154117983,-0.017778897331322215,0.030644141133355656,0.6534869065875208,0.003395360610194186,24077.0,-0.000938501321778874,50000.0,67703.56735351968,0.3540713470703937,0.09995282416099438,-0.17179455542655747,0.16291060977138233,0.11825553163824791,0.6344218769241997,0.89586884881747,0.6045892986795302,0.6809404343422724,42162.233523736504,76323.3211894,3.701322751322752,7.2,287.8,24077.0
dev,FAM_REF_random_uptrend_day,FAM_REF_random_uptrend_day,ungated,reg_market_state,BEARISH,865,0.3861271676300578,0.042846052494770075,-0.023646937635224186,-0.005479988390125423,0.002027812310923889,0.932885088083841,1.1396929329415586,1.7540576489491642,-0.02105093278935857,5.532947976878613,0.038962047204165,-0.02253916067181617,0.03216209977295407,0.5862500035575638,,,,,,,,,,,,,,,,,,,,
dev,FAM_REF_random_uptrend_day,FAM_REF_random_uptrend_day,ungated,reg_market_state,BULLISH,3861,0.39134939134939134,0.03394236319273943,-0.018681553811785892,-0.004529815594338182,0.001912784078355976,2.502950177330855,1.168222813523286,7.385259326532424,0.04324714977961715,5.6995596995597,0.03405230744401584,-0.01728005575208302,0.02961113476485989,0.645726530566858,,,,,,,,,,,,,,,,,,,,
dev,FAM_REF_random_uptrend_day,FAM_REF_random_uptrend_day,ungated,reg_market_state,MIXED,185,0.34054054054054056,0.0435845185314854,-0.022616344565108613,-0.007324987959432261,-7.22668619441624e-05,-0.021186055655205645,0.9951546106288046,-0.013369369459670044,0.008130192870630406,6.994594594594594,0.0405580273792303,-0.023388612883751426,0.03477617361838804,0.7047814697658875,,,,,,,,,,,,,,,,,,,,
dev,FAM_REF_random_uptrend_day,FAM_REF_random_uptrend_day,ungated,reg_vol_regime,HIGH,979,0.37895812053115424,0.041548445812141885,-0.020631207974811723,-0.0055959924206429035,0.002932276759570083,1.6267628189155667,1.2288544775229067,2.8706989476191116,0.038127876023667705,5.833503575076609,0.038433927088429465,-0.02057730697394693,0.031489461062634366,0.6191002041410638,,,,,,,,,,,,,,,,,,,,
dev,FAM_REF_random_uptrend_day,FAM_REF_random_uptrend_day,ungated,reg_vol_regime,LOW,1582,0.3723135271807838,0.03539891680409796,-0.01749669049438609,-0.0056509126172334945,0.0021970596312821163,1.9765270717894348,1.2000521234814365,3.475748336688308,0.05799674597268024,6.404551201011378,0.03402744188358272,-0.016293543565570993,0.03054556483740537,0.6512950119531155,,,,,,,,,,,,,,,,,,,,
dev,FAM_REF_random_uptrend_day,FAM_REF_random_uptrend_day,ungated,reg_vol_regime,NORMAL,1459,0.37354352296093213,0.02741693686507508,-0.018928136524120003,-0.004529815594338182,-0.001616234538437125,-1.5398212461669616,0.863696935660121,-2.3580861915797655,-0.04472379751969714,4.902673063742289,0.029232566805171067,-0.017571868330854425,0.028335190161351206,0.7277504211416937,,,,,,,,,,,,,,,,,,,,
dev,FAM_REF_random_uptrend_day,FAM_REF_random_uptrend_day,ungated,reg_vol_regime,SHOCK,891,0.45230078563411896,0.04252270719499207,-0.0245882468981302,-0.0026613657411087566,0.0057660903628442926,2.550021352151928,1.4281655890061655,5.137586513294265,0.09702160711858648,5.712682379349046,0.04329160750837327,-0.021304867879308166,0.03146402694832535,0.5342359254604607,,,,,,,,,,,,,,,,,,,,
dev,FAM_REF_random_uptrend_day,FAM_REF_random_uptrend_day,ungated,reg_breadth_state,NEUTRAL,1251,0.41886490807354115,0.028395974616599366,-0.01892364398381554,-0.0034671752228275787,0.0008968837113222777,0.7642304293627683,1.0815556900311745,1.1220015228641693,0.023950144540655464,5.215027977617906,0.03246934045552493,-0.017838461884792364,0.027747327284386527,0.6946812867869717,,,,,,,,,,,,,,,,,,,,
dev,FAM_REF_random_uptrend_day,FAM_REF_random_uptrend_day,ungated,reg_breadth_state,STRONG,2839,0.3694963015146178,0.03482417454192768,-0.01866017197105747,-0.005679103586166967,0.0011020962544167913,1.2703642584877393,1.0936733918631654,3.1288512662892707,0.014228124897897194,5.77562522014794,0.033624853862141625,-0.01757619647987237,0.030341409436452402,0.6585209627214395,,,,,,,,,,,,,,,,,,,,
dev,FAM_REF_random_uptrend_day,FAM_REF_random_uptrend_day,ungated,reg_breadth_state,WEAK,821,0.40803897685749085,0.050547066242942855,-0.02481105426855427,-0.004378245646254331,0.005937996122860511,2.3232825919779057,1.4042979869130958,4.875094816868479,0.09734104349803062,6.291108404384897,0.044581315363731666,-0.022322563945401497,0.03435324322235639,0.5192307848816086,,,,,,,,,,,,,,,,,,,,
oos,FAM_A_simple,FAM_A_simple,ungated,ALL,ALL,3131,0.3129990418396678,0.07071348931396135,-0.023535334905708572,-0.011822166272870138,0.005964456769563391,4.175167943508363,1.368886846489109,18.67471414550298,0.13094512200766958,9.855956563398275,0.054021052599992465,-0.02218930162738362,0.04578505884911804,0.691067721411447,0.004223599632234519,24562.0,-0.0023793125579875786,50000.0,76833.537852243,0.53667075704486,0.11480690997711136,-0.19612079170313518,0.17701762220096431,0.12020467550948025,0.6815194096950639,1.010325215234165,0.6027629832633276,0.9661349256795576,59292.45071175322,86065.1881868,5.165450643776824,8.0,467.0,24767.0
oos,FAM_A_simple,FAM_A_simple,spy200,ALL,ALL,3034,0.31245880026367834,0.06876677741211211,-0.02344530058718173,-0.011815019931828818,0.005367174674298352,3.8749132086527474,1.332959336053225,16.2840079618212,0.1313404271132447,9.816743572841133,0.053296319169967306,-0.02205416381753186,0.04581061325255789,0.7016059800763775,0.004055778429783987,23526.0,-0.00254713376043811,50000.0,74621.16560188991,0.49242331203779804,0.108896007958483,-0.180245722208557,0.16493528998669796,0.11057991242635083,0.6898484377997478,1.0418626459240414,0.6375436166091276,0.9217188486763555,56378.23030531286,83643.09243300001,4.800858369098712,7.6,437.0,23731.0
oos,FAM_A_simple,FAM_A_simple,ungated,reg_market_state,BEARISH,206,0.3640776699029126,0.13756114693076987,-0.027192912865985033,-0.011485769470079787,0.032790361331862625,2.9946879447182884,2.896209840362778,6.7548144343637,0.4449051114536207,13.451456310679612,0.09162171081264682,-0.025121221239326932,0.05463830061887176,0.5062719366772506,,,,,,,,,,,,,,,,,,,,
oos,FAM_A_simple,FAM_A_simple,ungated,reg_market_state,BULLISH,2831,0.3087248322147651,0.06637686475779406,-0.023441371044344402,-0.011947907456388407,0.004287748733497002,3.1695776774755164,1.2646033643624675,12.138616664530012,0.11602627247755634,9.629106322854115,0.05180543627611106,-0.022126729809963316,0.045367683436877755,0.7114283246105775,,,,,,,,,,,,,,,,,,,,
oos,FAM_A_simple,FAM_A_simple,ungated,reg_market_state,MIXED,94,0.32978723404255317,0.031250119663302274,-0.018848740681795303,-0.008976562678039701,-0.0023267760999014235,-0.6492452968206389,0.8158127520836518,-0.21871695339073383,-0.10778354614249389,8.808510638297872,0.038347374101071516,-0.017648507745006387,0.037463935102330606,0.9164544763033864,,,,,,,,,,,,,,,,,,,,
oos,FAM_A_simple,FAM_A_simple,ungated,reg_vol_regime,HIGH,7,0.5714285714285714,0.360228557049367,-0.028027252327269065,0.0024541095186279005,0.19383321017366587,1.0159128174728744,17.137061354572303,1.356832471215661,2.6336297280999665,15.857142857142858,0.2894587611299597,-0.031117303125094278,0.08432212550425854,0.26380955514185384,,,,,,,,,,,,,,,,,,,,
oos,FAM_A_simple,FAM_A_simple,ungated,reg_vol_regime,LOW,1206,0.30845771144278605,0.06762279371838474,-0.022281547059442963,-0.011527065073657694,0.005450140145658123,2.6101975726245885,1.353706943572826,6.572869015663696,0.13443640521434438,9.843283582089553,0.05157838191145601,-0.020547291077271268,0.04353983499891253,0.6990180162210594,,,,,,,,,,,,,,,,,,,,
oos,FAM_A_simple,FAM_A_simple,ungated,reg_vol_regime,NORMAL,1581,0.30676786843769766,0.06909197796261488,-0.024290104013152996,-0.012400158197365618,0.004356518224827663,2.199831532967618,1.2587208780340629,6.887655313452535,0.0954056353962825,9.51359898798229,0.05357587618010016,-0.023112265453053425,0.04759411002555659,0.7148226735316348,,,,,,,,,,,,,,,,,,,,
oos,FAM_A_simple,FAM_A_simple,ungated,reg_vol_regime,SHOCK,337,0.35311572700296734,0.07725224138132185,-0.02447550173947805,-0.008972313016526456,0.011446164228994323,2.6729889821994903,1.722939204141053,3.8573573451710867,0.2331963046269784,11.382789317507418,0.05996058022763317,-0.023550022412450525,0.044665534835941774,0.6169918612736185,,,,,,,,,,,,,,,,,,,,
oos,FAM_A_simple,FAM_A_simple,ungated,reg_breadth_state,NEUTRAL,1231,0.3241267262388302,0.07074056131158535,-0.024469986644039623,-0.012081467354525977,0.006390296568222246,2.9038759932454234,1.3863865569825715,7.866455075481585,0.13383427218159577,10.047928513403736,0.056928784120955894,-0.022717641043423352,0.04888954203861003,0.6949839622223678,,,,,,,,,,,,,,,,,,,,
oos,FAM_A_simple,FAM_A_simple,ungated,reg_breadth_state,STRONG,1452,0.296831955922865,0.06399035268291126,-0.022821771683263773,-0.012041859191703475,0.0029468409901669663,1.6618781045772204,1.183631939094912,4.278813117722435,0.10195755096038388,9.37603305785124,0.04852746224995569,-0.021585028296722302,0.04267589495766359,0.7310653878142283,,,,,,,,,,,,,,,,,,,,
oos,FAM_A_simple,FAM_A_simple,ungated,reg_breadth_state,WEAK,448,0.33482142857142855,0.08995929038683213,-0.02337062954941563,-0.010276083747357556,0.01457465614352446,2.6635345703444604,1.9375396760729082,6.529445952298958,0.21695719633033853,10.883928571428571,0.06383640011326792,-0.02269604058938209,0.04739205875352603,0.5891315992100415,,,,,,,,,,,,,,,,,,,,
oos,FAM_A_full_candle_volume,FAM_A_full_candle_volume,ungated,ALL,ALL,974,0.3131416837782341,0.06424274657744583,-0.024651818111659105,-0.01586834796677611,0.0031847755538203684,1.591845249417816,1.1880887045839712,3.101971389421039,0.09442610128424009,11.548254620123203,0.053084282776374135,-0.021948721337157244,0.04561036503323796,0.7453988414118766,0.003522084773008969,1401.0,-0.0030808274172131286,50000.0,73092.74785503428,0.4618549571006856,0.10717300560938021,-0.1479236375491416,0.14869161975265535,0.099817282788592,0.7615895636940306,1.1346624328433619,0.7353716837954073,0.8445229108101252,50500.288638775106,83415.66747900001,3.816523605150215,6.0,297.2,1413.0
oos,FAM_A_full_candle_volume,FAM_A_full_candle_volume,spy200,ALL,ALL,938,0.31130063965884863,0.06548892918095135,-0.024601518484110085,-0.015992214508386393,0.0034436955011755677,1.6691479286049156,1.203251214648416,3.2301863801026824,0.10379431923398165,11.590618336886994,0.05312061321349002,-0.021806987219390287,0.04565714444401577,0.7352975904814001,0.004023079608192787,1346.0,-0.002579832582029311,50000.0,81055.02486364008,0.6211004972728014,0.13818453598150882,-0.1249673284740648,0.14717094723126803,0.09657507950280284,0.9530646463614462,1.453684272526933,1.1121679101612056,0.8163151478508418,50449.137614926396,87175.821008,3.5491416309012878,6.0,275.2,1358.0
oos,FAM_A_full_candle_volume,FAM_A_full_candle_volume,ungated,reg_market_state,BEARISH,45,0.3333333333333333,0.03643722810878258,-0.02753783120347285,-0.016034743231836956,-0.006212811432721037,-1.1184778056023479,0.661584927287001,-0.2795765144724467,-0.21101599690243422,10.266666666666667,0.04949962007008055,-0.02597585068227581,0.045890098660890846,1.045629146697251,,,,,,,,,,,,,,,,,,,,
oos,FAM_A_full_candle_volume,FAM_A_full_candle_volume,ungated,reg_market_state,BULLISH,887,0.30777903043968435,0.06614713636304696,-0.024473026290003343,-0.015874290740050423,0.003417959509638972,1.5997533077869217,1.2017597288450774,3.031730085049768,0.10286100129580136,11.50281848928974,0.0532045581792946,-0.021783291336893933,0.045932149023820014,0.7367639734678983,,,,,,,,,,,,,,,,,,,,
oos,FAM_A_full_candle_volume,FAM_A_full_candle_volume,ungated,reg_market_state,MIXED,42,0.40476190476190477,0.05819476808102465,-0.025579729541348066,-0.01445248302468738,0.008328995686755178,0.9246482715464323,1.5470234832284029,0.34981781884371743,0.24354843719246622,13.880952380952381,0.05438489085715414,-0.021127663949138786,0.03906963887819865,0.6520049103298736,,,,,,,,,,,,,,,,,,,,
oos,FAM_A_full_candle_volume,FAM_A_full_candle_volume,ungated,reg_vol_regime,HIGH,3,0.3333333333333333,0.010330663478689717,-0.016263765846500633,-0.012203602349129095,-0.007398956071437183,-0.8069089656639581,0.31759752249853307,-0.02219686821431155,-0.280951786538237,9.0,0.05258442293437474,-0.028113293232795284,0.04653148215097885,0.9986458965317494,,,,,,,,,,,,,,,,,,,,
oos,FAM_A_full_candle_volume,FAM_A_full_candle_volume,ungated,reg_vol_regime,LOW,430,0.2930232558139535,0.07054292334286931,-0.02328000529481758,-0.016468329838913942,0.004212294724597647,1.2709270667787325,1.255935510436012,1.8112867315769883,0.09649661106906635,11.320930232558139,0.05214587654468483,-0.020927671094690892,0.043915793979606994,0.7092999508548611,,,,,,,,,,,,,,,,,,,,
oos,FAM_A_full_candle_volume,FAM_A_full_candle_volume,ungated,reg_vol_regime,NORMAL,474,0.3227848101265823,0.06075561316363336,-0.025601462078273046,-0.01568059142969952,0.002273290056772692,0.8680464693636218,1.131118325243812,1.077539486910256,0.08431632192937216,11.618143459915611,0.05346657346828718,-0.02255629458801816,0.047182152367043304,0.7752241638829699,,,,,,,,,,,,,,,,,,,,
oos,FAM_A_full_candle_volume,FAM_A_full_candle_volume,ungated,reg_vol_regime,SHOCK,67,0.373134328358209,0.05598759549619412,-0.027722567815636825,-0.009973568149165835,0.0035125677484791995,0.48956285816148015,1.2021234801098821,0.23534203914810636,0.16946863666035294,12.626865671641792,0.05642470771944302,-0.023927350705299666,0.04491568199996375,0.7518784072155414,,,,,,,,,,,,,,,,,,,,
oos,FAM_A_full_candle_volume,FAM_A_full_candle_volume,ungated,reg_breadth_state,NEUTRAL,363,0.33608815426997246,0.06897702746022176,-0.024821040916845172,-0.013356607388192221,0.0067033787580919255,1.7101636991504545,1.4067835206989046,2.433326489187369,0.1914848381338743,12.165289256198347,0.05701741033792306,-0.021955614340981415,0.04573682912329134,0.6835791491692028,,,,,,,,,,,,,,,,,,,,
oos,FAM_A_full_candle_volume,FAM_A_full_candle_volume,ungated,reg_breadth_state,STRONG,529,0.3005671077504726,0.06535090719220647,-0.0244580471930855,-0.016782870506896974,0.002535570476595827,1.0498619503493418,1.148220357234363,1.3413167821191925,0.07635184815390471,11.499054820415878,0.05195962430633536,-0.021678888380364077,0.04510287076314677,0.7567732307552556,,,,,,,,,,,,,,,,,,,,
oos,FAM_A_full_candle_volume,FAM_A_full_candle_volume,ungated,reg_breadth_state,WEAK,82,0.2926829268292683,0.03283525468387904,-0.025184793005148604,-0.014565689389617165,-0.00820331563275027,-1.8551418672815676,0.539492301381203,-0.6726718818855222,-0.2186353812824648,9.134146341463415,0.04292841723745038,-0.023658958821979367,0.04833147654875968,1.0399452108738572,,,,,,,,,,,,,,,,,,,,
oos,FAM_B_failed_breakdown_swing,FAM_B_failed_breakdown_swing,ungated,ALL,ALL,986,0.45030425963488846,0.028804241453140863,-0.018354757778575433,-0.0016671244716255917,0.0028811404555848467,1.538209804250978,1.2855573883993823,2.8408044892066586,0.06536669124502222,3.810344827586207,0.028814302961596212,-0.016032300762843416,0.01765875390895057,0.47053276437104546,0.009461670485409775,1054.0,0.0028587582951876776,50000.0,66012.61804068353,0.3202523608136708,0.07745758494858528,-0.16295931457356072,0.13055480698944394,0.08781403775230975,0.6387969613513818,0.9507292957663015,0.47878944824309944,0.6267424156412671,33914.58877393991,69608.6279396,2.82725321888412,7.4,675.6,1070.0
oos,FAM_B_failed_breakdown_swing,FAM_B_failed_breakdown_swing,spy200,ALL,ALL,890,0.451685393258427,0.024718712646969645,-0.01822577491446136,-0.0016671244716255917,0.0011716228380052288,0.91420294710417,1.1172389744471887,1.0427443258246536,0.04463536620606144,3.707865168539326,0.026533682048632677,-0.015580138544601847,0.017256634531646324,0.5108703113904512,0.006026696557188004,953.0,-0.0005762156330340936,50000.0,49552.412577178424,-0.008951748456431652,-0.002771957552627091,-0.20407783441432975,0.11813955874208892,0.08216831333216845,0.032884048229947824,0.048571987826981404,-0.012869936910810726,0.5497731802462218,26306.96094835214,57752.6713678,2.448283261802575,7.6,629.0,969.0
oos,FAM_B_failed_breakdown_swing,FAM_B_failed_breakdown_swing,ungated,reg_market_state,BEARISH,96,0.4375,0.06790858859792252,-0.019520380698717428,-0.0016383323039469433,0.01872979336856255,1.2399005865857933,2.7057766929303724,1.7980601633820048,0.25756335046038764,4.760416666666667,0.049957559342195625,-0.02022422132779129,0.021255894520472215,0.2990496790071807,,,,,,,,,,,,,,,,,,,,
oos,FAM_B_failed_breakdown_swing,FAM_B_failed_breakdown_swing,ungated,reg_market_state,BULLISH,861,0.4529616724738676,0.024937101983464098,-0.018524306282777268,-0.0018190603155557872,0.001162045893568995,0.8805891781622722,1.1146736329707483,1.0005215143629047,0.04494356781516483,3.718931475029036,0.02672118511874721,-0.015772330503203348,0.01740400024725111,0.5064694230986772,,,,,,,,,,,,,,,,,,,,
oos,FAM_B_failed_breakdown_swing,FAM_B_failed_breakdown_swing,ungated,reg_market_state,MIXED,29,0.41379310344827586,0.01762105921090007,-0.009954699945238343,-0.00033421538668576556,0.0014559590159223792,0.4133526952302216,1.2494997142586524,0.042222811461749,0.035484966708198944,3.3793103448275863,0.020966780553163256,-0.009874025566812517,0.013951432053081829,0.6749678694830891,,,,,,,,,,,,,,,,,,,,
oos,FAM_B_failed_breakdown_swing,FAM_B_failed_breakdown_swing,ungated,reg_vol_regime,HIGH,7,0.7142857142857143,0.2882788253298161,-0.005921708408302029,0.016182642932067726,0.20422152997606807,1.0371662255960543,121.70424709094897,1.4295507098324765,2.4641522864088174,7.571428571428571,0.3026994539074995,-0.007916066248129303,0.07466652932953657,0.26657774543862595,,,,,,,,,,,,,,,,,,,,
oos,FAM_B_failed_breakdown_swing,FAM_B_failed_breakdown_swing,ungated,reg_vol_regime,LOW,326,0.4325153374233129,0.022637346625749413,-0.015816201297609533,-0.0014997822960998164,0.0008155479575855933,0.38302013399256735,1.090864280571794,0.2658686341729034,0.028478732276080655,3.4723926380368098,0.023783916700911473,-0.013272350833788324,0.016826849607315893,0.5666105116342055,,,,,,,,,,,,,,,,,,,,
oos,FAM_B_failed_breakdown_swing,FAM_B_failed_breakdown_swing,ungated,reg_vol_regime,NORMAL,481,0.446985446985447,0.029644394786065547,-0.020142034346925995,-0.002357148132652531,0.0021117749328935106,1.0994660371799927,1.1895866435907834,1.0157637427217785,0.07216471200669122,4.168399168399168,0.029215947253238644,-0.017342672205132418,0.018078080005807518,0.4509247839389757,,,,,,,,,,,,,,,,,,,,
oos,FAM_B_failed_breakdown_swing,FAM_B_failed_breakdown_swing,ungated,reg_vol_regime,SHOCK,172,0.48255813953488375,0.02147323283506872,-0.018569178908215772,-0.0004966079418662894,0.0007536128051133724,0.32251173139976935,1.0784321299168629,0.12962140247950005,0.01864650212505468,3.296511627906977,0.026078948078351413,-0.017929211546180338,0.014226515897570537,0.4900211000626003,,,,,,,,,,,,,,,,,,,,
oos,FAM_B_failed_breakdown_swing,FAM_B_failed_breakdown_swing,ungated,reg_breadth_state,NEUTRAL,386,0.44559585492227977,0.026512102332864843,-0.017035126089377923,-0.001535419955065731,0.0023693383889271417,1.2075556856891556,1.250873777946695,0.9145646181258767,0.04526937174911588,3.901554404145078,0.027434719451302474,-0.015385412791147858,0.01735424065669329,0.48666851205239864,,,,,,,,,,,,,,,,,,,,
oos,FAM_B_failed_breakdown_swing,FAM_B_failed_breakdown_swing,ungated,reg_breadth_state,STRONG,334,0.41916167664670656,0.027134225148681246,-0.020329088596962436,-0.003293749307120397,-0.0004342864281297565,-0.18261913081007716,0.9632207316346523,-0.14505166699533867,0.022217954687660572,3.913173652694611,0.027964048615432828,-0.01703288711775068,0.020083996610695803,0.5744407547950162,,,,,,,,,,,,,,,,,,,,
oos,FAM_B_failed_breakdown_swing,FAM_B_failed_breakdown_swing,ungated,reg_breadth_state,WEAK,266,0.49624060150375937,0.03356219759944255,-0.01760386973918132,-8.28933974906243e-05,0.007786810293519249,1.3951031070615294,1.8780682751518898,2.07129153807612,0.1487097113035885,3.5488721804511276,0.03188386757284415,-0.015714642546811305,0.014924003408544346,0.3424769068905379,,,,,,,,,,,,,,,,,,,,
oos,FAM_B_reclaim_ema20,FAM_B_reclaim_ema20,ungated,ALL,ALL,2013,0.3363139592647789,0.07038982143237384,-0.02387760524077864,-0.010966526403699994,0.0078258462533715,4.328915225022113,1.4938304442725878,15.753428508036828,0.1855682065843395,10.142076502732241,0.056755808251909755,-0.021920323880184077,0.046046415786344407,0.6586955691188465,0.008455307876911457,2654.0,0.0018523956866893596,50000.0,102056.39125141449,1.0411278250282896,0.21088848082661418,-0.15045096124191484,0.1653181434380426,0.10607312661606161,1.2432795008092168,1.9409331289101055,1.4786602801342845,0.9212279029892988,63560.78890097983,107043.46773660001,4.7135193133047215,7.4,442.0,2693.0
oos,FAM_B_reclaim_ema20,FAM_B_reclaim_ema20,spy200,ALL,ALL,1911,0.33124018838304553,0.06485818787074399,-0.023775764958406675,-0.011222172084269122,0.005583362273855161,3.6292944424147597,1.3511487624884555,10.669805305337213,0.15798063242842567,9.906855049712192,0.0535294241572397,-0.021862655953423467,0.04503625730031306,0.6815548300510229,0.007383284927167322,2501.0,0.0007803727369452241,50000.0,81202.39410205842,0.6240478820411685,0.13874922166813178,-0.17010038369958982,0.15302835727121375,0.10055846481965498,0.9285336285425638,1.414225442280073,0.8465920840827108,0.8662890545957291,56722.17019252124,88001.073506,4.392489270386266,7.6,438.0,2540.0
oos,FAM_B_reclaim_ema20,FAM_B_reclaim_ema20,ungated,reg_market_state,BEARISH,123,0.4065040650406504,0.13886945645822013,-0.025452745007287295,-0.006502269147681372,0.04134489786487019,2.3875561750760412,3.7369669181081124,5.085422437379033,0.5590509102662455,13.585365853658537,0.10518836338307377,-0.02272810617157856,0.06015207240199783,0.495425051348671,,,,,,,,,,,,,,,,,,,,
oos,FAM_B_reclaim_ema20,FAM_B_reclaim_ema20,ungated,reg_market_state,BULLISH,1823,0.33132199670872187,0.06608304620601642,-0.023831529259174707,-0.011222172084269122,0.005959147417169472,3.7258119885347685,1.373951414591322,10.863525741499949,0.1706482658224256,9.957213384530993,0.05409292349712655,-0.02194522336199549,0.045427464373114325,0.6754757717576791,,,,,,,,,,,,,,,,,,,,
oos,FAM_B_reclaim_ema20,FAM_B_reclaim_ema20,ungated,reg_market_state,MIXED,67,0.34328358208955223,0.03462071210313783,-0.022540819300325508,-0.010198634350063296,-0.002918204042420183,-0.6559967429187024,0.802863027134421,-0.19551967084215227,-0.09412314481723313,8.850746268656716,0.04029662357782922,-0.019759891384904537,0.03540485232391801,0.8932556330109307,,,,,,,,,,,,,,,,,,,,
oos,FAM_B_reclaim_ema20,FAM_B_reclaim_ema20,ungated,reg_vol_regime,HIGH,12,0.6666666666666666,0.2261868724126481,-0.023943215535132484,0.02644132252963649,0.1428101764300546,1.2993441894756903,18.893608678479996,1.713722117160655,2.1298745715588865,17.083333333333332,0.22519537953800972,-0.023712051285114315,0.07543328010498852,0.29579950086962975,,,,,,,,,,,,,,,,,,,,
oos,FAM_B_reclaim_ema20,FAM_B_reclaim_ema20,ungated,reg_vol_regime,LOW,759,0.31752305665349145,0.08350878995893149,-0.022795507465360125,-0.011222172084269122,0.010958557988202828,3.6096209232642478,1.70439483281401,8.317545513045946,0.28019563846753265,10.396574440052701,0.05893911353284851,-0.02088675941443244,0.04578735114629797,0.6206611348265768,,,,,,,,,,,,,,,,,,,,
oos,FAM_B_reclaim_ema20,FAM_B_reclaim_ema20,ungated,reg_vol_regime,NORMAL,1028,0.3404669260700389,0.06106240169280306,-0.024209520604838,-0.010982889162051424,0.0048227486599230615,2.132691094465214,1.3020451455437456,4.957785622400907,0.11573090224854725,9.830739299610896,0.054032876821787666,-0.02219874288009844,0.04584770755565043,0.7016346500898705,,,,,,,,,,,,,,,,,,,,
oos,FAM_B_reclaim_ema20,FAM_B_reclaim_ema20,ungated,reg_vol_regime,SHOCK,214,0.3644859813084112,0.05573019433118393,-0.026342499282375198,-0.010118755080514796,0.0035718469879874744,0.910611600405328,1.2133588855664077,0.7643752554293195,0.07640396208974266,10.345794392523365,0.05264725660003961,-0.024148174201372715,0.045909151799775214,0.6999516735686218,,,,,,,,,,,,,,,,,,,,
oos,FAM_B_reclaim_ema20,FAM_B_reclaim_ema20,ungated,reg_breadth_state,NEUTRAL,764,0.331151832460733,0.06882462266443934,-0.023938984785518584,-0.011061564311046046,0.006779853807203086,2.6716653699387285,1.4234352986331478,5.179808308703158,0.1566615747862542,10.140052356020943,0.05651394897943197,-0.02234050331225818,0.047403304028315156,0.6709378556641175,,,,,,,,,,,,,,,,,,,,
oos,FAM_B_reclaim_ema20,FAM_B_reclaim_ema20,ungated,reg_breadth_state,STRONG,928,0.30495689655172414,0.06848537919772511,-0.02409216514885743,-0.012198159372179385,0.004139995465456,1.847848823709029,1.2472363341093249,3.8419157919431677,0.12350654468421542,9.651939655172415,0.051900607433437884,-0.022371419337728148,0.04421935090779505,0.7027448854744563,,,,,,,,,,,,,,,,,,,,
oos,FAM_B_reclaim_ema20,FAM_B_reclaim_ema20,ungated,reg_breadth_state,WEAK,321,0.4392523364485981,0.07702068980608318,-0.02293451586259569,-0.0037955490444601114,0.02097104176757166,2.9774978837358104,2.630658263854167,6.731704407390502,0.43378592912967395,11.56386292834891,0.07136766757812446,-0.019616169142783742,0.04802591555634537,0.5498410265672914,,,,,,,,,,,,,,,,,,,,
oos,FAM_C_contraction_breakout,FAM_C_contraction_breakout,ungated,ALL,ALL,110,0.35454545454545455,0.07618072396781245,-0.028605912401554818,-0.01787277153901018,0.008545713220311757,1.2919399149707702,1.4628356962619369,0.9400284542342933,0.2808961874768712,14.318181818181818,0.0642446493927484,-0.0242901407346565,0.048569252898346585,0.7335394000505173,0.014399784141263784,111.0,0.007796871951041687,50000.0,59596.44422203659,0.19192888444073164,0.04810648170622924,-0.09576784342413325,0.09805310080489006,0.06501245914142434,0.5289966350952404,0.8011389724994397,0.5024654555334893,0.33722288943406875,18492.90758431609,58549.3513636,1.390128755364807,5.0,84.6,113.0
oos,FAM_C_contraction_breakout,FAM_C_contraction_breakout,spy200,ALL,ALL,102,0.3333333333333333,0.08222183266390178,-0.028984922077145342,-0.01948660751779241,0.008083996169870364,1.1426365839572754,1.418355247688139,0.8245676093267771,0.2890618085545385,13.901960784313726,0.06347835548640811,-0.024782291705820886,0.048411487568156816,0.7306175307653477,0.013685005510699988,103.0,0.00708209332047789,50000.0,57226.532905742504,0.1445306581148499,0.03685203648675302,-0.0959587150804743,0.09116364273641549,0.05981203744105409,0.4429165899835848,0.6776291875901957,0.38452956102051966,0.3065480004764924,16432.82699093176,56594.787481399995,1.2373390557939914,5.0,80.4,105.0
oos,FAM_C_contraction_breakout,FAM_C_contraction_breakout,ungated,reg_market_state,BEARISH,8,0.625,0.03510118483440503,-0.02001502642150299,0.01062017062051035,0.014432605613439523,1.1611578253439896,2.9229026978029484,0.11546084490751618,0.17678451873661277,19.625,0.07401489669858718,-0.018015215852310557,0.050245509531612956,0.76485268287199,,,,,,,,,,,,,,,,,,,,
oos,FAM_C_contraction_breakout,FAM_C_contraction_breakout,ungated,reg_market_state,BULLISH,92,0.33695652173913043,0.08545894851264821,-0.029531449109636957,-0.019965666779722113,0.009215315306567827,1.1932513592534106,1.4706341459783485,0.8478090082042401,0.3289425223880593,14.054347826086957,0.06526449085288849,-0.02513070655398385,0.048814692853960145,0.7109303222685333,,,,,,,,,,,,,,,,,,,,
oos,FAM_C_contraction_breakout,FAM_C_contraction_breakout,ungated,reg_market_state,MIXED,10,0.3,0.0487716355601886,-0.02422232936543269,-0.015365823563561698,-0.0023241398877463016,-0.17928700044906815,0.8629281358721932,-0.023241398877463015,-0.07784075871385283,12.5,0.04704591011478872,-0.02157687510272167,0.04500664293248418,0.9788957101131306,,,,,,,,,,,,,,,,,,,,
oos,FAM_C_contraction_breakout,FAM_C_contraction_breakout,ungated,reg_vol_regime,LOW,51,0.35294117647058826,0.08183986046660387,-0.02753392530697553,-0.0115470951638873,0.01106858731899367,1.1477585852054326,1.621269884086074,0.5644979532686771,0.3959934235292093,15.372549019607844,0.06874228993122947,-0.024108353102856982,0.049616952246075235,0.6969767146586873,,,,,,,,,,,,,,,,,,,,
oos,FAM_C_contraction_breakout,FAM_C_contraction_breakout,ungated,reg_vol_regime,NORMAL,46,0.32608695652173914,0.08282671272233387,-0.031769170628806215,-0.022607079426296417,0.005599052203087289,0.49088337279397515,1.2615199215650708,0.2575564013420153,0.15111199231092018,12.826086956521738,0.0621219027896141,-0.02703829901725443,0.051390262119348364,0.7656154342804603,,,,,,,,,,,,,,,,,,,,
oos,FAM_C_contraction_breakout,FAM_C_contraction_breakout,ungated,reg_vol_regime,SHOCK,13,0.46153846153846156,0.042588342585134664,-0.019650850841029594,-0.00555784552945493,0.009074930740276987,0.8587375643276176,1.8576444317710024,0.11797409962360084,0.28859725970490957,15.461538461538462,0.054111316799028704,-0.01527905521329274,0.0370747595807006,0.7861605904419975,,,,,,,,,,,,,,,,,,,,
oos,FAM_C_contraction_breakout,FAM_C_contraction_breakout,ungated,reg_breadth_state,NEUTRAL,41,0.34146341463414637,0.09398290934499606,-0.03316277546696838,-0.02406158489883825,0.010252824224921919,0.7717173814227806,1.4694752846656862,0.4203657932217987,0.25929777741015086,14.78048780487805,0.07141942372036136,-0.029215590301457525,0.05107506732235387,0.7004577697861964,,,,,,,,,,,,,,,,,,,,
oos,FAM_C_contraction_breakout,FAM_C_contraction_breakout,ungated,reg_breadth_state,STRONG,65,0.38461538461538464,0.06621150015658964,-0.024531076906728018,-0.016515682604089754,0.010369914271471077,1.4226638631115964,1.6869291044666217,0.67404442764562,0.36086148010351127,14.507692307692308,0.06111404687546649,-0.020112156722405596,0.045405515228599785,0.7048177618394336,,,,,,,,,,,,,,,,,,,,
oos,FAM_C_contraction_breakout,FAM_C_contraction_breakout,ungated,reg_breadth_state,WEAK,4,0.0,,-0.038595441658281354,-0.02718047847470567,-0.038595441658281354,-1.9143630145603558,0.0,-0.15438176663312542,-0.7971561145221467,6.5,0.041575503440546946,-0.04169652287402317,0.06935383522986452,2.1864194533397985,,,,,,,,,,,,,,,,,,,,
oos,FAM_REF_random_uptrend_day,FAM_REF_random_uptrend_day,ungated,ALL,ALL,6212,0.37556342562781714,0.03897446842548113,-0.01866066974554863,-0.005366573375289618,0.0029849801824958686,3.868358030931436,1.2561685988042155,18.542696893664335,0.06213870022657712,5.752736638763683,0.035387431933598064,-0.01757489436599014,0.029828996423232442,0.6289929330147077,0.005400479560807823,35442.0,-0.0012024326294142748,50000.0,75841.98547820021,0.516839709564004,0.11713306846789547,-0.21818847008707856,0.18060388151956447,0.12184409655452133,0.7061886785055327,1.0502474460486826,0.5816279416202099,0.9714664538200699,61131.53786330343,88377.18738039999,5.304721030042918,8.6,536.0,35754.0
oos,FAM_REF_random_uptrend_day,FAM_REF_random_uptrend_day,spy200,ALL,ALL,5953,0.37174533848479757,0.038419117839614485,-0.018552776540542205,-0.005495892495884447,0.002626259619929284,3.4804130433094698,1.2253165137122035,15.634123517439027,0.060102324931374844,5.8071560557702,0.03516739770272408,-0.0175013720511694,0.030211688618293042,0.6427357980728908,0.0053477765782103176,34021.0,-0.00125513561201178,50000.0,70175.66011365953,0.40351320227319026,0.09437644435325851,-0.1942084445233828,0.17004425616114216,0.11641710150515297,0.6150337457859971,0.9032267427441554,0.5031685231874841,0.9217892485556259,54069.0584183178,79266.194985,4.821244635193134,7.6,476.0,34333.0
oos,FAM_REF_random_uptrend_day,FAM_REF_random_uptrend_day,ungated,reg_market_state,BEARISH,391,0.44501278772378516,0.07175278435397789,-0.02381507191364117,-0.003417111614509083,0.018713846220798004,3.0759874692705265,2.4158856579892443,7.317113872332019,0.2753677339401083,8.120204603580563,0.05927158034381377,-0.02075480440845909,0.03717563360878077,0.4773230505975825,,,,,,,,,,,,,,,,,,,,
oos,FAM_REF_random_uptrend_day,FAM_REF_random_uptrend_day,ungated,reg_market_state,BULLISH,5650,0.37150442477876106,0.03633429655939997,-0.01846031708908045,-0.005437707998632857,0.00189612433537272,2.650790149934115,1.1634276105839831,10.713102494855868,0.04810108339866028,5.58141592920354,0.033795519086570344,-0.017450825538374518,0.029228891245921297,0.6480031544206175,,,,,,,,,,,,,,,,,,,,
oos,FAM_REF_random_uptrend_day,FAM_REF_random_uptrend_day,ungated,reg_market_state,MIXED,171,0.3508771929824561,0.036279364681246304,-0.014993525715300264,-0.0054955843045719766,0.002996962143137132,0.5401082344856095,1.3079290200073899,0.5124805264764496,0.03839591014318234,6.0,0.03337342934478067,-0.014403222140393095,0.030549279667838596,0.6799932194131818,,,,,,,,,,,,,,,,,,,,
oos,FAM_REF_random_uptrend_day,FAM_REF_random_uptrend_day,ungated,reg_vol_regime,HIGH,6,0.16666666666666666,0.0024541095186279005,-0.021258733169998288,-0.011105954434092125,-0.017306592721893926,-2.1902696028727964,0.023088012808696427,-0.10383955633136355,-0.4239408839202936,3.6666666666666665,0.022380611443546933,-0.021646747370327197,0.030378644906523644,1.4965780835154803,,,,,,,,,,,,,,,,,,,,
oos,FAM_REF_random_uptrend_day,FAM_REF_random_uptrend_day,ungated,reg_vol_regime,LOW,2240,0.35580357142857144,0.036258997670631204,-0.017581880746142413,-0.005927969418770329,0.0015748960833971296,1.4255294348462932,1.1390491249612507,3.52776722680957,0.03473113910518547,5.68125,0.032470079667021735,-0.0163028699902969,0.029317484536173152,0.6572455495201694,,,,,,,,,,,,,,,,,,,,
oos,FAM_REF_random_uptrend_day,FAM_REF_random_uptrend_day,ungated,reg_vol_regime,NORMAL,3086,0.37751134154244975,0.03986635730786433,-0.01945622693650809,-0.005309189763084754,0.002938721425349935,2.610276796182165,1.242643327435896,9.0688943186299,0.06515648555068704,5.880103694102398,0.036802035908422,-0.018437824832192785,0.03144614642242626,0.6397823373240022,,,,,,,,,,,,,,,,,,,,
oos,FAM_REF_random_uptrend_day,FAM_REF_random_uptrend_day,ungated,reg_vol_regime,SHOCK,880,0.42045454545454547,0.042114198162091415,-0.01869093806944627,-0.0035453350440689535,0.0068748578460866225,2.77055823136763,1.634665834790109,6.049874904556228,0.12463475580225361,5.502272727272727,0.037941343449239634,-0.01775887171238273,0.025559413616136537,0.5265563289926722,,,,,,,,,,,,,,,,,,,,
oos,FAM_REF_random_uptrend_day,FAM_REF_random_uptrend_day,ungated,reg_breadth_state,NEUTRAL,2438,0.3699753896636587,0.041614771137466755,-0.018699549417879352,-0.005458654914187733,0.003615264831883643,2.9747250183044796,1.3068678991757978,8.814015660132322,0.0746033502213837,5.91591468416735,0.03742057570523739,-0.017729040918487295,0.03176903968964618,0.6322721954215037,,,,,,,,,,,,,,,,,,,,
oos,FAM_REF_random_uptrend_day,FAM_REF_random_uptrend_day,ungated,reg_breadth_state,STRONG,2737,0.36865180854950674,0.03527707004581538,-0.018241706083543394,-0.005544337844036296,0.0014880875279008898,1.4828073867214036,1.1292093917538368,4.072895563864735,0.05054403834627487,5.660211910851297,0.03289322194738099,-0.01718254706627051,0.028375605045745073,0.6629315778601461,,,,,,,,,,,,,,,,,,,,
oos,FAM_REF_random_uptrend_day,FAM_REF_random_uptrend_day,ungated,reg_breadth_state,WEAK,1037,0.4069431051108968,0.04217143979721501,-0.019740751097166595,-0.005013568942269231,0.005453988109611648,2.193416355796965,1.4658586402111917,5.655785669667279,0.06343645613694252,5.613307618129219,0.03719056425473538,-0.018248033483005167,0.029113043853007888,0.544192034343937,,,,,,,,,,,,,,,,,,,,
