model,period,feature,mean_winners,mean_losers,median_winners,median_losers,corr_with_return,q1_expectancy,q2_expectancy,q3_expectancy,q4_expectancy,q5_expectancy,q1_n,q2_n,q3_n,q4_n,q5_n,q5_minus_q1,dev_quintile_edges
FINAL,dev,sig_atr_pct,0.02595840056726669,0.025210451680657487,0.023795402385069643,0.023124723013258047,0.08345920405131005,0.000198628013808904,0.0007512815357386192,0.0015045743841869972,0.007051577136875163,0.008308898785033042,509.0,508.0,508.0,508.0,509.0,0.008110270771224138,0.01736 / 0.02145 / 0.02533 / 0.03198
FINAL,dev,sig_ext,0.02016880435380417,0.01865835311385287,0.015647557546691566,0.012934316067385456,0.03952613908410134,-0.0019338474897606021,-0.0014427146667133238,0.006248305580409808,0.004971639878179497,0.009972499535325138,509.0,508.0,508.0,508.0,509.0,0.01190634702508574,0.00532 / 0.01051 / 0.01801 / 0.02984
FINAL,dev,sig_ext_atr,0.763121181555607,0.7152094222087774,0.6261238648012233,0.5689626911608191,0.02528706031288031,-0.0005121663226897391,0.0010215452066856161,0.00741406445276194,0.0030611679738555674,0.006834649811387892,509.0,508.0,508.0,508.0,509.0,0.007346816134077631,0.2362 / 0.4624 / 0.7279 / 1.141
FINAL,dev,sig_pb_depth,0.06307600724801724,0.060942988762695105,0.057886987686278174,0.054170465913431956,0.0392197133010457,0.003262394589687371,-0.0015238394169848407,0.0012938229922935087,0.005107778447974376,0.009666100549089762,509.0,508.0,508.0,508.0,509.0,0.006403705959402391,0.03634 / 0.04877 / 0.06263 / 0.08244
FINAL,dev,sig_pb_depth_atr,2.465785379085511,2.4484609211440183,2.426640483390254,2.398553632747061,-0.01860262746603342,0.007980090471481053,0.001558517440473532,1.918610379307212e-05,0.007630548715523845,0.0006264222701531295,509.0,508.0,508.0,508.0,509.0,-0.007353668201327923,1.836 / 2.235 / 2.58 / 3.03
FINAL,dev,sig_pb_vol_ratio,1.006755864535955,0.9865215208632948,0.944440202183096,0.9185634323437326,0.00621130078772565,0.0025948857825143596,0.0014913101495559334,0.008898006873531287,0.0008504334428712759,0.003984119908563106,509.0,508.0,508.0,508.0,509.0,0.0013892341260487466,0.741 / 0.8655 / 0.9956 / 1.192
FINAL,dev,sig_range_atr,1.0385947531214579,1.0386846200482838,0.9369920953327361,0.9154922064174328,-0.04088098311559793,0.006045253720891528,0.0016501599967437093,0.004819114168732867,0.003129758726057304,0.002171246130908344,509.0,508.0,508.0,508.0,509.0,-0.0038740075899831843,0.6524 / 0.835 / 1.023 / 1.336
FINAL,dev,sig_clv,0.6745239244403495,0.6723505452541857,0.7548510248388491,0.7455445882744016,0.004426465925521809,0.003927532116799173,0.002128174201973916,0.004056566117128061,0.002837441439296073,0.004864685565320938,509.0,508.0,508.0,508.0,509.0,0.0009371534485217653,0.4248 / 0.6714 / 0.8095 / 0.9164
FINAL,dev,sig_body_frac,0.4988341632610206,0.4966886743364946,0.524688659063945,0.5157880128458836,0.00044872342653110394,0.006704014546979197,8.501476644620532e-06,0.0021445559522297697,0.001962520613569228,0.0069851671581366934,509.0,508.0,508.0,508.0,509.0,0.0002811526111574968,0.2281 / 0.4357 / 0.5976 / 0.7486
FINAL,dev,sig_vol_ratio,1.0509843346662928,1.0599805011309607,0.9426923217869903,0.9313140270305961,-0.053889814167461275,0.004973453784325283,0.0062180388685483924,0.004035907489983341,0.0036958309993945005,-0.0010991507673531419,509.0,508.0,508.0,508.0,509.0,-0.006072604551678425,0.7254 / 0.8635 / 1.023 / 1.241
FINAL,dev,sig_ret_20d,0.028125366782231445,0.026441224895035732,0.023848500415471152,0.02126405209091764,0.01839274165688351,0.0031258707423403548,0.004407062979829832,-0.0019961990862390503,0.0031928929109804895,0.009078055931025343,509.0,508.0,508.0,508.0,509.0,0.005952185188684988,-0.007016 / 0.01249 / 0.03076 / 0.05663
FINAL,dev,reg_vix,23.058467204379557,22.24012214476744,22.049999,21.58,0.09193386229690713,-0.0008074977546666204,0.0017448740998242552,0.00567006062815759,-0.004832140115442519,0.015796778085959085,505.0,511.0,507.0,504.0,515.0,0.016604275840625706,16.86 / 19.97 / 23.11 / 26.86
FINAL,dev,reg_vix_pct,41.61597729115977,41.586840162421566,34.92063492063492,39.68253968253968,0.0025652943841490616,0.0026167858552393563,0.007120544394581081,0.0036028936436992335,-0.0032978956336426994,0.007205547071184683,450.0,563.0,511.0,505.0,513.0,0.004588761215945326,8.333 / 28.17 / 52.78 / 72.22
FINAL,dev,reg_vix_roc5,-0.020353198209848548,-0.023428396081636722,-0.0339900509354704,-0.0306532160804019,-0.03186759116947573,0.012171152843295473,0.0032591026933487884,-0.0025761427174050616,0.0037828117771644514,0.0011287811276534483,508.0,509.0,503.0,512.0,510.0,-0.011042371715642024,-0.1282 / -0.06014 / -0.01273 / 0.08098
FINAL,dev,reg_pct_above_50,61.19397584907116,63.831777025854414,65.42669584245077,66.6294925855317,-0.07230044400541558,0.012172444237618731,-0.00013881312054239657,-0.003169732705621328,0.005672699361701683,0.0032314153534253377,509.0,496.0,509.0,501.0,527.0,-0.008941028884193394,49.15 / 62.61 / 70.24 / 79.11
FINAL,dev,reg_pct_above_200,70.65864807625964,71.28901952335507,76.77419354838709,76.1802575107296,-0.038061740124891476,0.008420352952664205,-0.0021526082576737832,-0.001521990885293079,0.007935501547138592,0.005003200387694132,509.0,496.0,514.0,513.0,510.0,-0.003417152564970073,52.57 / 71.77 / 83.44 / 90.55
FINAL,dev,reg_market_state=BEARISH,0.17153284671532848,0.15872093023255815,,,,,,,,,,,,,,,
FINAL,dev,reg_market_state=BULLISH,0.7846715328467153,0.7924418604651163,,,,,,,,,,,,,,,
FINAL,dev,reg_market_state=MIXED,0.043795620437956206,0.04883720930232558,,,,,,,,,,,,,,,
FINAL,dev,reg_vol_regime=HIGH,0.18004866180048662,0.20406976744186048,,,,,,,,,,,,,,,
FINAL,dev,reg_vol_regime=LOW,0.3844282238442822,0.3656976744186046,,,,,,,,,,,,,,,
FINAL,dev,reg_vol_regime=NORMAL,0.2822384428223844,0.32906976744186045,,,,,,,,,,,,,,,
FINAL,dev,reg_vol_regime=SHOCK,0.15328467153284672,0.10116279069767442,,,,,,,,,,,,,,,
FINAL,dev,reg_breadth_state=NEUTRAL,0.2639902676399027,0.23546511627906977,,,,,,,,,,,,,,,
FINAL,dev,reg_breadth_state=STRONG,0.5778588807785888,0.6633720930232558,,,,,,,,,,,,,,,
FINAL,dev,reg_breadth_state=WEAK,0.15815085158150852,0.10116279069767442,,,,,,,,,,,,,,,
FINAL,oos,sig_atr_pct,0.02403926821419937,0.02324351991359405,0.02220885045571249,0.021733460588225856,0.12415994310496362,0.003298926548547832,3.8960429113697205e-05,0.007262545352374997,0.002565691913119387,0.02852689069647015,629.0,863.0,664.0,619.0,356.0,0.02522796414792232,0.01736 / 0.02145 / 0.02533 / 0.03198
FINAL,oos,sig_ext,0.02064639952169694,0.018230197502492648,0.015615552334363382,0.01364016675244569,0.0830839783566891,0.0026467478340865673,0.0036850528797079314,0.0020549694810125595,0.008033665803858737,0.014297634488217735,614.0,600.0,687.0,664.0,566.0,0.011650886654131169,0.00532 / 0.01051 / 0.01801 / 0.02984
FINAL,oos,sig_ext_atr,0.8143232516503719,0.752017118176739,0.6894176761905197,0.6113509959341745,0.026417416610838514,0.005453490931136457,0.0004899760416397176,0.0021114913993013455,0.008748552274183039,0.01166671921342169,568.0,606.0,575.0,705.0,677.0,0.006213228282285234,0.2362 / 0.4624 / 0.7279 / 1.141
FINAL,oos,sig_pb_depth,0.06051707849488047,0.05718446797193953,0.05412470677264239,0.051852000723016975,0.09817305538128877,0.0035729084419361566,0.001455478374308927,0.004525131912297639,0.004698673740208058,0.020291302740816745,599.0,762.0,727.0,579.0,464.0,0.016718394298880588,0.03634 / 0.04877 / 0.06263 / 0.08244
FINAL,oos,sig_pb_depth_atr,2.543907221432141,2.4985178207410725,2.462282101220768,2.4306383206548436,-0.00018685344764823175,0.00469318081719127,0.009726247718971542,-7.345697363165458e-05,0.008903563988890159,0.006038549079149014,549.0,649.0,604.0,630.0,699.0,0.0013453682619577441,1.836 / 2.235 / 2.58 / 3.03
FINAL,oos,sig_pb_vol_ratio,1.0160802481881057,1.008389828777983,0.9306178585453175,0.9321236486640369,-0.006357687144670335,0.005470866106181827,0.0076980606422117496,0.0028595256671105395,0.003448365871904742,0.010124394128439795,573.0,647.0,651.0,608.0,652.0,0.0046535280222579686,0.741 / 0.8655 / 0.9956 / 1.192
FINAL,oos,sig_range_atr,1.0305664231845786,1.0361978118608328,0.9130261414769123,0.9242637897078791,-0.022249194876604293,0.008463911031561864,0.00513662705283301,0.006574008611472556,0.004190638299283176,0.005757104463407456,584.0,663.0,648.0,670.0,566.0,-0.002706806568154407,0.6524 / 0.835 / 1.023 / 1.336
FINAL,oos,sig_clv,0.6748384471209113,0.6671484256043757,0.7409358614435723,0.736656964924593,0.022817489688021563,0.005990398867288626,0.004318071667987059,0.001080872596329125,0.007538832675136133,0.010607376967898614,630.0,692.0,566.0,614.0,629.0,0.004616978100609987,0.4248 / 0.6714 / 0.8095 / 0.9164
FINAL,oos,sig_body_frac,0.4861018189515998,0.4902685795433127,0.49999999999999395,0.49626788416842554,0.013269903222693964,0.004567479027427204,0.0048286013155923796,0.006636946062928705,0.00485555605571538,0.009117939477665041,636.0,716.0,584.0,577.0,618.0,0.0045504604502378376,0.2281 / 0.4357 / 0.5976 / 0.7486
FINAL,oos,sig_vol_ratio,1.0992599360805524,1.0722935335830555,0.9533514426031556,0.927891806110483,0.002876796274926896,0.005460708439483722,0.0010029522542883689,0.007269814375245956,0.008110067602248906,0.008025310031869761,625.0,627.0,653.0,551.0,675.0,0.002564601592386039,0.7254 / 0.8635 / 1.023 / 1.241
FINAL,oos,sig_ret_20d,0.02832026505550134,0.022646554388308586,0.020309059268530327,0.01742717974638719,0.07066066508218526,0.001662180817475516,0.006569087658976195,0.005150747987139596,-7.770491645054536e-06,0.017723444829075213,639.0,710.0,612.0,617.0,553.0,0.016061264011599696,-0.007016 / 0.01249 / 0.03076 / 0.05663
FINAL,oos,reg_vix,17.09177555,16.996099519758253,16.335,16.389999,0.039840027470255904,0.006271166024901795,-0.0009417643195723149,0.0032346707877109657,0.05837238008406691,-0.0004974251697629072,1745.0,884.0,311.0,130.0,61.0,-0.006768591194664702,16.86 / 19.97 / 23.11 / 26.86
FINAL,oos,reg_vix_pct,42.50850340136055,41.3023104794374,37.698412698412696,37.3015873015873,0.017529117134982838,0.0019987451095630176,0.009097731475772782,0.0062424825656220905,-0.0007643191413095391,0.01015222558431506,549.0,739.0,672.0,479.0,692.0,0.008153480474752043,8.333 / 28.17 / 52.78 / 72.22
FINAL,oos,reg_vix_roc5,-0.02112626419807782,-0.008596254655851048,-0.0315151515151514,-0.0128514056224899,-0.03356759101872274,0.015406676557524254,0.006232602036043305,0.006223378971343801,0.0003028732781615817,0.004522316304846159,582.0,528.0,508.0,850.0,663.0,-0.010884360252678095,-0.1282 / -0.06014 / -0.01273 / 0.08098
FINAL,oos,reg_pct_above_50,56.73556533054346,57.82692492525034,57.05263157894736,58.78661087866108,-0.03377527301849446,0.009824258426265798,0.005708995112359407,0.001879640290902823,0.004100981363416923,0.007462221095297441,802.0,1062.0,549.0,493.0,225.0,-0.002362037330968357,49.15 / 62.61 / 70.24 / 79.11
FINAL,oos,reg_pct_above_200,63.238620268216025,64.28191667270333,64.90334064660347,65.4471544715447,-0.06118058766283098,0.02303754118197424,0.003137977990530116,0.003250951767633112,-0.015356142254677,,451.0,1810.0,858.0,12.0,0.0,,52.57 / 71.77 / 83.44 / 90.55
FINAL,oos,reg_market_state=BEARISH,0.07653061224489796,0.06090190609019061,,,,,,,,,,,,,,,
FINAL,oos,reg_market_state=BULLISH,0.8918367346938776,0.909809390980939,,,,,,,,,,,,,,,
FINAL,oos,reg_market_state=MIXED,0.03163265306122449,0.029288702928870293,,,,,,,,,,,,,,,
FINAL,oos,reg_vol_regime=HIGH,0.004081632653061225,0.001394700139470014,,,,,,,,,,,,,,,
FINAL,oos,reg_vol_regime=LOW,0.3795918367346939,0.3877266387726639,,,,,,,,,,,,,,,
FINAL,oos,reg_vol_regime=NORMAL,0.49489795918367346,0.509530450953045,,,,,,,,,,,,,,,
FINAL,oos,reg_vol_regime=SHOCK,0.12142857142857143,0.10134821013482101,,,,,,,,,,,,,,,
FINAL,oos,reg_breadth_state=NEUTRAL,0.40714285714285714,0.38679683867968384,,,,,,,,,,,,,,,
FINAL,oos,reg_breadth_state=STRONG,0.43979591836734694,0.4746629474662947,,,,,,,,,,,,,,,
FINAL,oos,reg_breadth_state=WEAK,0.15306122448979592,0.13854021385402138,,,,,,,,,,,,,,,
A_full_hypothesis,dev,sig_atr_pct,0.02182564540094399,0.021630141764439656,0.020738661126758404,0.020022550740679462,0.019081434906831164,-0.003260681375886779,0.0047543520886659425,0.0040356533652701615,0.0003309264265716051,0.005246600665159616,151.0,151.0,151.0,151.0,151.0,0.008507282041046395,0.01537 / 0.01868 / 0.02216 / 0.02687
A_full_hypothesis,dev,sig_ext,0.02609724636639534,0.024573138967956182,0.026316929417337313,0.02526475607713732,0.05144786424697531,-0.0017976579970060214,0.0015873205099463286,0.002805450505710005,-0.0005459523778032475,0.009057690528933482,151.0,151.0,151.0,151.0,151.0,0.010855348525939505,0.0125 / 0.02151 / 0.02887 / 0.03737
A_full_hypothesis,dev,sig_ext_atr,1.2445185054753523,1.185463554434548,1.249548198056549,1.1995802977327297,0.0275948342612883,0.0018463768117683561,-0.0018267212760152036,0.0033310694919383584,0.0048631381630459426,0.0028929879790430923,151.0,151.0,151.0,151.0,151.0,0.0010466111672747362,0.5916 / 1.041 / 1.368 / 1.73
A_full_hypothesis,dev,sig_pb_depth,0.04514790227130157,0.0439755247823772,0.038582604052664546,0.03865887542220824,-0.002032186397382867,0.002220112846342158,0.001621368598011069,0.0026552728841714806,0.002540091236566208,0.0020700056046896315,151.0,151.0,151.0,151.0,151.0,-0.00015010724165252657,0.02692 / 0.03499 / 0.04378 / 0.05823
A_full_hypothesis,dev,sig_pb_depth_atr,2.0507060748118415,2.0313509729075054,1.9520727278832055,1.9751796671796256,-0.016368782662687906,0.00463308193822729,0.005716407356509259,0.0003066802025977663,-0.0012224986476885942,0.001673180320134825,151.0,151.0,151.0,151.0,151.0,-0.0029599016180924653,1.525 / 1.841 / 2.128 / 2.533
A_full_hypothesis,dev,sig_pb_vol_ratio,0.811543970057356,0.8108163068622029,0.8260677547030397,0.8258057844773983,0.006909433277037039,0.0012055974652894373,0.007794597158942661,-0.0011036257437420476,0.0004644587904378026,0.0027458234988526945,151.0,151.0,151.0,151.0,151.0,0.0015402260335632572,0.7083 / 0.7937 / 0.8533 / 0.926
A_full_hypothesis,dev,sig_range_atr,1.213184749094646,1.1722027206837944,1.1291484067958684,1.1146307055629137,0.05136220180321547,-0.004360982264151578,0.003755712750378869,0.002304781558334844,0.004405588441298068,0.005001750683920344,151.0,151.0,151.0,151.0,151.0,0.009362732948071922,0.841 / 1.03 / 1.219 / 1.517
A_full_hypothesis,dev,sig_clv,0.8587129994358071,0.8605879372652954,0.867848792312401,0.870688661981451,0.02503956244406753,-0.003210214586840391,0.009651768458122061,-0.001340232410902639,0.0001861210815904894,0.005819408627811025,151.0,151.0,151.0,151.0,151.0,0.009029623214651415,0.7746 / 0.8421 / 0.9011 / 0.9536
A_full_hypothesis,dev,sig_body_frac,0.5917058472527679,0.5536967011263179,0.6556662451716219,0.6271561135435906,0.06453140315997612,-0.0029787365594624955,-0.001628784289704943,0.005825305049936963,0.008969507524792558,0.0009195594442184647,151.0,151.0,151.0,151.0,151.0,0.00389829600368096,0.2763 / 0.5484 / 0.7014 / 0.8066
A_full_hypothesis,dev,sig_vol_ratio,1.2453156862155015,1.2734677068426703,1.1440998289982995,1.1632168653173731,-0.05340297922064337,0.004856943617706362,0.0033053297817114543,0.005182793905096802,0.0018230307734612052,-0.004061246908195278,151.0,151.0,151.0,151.0,151.0,-0.00891819052590164,1.039 / 1.113 / 1.21 / 1.398
A_full_hypothesis,dev,sig_ret_20d,0.0486844111009409,0.04391832345467865,0.04636434519745991,0.03910983680186764,0.0056170092671623635,-0.002448347220451782,0.0035091735615689094,0.00894488084099471,9.739780083185979e-05,0.0010037461868368492,151.0,151.0,151.0,151.0,151.0,0.003452093407288631,0.01561 / 0.03362 / 0.05099 / 0.07504
A_full_hypothesis,dev,reg_vix,21.25881157786885,20.73636018003914,21.54,20.57,0.08004835462739991,0.002750234065253414,-0.008226150588049791,-0.002052155876509673,0.008948871295580555,0.009649143415943431,150.0,150.0,153.0,145.0,157.0,0.006898909350690017,16.33 / 18.31 / 21.86 / 25.34
A_full_hypothesis,dev,reg_vix_pct,36.068826437678894,34.408877706333676,28.76984126984127,25.0,0.03386086754169728,4.430737540745736e-05,-0.00031566519794538076,0.0066542429173075185,-0.00036167197598165686,0.005193172302679573,145.0,156.0,149.0,154.0,151.0,0.005148864927272115,6.746 / 20.63 / 35.71 / 62.62
A_full_hypothesis,dev,reg_vix_roc5,-0.0021529788249436146,-0.02014862098608355,-0.02030549026248365,-0.0268772790246606,0.026283523621736183,0.001568970308037197,0.010339663687263771,-0.0062702055760248485,0.004335882307743668,0.0015898379164616854,151.0,148.0,154.0,144.0,158.0,2.086760842448846e-05,-0.1079 / -0.04725 / -0.009359 / 0.06671
A_full_hypothesis,dev,reg_pct_above_50,65.63629578376907,67.66484204363347,67.94001522214822,69.89247311827957,-0.04824470857238875,0.009146796556360803,0.0012401324134975226,-0.0023014964718483647,0.0023234439624745654,0.0007798871827379295,150.0,149.0,152.0,151.0,153.0,-0.008366909373622874,55.41 / 66.08 / 73.74 / 80.57
A_full_hypothesis,dev,reg_pct_above_200,72.93885402369847,74.75415955043184,82.08556149732621,81.68103448275862,-0.06568728129887261,0.011783874142368507,0.0007601217822497852,-0.005341260117034658,0.005775353797892974,-0.0018308319330517966,151.0,150.0,152.0,151.0,151.0,-0.013614706075420304,54.92 / 75.91 / 85.09 / 91.08
A_full_hypothesis,dev,reg_market_state=BEARISH,0.14344262295081966,0.12720156555772993,,,,,,,,,,,,,,,
A_full_hypothesis,dev,reg_market_state=BULLISH,0.8114754098360656,0.8101761252446184,,,,,,,,,,,,,,,
A_full_hypothesis,dev,reg_market_state=MIXED,0.045081967213114756,0.06262230919765166,,,,,,,,,,,,,,,
A_full_hypothesis,dev,reg_vol_regime=HIGH,0.1557377049180328,0.16829745596868884,,,,,,,,,,,,,,,
A_full_hypothesis,dev,reg_vol_regime=LOW,0.45491803278688525,0.5009784735812133,,,,,,,,,,,,,,,
A_full_hypothesis,dev,reg_vol_regime=NORMAL,0.29098360655737704,0.273972602739726,,,,,,,,,,,,,,,
A_full_hypothesis,dev,reg_vol_regime=SHOCK,0.09836065573770492,0.05675146771037182,,,,,,,,,,,,,,,
A_full_hypothesis,dev,reg_breadth_state=NEUTRAL,0.19672131147540983,0.19569471624266144,,,,,,,,,,,,,,,
A_full_hypothesis,dev,reg_breadth_state=STRONG,0.6885245901639344,0.7397260273972602,,,,,,,,,,,,,,,
A_full_hypothesis,dev,reg_breadth_state=WEAK,0.11475409836065574,0.06457925636007827,,,,,,,,,,,,,,,
A_full_hypothesis,oos,sig_atr_pct,0.021409853269479633,0.020155457421816153,0.020541865315916837,0.01943346808949704,0.019873141291567645,0.0005796310424829145,-0.0012860814145670763,0.004070396099864978,0.008655907056434202,0.004120689475540566,162.0,232.0,264.0,205.0,111.0,0.003541058433057652,0.01537 / 0.01868 / 0.02216 / 0.02687
A_full_hypothesis,oos,sig_ext,0.02571335731230954,0.02397430400614918,0.025437094130282563,0.023767094725647406,0.06818256303556185,-0.0023530660779704144,0.004356531041791003,0.0028834235220464507,-0.0009625580270966955,0.012012253555052338,195.0,228.0,178.0,187.0,186.0,0.014365319633022752,0.0125 / 0.02151 / 0.02887 / 0.03737
A_full_hypothesis,oos,sig_ext_atr,1.2197898256085673,1.1971327519858246,1.1500369787275224,1.1728503699184507,0.03950396260408184,-0.0012536934454299648,-0.00046815001116600776,0.00971095341532323,0.00358009692507313,0.004301146513717681,189.0,210.0,201.0,171.0,203.0,0.005554839959147646,0.5916 / 1.041 / 1.368 / 1.73
A_full_hypothesis,oos,sig_pb_depth,0.045251620251549524,0.04280762144925606,0.04224345307856003,0.03888415927785188,0.005694469334926876,0.003999751130549923,-0.0003303439757475595,0.00023674601543518742,0.006833309759031602,0.005181157674325125,160.0,217.0,189.0,227.0,181.0,0.0011814065437752022,0.02692 / 0.03499 / 0.04378 / 0.05823
A_full_hypothesis,oos,sig_pb_depth_atr,2.128396417594295,2.130866371264016,2.038305447491744,2.0444198179072273,-0.0067015349494304235,0.007451808567249805,-0.0007570330879563233,0.0003647219268615425,0.0033349128215022614,0.005191026822431405,171.0,180.0,192.0,185.0,246.0,-0.0022607817448184004,1.525 / 1.841 / 2.128 / 2.533
A_full_hypothesis,oos,sig_pb_vol_ratio,0.8224901994701102,0.8207175544204225,0.8432486914919757,0.8348601866239921,0.022014373253038743,0.001711485955910918,0.001910198902411156,0.00819259441957601,0.0011677601927955856,0.0035597672835533103,170.0,189.0,174.0,228.0,213.0,0.0018482813276423924,0.7083 / 0.7937 / 0.8533 / 0.926
A_full_hypothesis,oos,sig_range_atr,1.1871623301070464,1.2157222877742195,1.1330202995819536,1.1328990422394323,-0.02071009100871342,0.0017278694444460409,0.006698524507567031,-0.0035146885469262055,0.012534504977410505,-0.0021043133706206037,206.0,178.0,177.0,208.0,205.0,-0.0038321828150666443,0.841 / 1.03 / 1.219 / 1.517
A_full_hypothesis,oos,sig_clv,0.8460794974547075,0.8588590175483588,0.8509847812393776,0.8666636506895278,-0.03716766502692513,0.006834903910119904,0.005771745659291375,0.0016323377099318815,3.3109311279838776e-05,0.0007487908211864646,207.0,214.0,196.0,189.0,168.0,-0.006086113088933439,0.7746 / 0.8421 / 0.9011 / 0.9536
A_full_hypothesis,oos,sig_body_frac,0.5765032934229645,0.5815627236660574,0.6611210164015382,0.6510242769241094,0.005908462882297558,0.005186722588671586,-0.0021986208673054493,0.0016155521235158648,0.007030278050169631,0.004202600162003341,193.0,173.0,210.0,166.0,232.0,-0.0009841224266682446,0.2763 / 0.5484 / 0.7014 / 0.8066
A_full_hypothesis,oos,sig_vol_ratio,1.2620153667595981,1.2824535580028027,1.1605240839037287,1.1590805507368243,-0.02331821454620366,0.004501565896441778,0.001048254290269588,0.0030484295978491396,0.00738126171246529,0.0005226759937518438,143.0,231.0,202.0,203.0,195.0,-0.003978889902689934,1.039 / 1.113 / 1.21 / 1.398
A_full_hypothesis,oos,sig_ret_20d,0.0446547459278296,0.03802702510874542,0.04076673465457503,0.03479384787726181,0.07366311236261831,-0.0009746479937514716,0.005313236055173004,0.0024615495607787823,-0.0027145340795203614,0.01447727442027712,262.0,199.0,172.0,178.0,163.0,0.015451922414028593,0.01561 / 0.03362 / 0.05099 / 0.07504
A_full_hypothesis,oos,reg_vix,16.63963946229508,16.344843091180866,15.98,15.97,-0.012009829009549305,0.0050748905411718784,0.003090541541748744,-0.005248781014869782,0.020921691397099443,-0.015791094888726695,542.0,193.0,185.0,43.0,11.0,-0.02086598542989857,16.33 / 18.31 / 21.86 / 25.34
A_full_hypothesis,oos,reg_vix_pct,40.264116575591984,37.45580942890359,33.33333333333333,31.746031746031743,0.005477345284690339,-0.004478036156311006,0.006720325610512658,0.008881469616079829,0.0035068280326749426,0.0023485869542647754,179.0,212.0,139.0,174.0,270.0,0.006826623110575782,6.746 / 20.63 / 35.71 / 62.62
A_full_hypothesis,oos,reg_vix_roc5,-0.000665809087810604,-0.006348839792723867,-0.0039371201385196,-0.0144590478330666,0.0198054228713966,-0.0032805068278363506,0.0068980080503036785,-0.00026514895824230266,0.005390208396823579,0.004706581784637767,172.0,182.0,136.0,247.0,237.0,0.007987088612474116,-0.1079 / -0.04725 / -0.009359 / 0.06671
A_full_hypothesis,oos,reg_pct_above_50,60.16132223309829,60.96047081236498,61.44578313253012,62.398373983739845,0.023003387407766782,0.0019710143620492756,0.001537397897185808,0.01070338754245766,0.004339269095320278,-0.002491106285808375,348.0,266.0,159.0,118.0,83.0,-0.004462120647857651,55.41 / 66.08 / 73.74 / 80.57
A_full_hypothesis,oos,reg_pct_above_200,64.48277476455061,66.07577717078999,66.73427991886409,66.80244399185335,-0.024148676289614323,0.008117304835111938,0.0018941586596958522,0.004506494682431519,-0.028877654161940436,,136.0,668.0,169.0,1.0,0.0,,54.92 / 75.91 / 85.09 / 91.08
A_full_hypothesis,oos,reg_market_state=BEARISH,0.04918032786885246,0.04484304932735426,,,,,,,,,,,,,,,
A_full_hypothesis,oos,reg_market_state=BULLISH,0.8950819672131147,0.9177877428998505,,,,,,,,,,,,,,,
A_full_hypothesis,oos,reg_market_state=MIXED,0.05573770491803279,0.03736920777279522,,,,,,,,,,,,,,,
A_full_hypothesis,oos,reg_vol_regime=HIGH,0.003278688524590164,0.0029895366218236174,,,,,,,,,,,,,,,
A_full_hypothesis,oos,reg_vol_regime=LOW,0.4131147540983607,0.45440956651718983,,,,,,,,,,,,,,,
A_full_hypothesis,oos,reg_vol_regime=NORMAL,0.5016393442622951,0.4798206278026906,,,,,,,,,,,,,,,
A_full_hypothesis,oos,reg_vol_regime=SHOCK,0.08196721311475409,0.06278026905829596,,,,,,,,,,,,,,,
A_full_hypothesis,oos,reg_breadth_state=NEUTRAL,0.4,0.3602391629297459,,,,,,,,,,,,,,,
A_full_hypothesis,oos,reg_breadth_state=STRONG,0.521311475409836,0.5530642750373692,,,,,,,,,,,,,,,
A_full_hypothesis,oos,reg_breadth_state=WEAK,0.07868852459016394,0.08669656203288491,,,,,,,,,,,,,,,
