entry_price,exit_price,premium,exit_premium,cost,pnl,pnl_pct,reason,symbol,entry_time,atr
196.48,196.20764972675533,0.34,0.2,34.04,-13.62,-40.0,SL,NVDA,2025-11-06 14:30:00+00:00,1.13
195.16,194.86364617484423,0.37,0.22,37.04,-14.82,-40.0,SL,NVDA,2025-11-06 14:45:00+00:00,1.23
193.55,193.21961430521253,0.41,0.25,41.3,-16.52,-40.0,SL,NVDA,2025-11-06 15:00:00+00:00,1.38
192.56,192.72736478686562,0.42,0.5,41.84,8.37,20.0,TP,NVDA,2025-11-06 15:15:00+00:00,1.39
193.14,192.80397968153525,0.42,0.25,42.0,-16.8,-40.0,SL,NVDA,2025-11-06 15:30:00+00:00,1.4
190.5,190.13783827571132,0.45,0.27,45.27,-18.11,-40.0,SL,NVDA,2025-11-06 15:45:00+00:00,1.51
190.335,190.5199893719912,0.46,0.55,46.25,9.25,20.0,TP,NVDA,2025-11-06 16:00:00+00:00,1.54
191.08,190.71227688058784,0.46,0.28,45.97,-18.39,-40.0,SL,NVDA,2025-11-06 16:15:00+00:00,1.53
190.675,190.31142853197443,0.45,0.27,45.45,-18.18,-40.0,SL,NVDA,2025-11-06 16:30:00+00:00,1.51
188.31,188.50250103872617,0.48,0.58,48.13,9.63,20.0,TP,NVDA,2025-11-06 16:45:00+00:00,1.6
183.19,182.76366050318754,0.53,0.32,53.29,-21.32,-40.0,SL,NVDA,2025-11-07 14:45:00+00:00,1.78
183.085,182.6620276101027,0.53,0.32,52.87,-21.15,-40.0,SL,NVDA,2025-11-07 15:00:00+00:00,1.76
183.09,182.66638278080967,0.53,0.32,52.95,-21.18,-40.0,SL,NVDA,2025-11-07 15:15:00+00:00,1.77
182.39,181.97204115360896,0.52,0.31,52.24,-20.9,-40.0,SL,NVDA,2025-11-07 15:30:00+00:00,1.74
181.23,180.81155249977974,0.52,0.31,52.31,-20.92,-40.0,SL,NVDA,2025-11-07 15:45:00+00:00,1.74
180.56,180.1518987497955,0.51,0.31,51.01,-20.41,-40.0,SL,NVDA,2025-11-07 16:00:00+00:00,1.7
179.37,179.57704700902352,0.52,0.62,51.76,10.35,20.0,TP,NVDA,2025-11-07 16:15:00+00:00,1.73
180.095,180.30165793695042,0.52,0.62,51.66,10.33,20.0,TP,NVDA,2025-11-07 16:30:00+00:00,1.72
18.83,18.787882895767034,0.05,0.03,5.26,-2.11,-40.0,SL,MARA,2025-10-28 19:30:00+00:00,0.18
18.795,18.753319831783678,0.05,0.03,5.21,-2.08,-40.0,SL,MARA,2025-10-28 19:45:00+00:00,0.17
15.14,15.081341626324942,0.07,0.04,7.33,-2.93,-40.0,SL,MARA,2025-11-07 14:45:00+00:00,0.24
13.185,13.141441098460337,0.05,0.03,5.44,-2.18,-40.0,SL,MARA,2025-11-13 18:00:00+00:00,0.18
13.145,13.10189530571317,0.05,0.03,5.39,-2.16,-40.0,SL,MARA,2025-11-13 18:15:00+00:00,0.18
13.03,12.987231355305084,0.05,0.03,5.35,-2.14,-40.0,SL,MARA,2025-11-13 18:30:00+00:00,0.18
13.01,12.967714829926152,0.05,0.03,5.29,-2.11,-40.0,SL,MARA,2025-11-13 18:45:00+00:00,0.18
12.95,12.908678056359998,0.05,0.03,5.17,-2.07,-40.0,SL,MARA,2025-11-13 19:00:00+00:00,0.17
12.88,12.900213759547144,0.05,0.06,5.05,1.01,20.0,TP,MARA,2025-11-13 19:15:00+00:00,0.17
12.765,12.724041327237298,0.05,0.03,5.12,-2.05,-40.0,SL,MARA,2025-11-13 20:15:00+00:00,0.17
12.76,12.78000224092554,0.05,0.06,5.0,1.0,20.0,TP,MARA,2025-11-13 20:30:00+00:00,0.17
12.37,12.394364840857657,0.06,0.07,6.09,1.22,20.0,TP,MARA,2025-11-14 14:45:00+00:00,0.2
12.265,12.290839071964001,0.06,0.08,6.46,1.29,20.0,TP,MARA,2025-11-14 15:15:00+00:00,0.22
12.0,11.965985354418423,0.04,0.03,4.25,-1.7,-40.0,SL,MARA,2025-11-17 14:30:00+00:00,0.14
11.88,11.899263942591446,0.05,0.06,4.82,0.96,20.0,TP,MARA,2025-11-17 14:45:00+00:00,0.16
11.3,11.265005928964456,0.04,0.03,4.37,-1.75,-40.0,SL,MARA,2025-11-17 19:15:00+00:00,0.15
11.2,11.165191219752707,0.04,0.03,4.35,-1.74,-40.0,SL,MARA,2025-11-17 19:30:00+00:00,0.15
11.155,11.12044898977037,0.04,0.03,4.32,-1.73,-40.0,SL,MARA,2025-11-17 19:45:00+00:00,0.14
11.165,11.131202633358201,0.04,0.03,4.22,-1.69,-40.0,SL,MARA,2025-11-17 20:00:00+00:00,0.14
230.18,229.75842125478502,0.53,0.32,52.7,-21.08,-40.0,SL,AMD,2025-10-22 14:45:00+00:00,1.76
241.47,241.77329680529567,0.76,0.91,75.82,15.16,20.0,TP,AMD,2025-11-06 15:15:00+00:00,2.53
241.85,241.2467059330223,0.75,0.45,75.41,-30.16,-40.0,SL,AMD,2025-11-06 15:30:00+00:00,2.51
237.14,236.49699836637785,0.8,0.48,80.38,-32.15,-40.0,SL,AMD,2025-11-06 15:45:00+00:00,2.68
236.37,236.69665075846743,0.82,0.98,81.66,16.33,20.0,TP,AMD,2025-11-06 16:00:00+00:00,2.72
231.11,230.48153781797723,0.79,0.47,78.56,-31.42,-40.0,SL,AMD,2025-11-07 14:45:00+00:00,2.62
228.605,227.91967863924776,0.86,0.51,85.67,-34.27,-40.0,SL,AMD,2025-11-07 15:30:00+00:00,2.86
226.89,227.23072777463494,0.85,1.02,85.18,17.04,20.0,TP,AMD,2025-11-07 15:45:00+00:00,2.84
226.485,226.81744792812913,0.83,1.0,83.11,16.62,20.0,TP,AMD,2025-11-07 16:15:00+00:00,2.77
231.01,230.4390834214741,0.71,0.43,71.36,-28.55,-40.0,SL,AMD,2025-11-18 14:45:00+00:00,2.38
226.89,226.26574889136882,0.78,0.47,78.03,-31.21,-40.0,SL,AMD,2025-11-18 15:00:00+00:00,2.6
226.9,226.26042397055676,0.8,0.48,79.95,-31.98,-40.0,SL,AMD,2025-11-18 15:15:00+00:00,2.66
228.11,227.4430794012313,0.83,0.5,83.37,-33.35,-40.0,SL,AMD,2025-11-18 15:30:00+00:00,2.78
227.03,226.3692308725719,0.83,0.5,82.6,-33.04,-40.0,SL,AMD,2025-11-18 15:45:00+00:00,2.75
227.085,226.43011438167392,0.82,0.49,81.86,-32.74,-40.0,SL,AMD,2025-11-18 16:00:00+00:00,2.73
211.43,211.79447291090133,0.91,1.09,91.12,18.22,20.0,TP,AMD,2025-11-20 18:00:00+00:00,3.04
202.41,201.7017692714899,0.89,0.53,88.53,-35.41,-40.0,SL,AMD,2025-11-21 14:45:00+00:00,2.95
202.37,201.63864289495493,0.91,0.55,91.42,-36.57,-40.0,SL,AMD,2025-11-21 15:00:00+00:00,3.05
200.0,199.265511259601,0.92,0.55,91.81,-36.72,-40.0,SL,AMD,2025-11-21 15:15:00+00:00,3.06
197.52,196.7817461696295,0.92,0.55,92.28,-36.91,-40.0,SL,AMD,2025-11-21 15:30:00+00:00,3.08
197.74,196.9900214432274,0.94,0.56,93.75,-37.5,-40.0,SL,AMD,2025-11-21 15:45:00+00:00,3.12
197.0,196.25044848299686,0.94,0.56,93.69,-37.48,-40.0,SL,AMD,2025-11-21 16:00:00+00:00,3.12
198.02,197.41467368388686,0.76,0.45,75.67,-30.27,-40.0,SL,AMD,2025-11-25 14:45:00+00:00,2.52
198.26,197.62025413503778,0.8,0.48,79.97,-31.99,-40.0,SL,AMD,2025-11-25 15:00:00+00:00,2.67
195.53,195.8574534373039,0.82,0.98,81.86,16.37,20.0,TP,AMD,2025-11-25 15:15:00+00:00,2.73
196.68,196.99807819178218,0.8,0.95,79.52,15.9,20.0,TP,AMD,2025-11-25 15:30:00+00:00,2.65
287.5,287.8111233682368,0.78,0.93,77.78,15.56,20.0,TP,MSTR,2025-10-22 14:45:00+00:00,2.59
278.99,278.3939723500143,0.75,0.45,74.5,-29.8,-40.0,SL,MSTR,2025-10-22 18:00:00+00:00,2.48
278.49,278.7939842660648,0.76,0.91,76.0,15.2,20.0,TP,MSTR,2025-10-22 18:15:00+00:00,2.53
286.03,285.7044334388288,0.41,0.24,40.7,-16.28,-40.0,SL,MSTR,2025-10-28 19:30:00+00:00,1.36
285.68,285.3559167646268,0.41,0.24,40.51,-16.2,-40.0,SL,MSTR,2025-10-28 19:45:00+00:00,1.35
283.935,283.602694138582,0.42,0.25,41.54,-16.62,-40.0,SL,MSTR,2025-10-29 13:30:00+00:00,1.38
283.135,283.32245629280123,0.47,0.56,46.86,9.37,20.0,TP,MSTR,2025-10-29 13:45:00+00:00,1.56
267.6,267.918989395867,0.8,0.96,79.75,15.95,20.0,TP,MSTR,2025-10-30 13:45:00+00:00,2.66
257.23,256.7691226959953,0.58,0.35,57.61,-23.04,-40.0,SL,MSTR,2025-10-30 19:45:00+00:00,1.92
268.15,267.66992821770987,0.6,0.36,60.01,-24.0,-40.0,SL,MSTR,2025-10-31 13:30:00+00:00,2.0
224.73,223.90189330532255,1.04,0.62,103.51,-41.41,-40.0,SL,MSTR,2025-11-07 14:45:00+00:00,3.45
211.54,211.03392525815138,0.63,0.38,63.26,-25.3,-40.0,SL,MSTR,2025-11-13 18:45:00+00:00,2.11
211.24,210.73313059685486,0.63,0.38,63.36,-25.34,-40.0,SL,MSTR,2025-11-13 19:00:00+00:00,2.11
210.41,209.91002126850807,0.62,0.37,62.5,-25.0,-40.0,SL,MSTR,2025-11-13 19:15:00+00:00,2.08
198.18,198.53657807471876,0.89,1.07,89.14,17.83,20.0,TP,MSTR,2025-11-14 14:45:00+00:00,2.97
195.71,194.89980311604626,1.01,0.61,101.27,-40.51,-40.0,SL,MSTR,2025-11-14 15:15:00+00:00,3.38
187.525,187.89951601912148,0.94,1.12,93.63,18.73,20.0,TP,MSTR,2025-11-19 16:45:00+00:00,3.12
182.635,182.97853907613703,0.86,1.03,85.88,17.18,20.0,TP,MSTR,2025-11-19 18:45:00+00:00,2.86
159.75,159.0375174021816,0.89,0.53,89.06,-35.62,-40.0,SL,MSTR,2025-12-01 15:30:00+00:00,2.97
156.285,156.64995263470138,0.91,1.09,91.24,18.25,20.0,TP,MSTR,2025-12-01 15:45:00+00:00,3.04
659.105,657.505,2.0,1.2,200.0,-80.0,-40.0,SL,META,2025-10-30 15:15:00+00:00,9.27
662.99,663.79,2.0,2.4,200.0,40.0,20.0,TP,META,2025-10-30 15:30:00+00:00,9.08
664.15,662.55,2.0,1.2,200.0,-80.0,-40.0,SL,META,2025-10-30 15:45:00+00:00,8.7
633.07,632.1884402675319,1.1,0.66,110.19,-44.08,-40.0,SL,META,2025-11-04 14:45:00+00:00,3.67
608.315,607.5750636061452,0.92,0.55,92.49,-37.0,-40.0,SL,META,2025-11-07 14:45:00+00:00,3.08
608.0,607.2549733485633,0.93,0.56,93.13,-37.25,-40.0,SL,META,2025-11-07 15:00:00+00:00,3.1
608.16,607.3933609665231,0.96,0.57,95.83,-38.33,-40.0,SL,META,2025-11-07 15:15:00+00:00,3.19
606.74,605.9652066117715,0.97,0.58,96.85,-38.74,-40.0,SL,META,2025-11-07 15:30:00+00:00,3.23
605.1,604.3306632823592,0.96,0.58,96.17,-38.47,-40.0,SL,META,2025-11-07 15:45:00+00:00,3.21
603.185,602.4265587621907,0.95,0.57,94.81,-37.92,-40.0,SL,META,2025-11-07 16:00:00+00:00,3.16
602.545,602.9249048604114,0.95,1.14,94.98,19.0,20.0,TP,META,2025-11-07 16:15:00+00:00,3.17
604.32,603.557205259236,0.95,0.57,95.35,-38.14,-40.0,SL,META,2025-11-07 16:30:00+00:00,3.18
603.65,602.9127191692904,0.92,0.55,92.16,-36.86,-40.0,SL,META,2025-11-07 16:45:00+00:00,3.07
614.525,613.9806842768767,0.68,0.41,68.04,-27.22,-40.0,SL,META,2025-11-12 15:30:00+00:00,2.27
611.44,610.8134496856713,0.78,0.47,78.32,-31.33,-40.0,SL,META,2025-11-12 15:45:00+00:00,2.61
609.145,609.464098360224,0.8,0.96,79.77,15.95,20.0,TP,META,2025-11-12 16:00:00+00:00,2.66
609.2,608.5621316167268,0.8,0.48,79.73,-31.89,-40.0,SL,META,2025-11-12 16:15:00+00:00,2.66
610.73,610.0831793583891,0.81,0.49,80.85,-32.34,-40.0,SL,META,2025-11-12 16:30:00+00:00,2.7
609.065,608.4115808327899,0.82,0.49,81.68,-32.67,-40.0,SL,META,2025-11-12 16:45:00+00:00,2.72
596.22,596.5051349259782,0.71,0.86,71.28,14.26,20.0,TP,META,2025-11-17 20:15:00+00:00,2.38
586.3,585.5088680054321,0.99,0.59,98.89,-39.56,-40.0,SL,META,2025-11-18 15:15:00+00:00,3.3
243.65,243.36893180513525,0.35,0.21,35.13,-14.05,-40.0,SL,AMZN,2025-11-06 16:30:00+00:00,1.17
243.12,242.83740810476846,0.35,0.21,35.32,-14.13,-40.0,SL,AMZN,2025-11-06 16:45:00+00:00,1.18
240.2,239.92714135592811,0.34,0.2,34.11,-13.64,-40.0,SL,AMZN,2025-11-07 14:45:00+00:00,1.14
239.37,239.50653958058862,0.34,0.41,34.13,6.83,20.0,TP,AMZN,2025-11-07 16:15:00+00:00,1.14
244.67,244.46127757175844,0.26,0.16,26.09,-10.44,-40.0,SL,AMZN,2025-11-12 16:00:00+00:00,0.87
244.37,244.47804969882645,0.27,0.32,27.01,5.4,20.0,TP,AMZN,2025-11-12 16:15:00+00:00,0.9
241.02,240.79614294091812,0.28,0.17,27.98,-11.19,-40.0,SL,AMZN,2025-11-13 14:45:00+00:00,0.93
239.295,239.03498923627672,0.33,0.2,32.5,-13.0,-40.0,SL,AMZN,2025-11-13 16:45:00+00:00,1.08
234.39,234.53806465263924,0.37,0.44,37.02,7.4,20.0,TP,AMZN,2025-11-14 14:45:00+00:00,1.23
231.88,231.63404234469527,0.31,0.18,30.74,-12.3,-40.0,SL,AMZN,2025-11-17 14:45:00+00:00,1.02
231.07,230.7970393200742,0.34,0.2,34.12,-13.65,-40.0,SL,AMZN,2025-11-17 15:00:00+00:00,1.14
229.94,229.65996508292605,0.35,0.21,35.0,-14.0,-40.0,SL,AMZN,2025-11-17 15:15:00+00:00,1.17
229.65,229.35742379270718,0.37,0.22,36.57,-14.63,-40.0,SL,AMZN,2025-11-17 16:00:00+00:00,1.22
155.84,155.96993382614218,0.32,0.39,32.48,6.5,20.0,TP,DELL,2025-11-04 14:45:00+00:00,1.08
151.56,151.31605401523188,0.3,0.18,30.49,-12.2,-40.0,SL,DELL,2025-11-05 14:45:00+00:00,1.02
149.695,149.85460490680313,0.4,0.48,39.9,7.98,20.0,TP,DELL,2025-11-05 15:30:00+00:00,1.33
133.5,133.28041229425222,0.27,0.16,27.45,-10.98,-40.0,SL,DELL,2025-11-13 18:30:00+00:00,0.91
133.64,133.4256399875199,0.27,0.16,26.8,-10.72,-40.0,SL,DELL,2025-11-13 18:45:00+00:00,0.89
133.79,133.5804942741256,0.26,0.16,26.19,-10.48,-40.0,SL,DELL,2025-11-13 19:00:00+00:00,0.87
133.145,133.2468990870131,0.25,0.31,25.47,5.09,20.0,TP,DELL,2025-11-13 19:15:00+00:00,0.85
132.59,132.38770821406803,0.25,0.15,25.29,-10.11,-40.0,SL,DELL,2025-11-13 20:15:00+00:00,0.84
127.25,126.89917795376113,0.44,0.26,43.85,-17.54,-40.0,SL,DELL,2025-11-17 14:45:00+00:00,1.46
125.505,125.13809381420675,0.46,0.28,45.86,-18.35,-40.0,SL,DELL,2025-11-17 15:00:00+00:00,1.53
125.25,124.88918305751174,0.45,0.27,45.1,-18.04,-40.0,SL,DELL,2025-11-17 15:45:00+00:00,1.5
124.835,124.48238426768948,0.44,0.26,44.08,-17.63,-40.0,SL,DELL,2025-11-17 16:00:00+00:00,1.47
124.03,124.1992858757156,0.42,0.51,42.32,8.46,20.0,TP,DELL,2025-11-17 16:15:00+00:00,1.41
124.65,124.81533688459307,0.41,0.5,41.33,8.27,20.0,TP,DELL,2025-11-17 16:30:00+00:00,1.38
124.87,124.89,0.39,0.4,39.32,1.0,2.5,EOD,DELL,2025-11-17 16:45:00+00:00,1.31
122.92,122.895,0.34,0.32,33.54,-1.25,-3.7,EOD,DELL,2025-11-17 18:00:00+00:00,1.12
122.75,122.88022401727974,0.33,0.39,32.56,6.51,20.0,TP,DELL,2025-11-17 18:15:00+00:00,1.09
122.56,122.6859794446169,0.31,0.38,31.49,6.3,20.0,TP,DELL,2025-11-17 18:30:00+00:00,1.05
122.7,122.45780960285433,0.3,0.18,30.27,-12.11,-40.0,SL,DELL,2025-11-17 18:45:00+00:00,1.01
121.915,122.03875982724621,0.31,0.37,30.94,6.19,20.0,TP,DELL,2025-11-17 19:00:00+00:00,1.03
121.87,121.63056032082848,0.3,0.18,29.93,-11.97,-40.0,SL,DELL,2025-11-17 19:15:00+00:00,1.0
121.38,121.13932029791215,0.3,0.18,30.08,-12.03,-40.0,SL,DELL,2025-11-17 19:30:00+00:00,1.0
121.21,120.97656884806128,0.29,0.18,29.18,-11.67,-40.0,SL,DELL,2025-11-17 19:45:00+00:00,0.97
120.58,120.34935678748548,0.29,0.17,28.83,-11.53,-40.0,SL,DELL,2025-11-17 20:00:00+00:00,0.96
120.16,120.2739414915246,0.28,0.34,28.49,5.7,20.0,TP,DELL,2025-11-17 20:15:00+00:00,0.95
120.51,120.62120281355857,0.28,0.33,27.8,5.56,20.0,TP,DELL,2025-11-17 20:30:00+00:00,0.93
351.11,350.6587844407774,0.56,0.34,56.4,-22.56,-40.0,SL,AVGO,2025-11-05 14:30:00+00:00,1.88
342.76,341.9758176149958,0.98,0.59,98.02,-39.21,-40.0,SL,AVGO,2025-11-07 15:45:00+00:00,3.27
342.24,341.48063064249607,0.95,0.57,94.92,-37.97,-40.0,SL,AVGO,2025-11-07 16:00:00+00:00,3.16
339.825,339.0563570251749,0.96,0.58,96.08,-38.43,-40.0,SL,AVGO,2025-11-07 16:15:00+00:00,3.2
340.005,339.2441172376624,0.95,0.57,95.11,-38.04,-40.0,SL,AVGO,2025-11-07 16:30:00+00:00,3.17
339.445,338.70743743497223,0.92,0.55,92.2,-36.88,-40.0,SL,AVGO,2025-11-07 16:45:00+00:00,3.07
341.98,342.2796857180415,0.75,0.9,74.92,14.98,20.0,TP,AVGO,2025-11-13 14:45:00+00:00,2.5
370.88,371.1648672309322,0.71,0.85,71.22,14.24,20.0,TP,AVGO,2025-12-03 14:45:00+00:00,2.37
592.4,591.156974401369,1.55,0.93,155.38,-62.15,-40.0,SL,APP,2025-11-05 14:45:00+00:00,5.18
596.15,594.55,2.0,1.2,200.0,-80.0,-40.0,SL,APP,2025-11-11 16:00:00+00:00,7.6
593.76,592.16,2.0,1.2,200.0,-80.0,-40.0,SL,APP,2025-11-11 16:15:00+00:00,7.41
593.335,591.735,2.0,1.2,200.0,-80.0,-40.0,SL,APP,2025-11-11 16:30:00+00:00,7.25
588.51,586.91,2.0,1.2,200.0,-80.0,-40.0,SL,APP,2025-11-11 16:45:00+00:00,7.08
555.21,553.7953459747534,1.77,1.06,176.83,-70.73,-40.0,SL,APP,2025-11-13 14:45:00+00:00,5.89
557.54,556.1156498336995,1.78,1.07,178.04,-71.22,-40.0,SL,APP,2025-11-13 15:00:00+00:00,5.93
558.05,556.5667605598638,1.85,1.11,185.4,-74.16,-40.0,SL,APP,2025-11-13 15:15:00+00:00,6.18
559.45,560.1874183114918,1.84,2.21,184.35,36.87,20.0,TP,APP,2025-11-13 15:30:00+00:00,6.15
545.22,543.9630707664496,1.57,0.94,157.12,-62.85,-40.0,SL,APP,2025-11-13 18:30:00+00:00,5.24
547.99,546.7615657117032,1.54,0.92,153.55,-61.42,-40.0,SL,APP,2025-11-13 18:45:00+00:00,5.12
497.4,495.79999999999995,2.0,1.2,200.0,-80.0,-40.0,SL,APP,2025-11-21 15:30:00+00:00,6.71
499.04,497.44,2.0,1.2,200.0,-80.0,-40.0,SL,APP,2025-11-21 15:45:00+00:00,6.83
496.15,494.54999999999995,2.0,1.2,200.0,-80.0,-40.0,SL,APP,2025-11-21 16:00:00+00:00,6.86
532.4,531.7101316815977,0.86,0.52,86.23,-34.49,-40.0,SL,CRWD,2025-11-13 14:45:00+00:00,2.87
520.95,520.3423846438791,0.76,0.46,75.95,-30.38,-40.0,SL,CRWD,2025-11-18 14:45:00+00:00,2.53
518.17,517.4924714550305,0.85,0.51,84.69,-33.88,-40.0,SL,CRWD,2025-11-18 15:00:00+00:00,2.82
514.5,514.8717382530216,0.93,1.12,92.93,18.59,20.0,TP,CRWD,2025-11-18 15:15:00+00:00,3.1
484.89,483.8276446562025,1.33,0.8,132.79,-53.12,-40.0,SL,CRWD,2025-11-21 15:15:00+00:00,4.43
481.34,480.234555752188,1.38,0.83,138.18,-55.27,-40.0,SL,CRWD,2025-11-21 15:30:00+00:00,4.61
482.89,481.8059160556032,1.36,0.81,135.51,-54.2,-40.0,SL,CRWD,2025-11-21 15:45:00+00:00,4.52
480.925,479.8595506230601,1.33,0.8,133.18,-53.27,-40.0,SL,CRWD,2025-11-21 16:00:00+00:00,4.44
480.35,480.8843157821507,1.34,1.6,133.58,26.72,20.0,TP,CRWD,2025-11-21 16:15:00+00:00,4.45
167.38,167.53775703011488,0.39,0.47,39.44,7.89,20.0,TP,ARM,2025-10-30 13:45:00+00:00,1.31
164.42,164.5683539872704,0.37,0.45,37.09,7.42,20.0,TP,ARM,2025-11-04 14:45:00+00:00,1.24
149.65,149.38561912170155,0.33,0.2,33.05,-13.22,-40.0,SL,ARM,2025-11-11 14:45:00+00:00,1.1
149.28,149.00853204158,0.34,0.2,33.93,-13.57,-40.0,SL,ARM,2025-11-11 15:00:00+00:00,1.13
148.67,148.40009403860998,0.34,0.2,33.74,-13.5,-40.0,SL,ARM,2025-11-11 15:15:00+00:00,1.12
147.76,147.49334446442356,0.33,0.2,33.33,-13.33,-40.0,SL,ARM,2025-11-11 15:30:00+00:00,1.11
147.76,147.49541985982188,0.33,0.2,33.07,-13.23,-40.0,SL,ARM,2025-11-11 15:45:00+00:00,1.1
147.4,147.53462649365412,0.34,0.4,33.66,6.73,20.0,TP,ARM,2025-11-11 16:00:00+00:00,1.12
147.61,147.73895317267883,0.32,0.39,32.24,6.45,20.0,TP,ARM,2025-11-11 16:15:00+00:00,1.07
143.98,143.76859230441445,0.26,0.16,26.43,-10.57,-40.0,SL,ARM,2025-11-13 14:45:00+00:00,0.88
142.94,142.7061499969563,0.29,0.18,29.23,-11.69,-40.0,SL,ARM,2025-11-13 15:00:00+00:00,0.97
141.37,141.10529925047848,0.33,0.2,33.09,-13.24,-40.0,SL,ARM,2025-11-13 15:45:00+00:00,1.1
140.18,139.90883501830146,0.34,0.2,33.9,-13.56,-40.0,SL,ARM,2025-11-13 16:00:00+00:00,1.13
140.31,140.0388325169942,0.34,0.2,33.9,-13.56,-40.0,SL,ARM,2025-11-13 16:15:00+00:00,1.13
126.93,126.54778063872311,0.48,0.29,47.78,-19.11,-40.0,SL,ARM,2025-11-21 15:30:00+00:00,1.59
128.24,127.98506716760963,0.32,0.19,31.87,-12.75,-40.0,SL,ARM,2025-11-25 14:45:00+00:00,1.06
127.88,127.59278954758176,0.36,0.22,35.9,-14.36,-40.0,SL,ARM,2025-11-25 15:15:00+00:00,1.2
127.61,127.32016172275449,0.36,0.22,36.23,-14.49,-40.0,SL,ARM,2025-11-25 15:30:00+00:00,1.21
522.96,522.29273014262,0.83,0.5,83.41,-33.36,-40.0,SL,MSFT,2025-10-30 15:45:00+00:00,2.78
522.835,523.156803862355,0.8,0.97,80.45,16.09,20.0,TP,MSFT,2025-10-30 16:00:00+00:00,2.68
502.06,501.7266078378747,0.42,0.25,41.67,-16.67,-40.0,SL,MSFT,2025-11-06 14:45:00+00:00,1.39
500.25,500.44796855969173,0.49,0.59,49.49,9.9,20.0,TP,MSFT,2025-11-06 15:15:00+00:00,1.65
497.46,497.01584605522544,0.56,0.33,55.52,-22.21,-40.0,SL,MSFT,2025-11-06 15:45:00+00:00,1.85
496.29,496.5172571886454,0.57,0.68,56.81,11.36,20.0,TP,MSFT,2025-11-06 16:00:00+00:00,1.89
497.43,496.98275093537296,0.56,0.34,55.91,-22.36,-40.0,SL,MSFT,2025-11-06 16:15:00+00:00,1.86
500.59,500.2481838583344,0.43,0.26,42.73,-17.09,-40.0,SL,MSFT,2025-11-12 16:45:00+00:00,1.42
497.21,496.70524729403354,0.63,0.38,63.09,-25.24,-40.0,SL,MSFT,2025-11-18 14:45:00+00:00,2.1
493.93,493.37867248731686,0.69,0.41,68.92,-27.57,-40.0,SL,MSFT,2025-11-18 15:00:00+00:00,2.3
493.54,492.95586760386,0.73,0.44,73.02,-29.21,-40.0,SL,MSFT,2025-11-18 15:30:00+00:00,2.43
490.77,490.14787706072707,0.78,0.47,77.77,-31.11,-40.0,SL,MSFT,2025-11-18 15:45:00+00:00,2.59
489.33,488.71922869924657,0.76,0.46,76.35,-30.54,-40.0,SL,MSFT,2025-11-18 16:00:00+00:00,2.54
488.85,488.2383695064433,0.76,0.46,76.45,-30.58,-40.0,SL,MSFT,2025-11-18 16:15:00+00:00,2.55
470.895,471.1988218046,0.76,0.91,75.96,15.19,20.0,TP,MSFT,2025-11-21 15:15:00+00:00,2.53
467.86,467.4336648916983,0.53,0.32,53.29,-21.32,-40.0,SL,MSFT,2025-11-25 14:45:00+00:00,1.78
476.28,475.8112897585943,0.59,0.35,58.59,-23.44,-40.0,SL,MSFT,2025-12-03 14:45:00+00:00,1.95
477.07,476.59688334726616,0.59,0.35,59.14,-23.66,-40.0,SL,MSFT,2025-12-03 15:00:00+00:00,1.97
476.82,477.0662327316264,0.62,0.74,61.56,12.31,20.0,TP,MSFT,2025-12-03 15:15:00+00:00,2.05
246.18,245.84696092276937,0.42,0.25,41.63,-16.65,-40.0,SL,GOOGL,2025-10-21 15:15:00+00:00,1.39
246.24,245.8813779997144,0.45,0.27,44.83,-17.93,-40.0,SL,GOOGL,2025-10-21 15:30:00+00:00,1.49
246.02,246.20103164298976,0.45,0.54,45.26,9.05,20.0,TP,GOOGL,2025-10-21 15:45:00+00:00,1.51
276.75,276.362340883706,0.48,0.29,48.46,-19.38,-40.0,SL,GOOGL,2025-11-07 15:45:00+00:00,1.62
276.14,276.3304417325651,0.48,0.57,47.61,9.52,20.0,TP,GOOGL,2025-11-07 16:00:00+00:00,1.59
276.22,276.4077244659533,0.47,0.56,46.93,9.39,20.0,TP,GOOGL,2025-11-07 16:15:00+00:00,1.56
277.47,277.64034001428695,0.43,0.51,42.59,8.52,20.0,TP,GOOGL,2025-11-13 14:45:00+00:00,1.42
1117.29,1118.09,2.0,2.4,200.0,40.0,20.0,TP,NFLX,2025-10-22 18:00:00+00:00,6.86
1118.08,1118.8651095675532,1.96,2.36,196.28,39.26,20.0,TP,NFLX,2025-10-22 18:15:00+00:00,6.54
1116.615,1117.3241326029809,1.77,2.13,177.28,35.46,20.0,TP,NFLX,2025-10-22 19:30:00+00:00,5.91
1104.14,1102.7882567880683,1.69,1.01,168.97,-67.59,-40.0,SL,NFLX,2025-10-23 15:30:00+00:00,5.63
1101.02,1101.680509348397,1.65,1.98,165.13,33.03,20.0,TP,NFLX,2025-10-23 15:45:00+00:00,5.5
1101.07,1101.7010301092257,1.58,1.89,157.76,31.55,20.0,TP,NFLX,2025-10-23 16:00:00+00:00,5.26
1091.65,1090.9095670020004,0.93,0.56,92.55,-37.02,-40.0,SL,NFLX,2025-10-27 14:00:00+00:00,3.09
1087.92,1088.3010581776427,0.95,1.14,95.26,19.05,20.0,TP,NFLX,2025-10-27 14:15:00+00:00,3.18
1080.3,1078.863563784714,1.8,1.08,179.55,-71.82,-40.0,SL,NFLX,2025-11-03 16:30:00+00:00,5.99
1119.75,1118.15,2.0,1.2,200.0,-80.0,-40.0,SL,NFLX,2025-11-14 15:00:00+00:00,6.82
1108.475,1109.2749999999999,2.0,2.4,200.0,40.0,20.0,TP,NFLX,2025-11-14 15:15:00+00:00,7.24
108.19,108.29956349775482,0.27,0.33,27.39,5.48,20.0,TP,NFLX,2025-11-20 15:15:00+00:00,0.91
107.42,107.20059730431346,0.27,0.16,27.43,-10.97,-40.0,SL,NFLX,2025-11-20 16:45:00+00:00,0.91
103.6,103.46177844007036,0.17,0.1,17.28,-6.91,-40.0,SL,NFLX,2025-11-24 14:45:00+00:00,0.58
103.78,103.60510655802872,0.22,0.13,21.86,-8.74,-40.0,SL,NFLX,2025-12-03 14:45:00+00:00,0.73
103.1,102.91737037531239,0.23,0.14,22.83,-9.13,-40.0,SL,NFLX,2025-12-03 15:00:00+00:00,0.76
102.895,102.70058568075405,0.24,0.15,24.3,-9.72,-40.0,SL,NFLX,2025-12-03 15:30:00+00:00,0.81
103.09,103.18482453705965,0.24,0.28,23.71,4.74,20.0,TP,NFLX,2025-12-03 16:15:00+00:00,0.79
345.41,344.91107063546383,0.62,0.37,62.37,-24.95,-40.0,SL,ADBE,2025-10-29 13:45:00+00:00,2.08
342.16,341.66738845323516,0.62,0.37,61.58,-24.63,-40.0,SL,ADBE,2025-10-29 14:45:00+00:00,2.05
341.01,340.51631784943265,0.62,0.37,61.71,-24.68,-40.0,SL,ADBE,2025-10-29 15:00:00+00:00,2.06
340.375,339.89909514590175,0.59,0.36,59.49,-23.8,-40.0,SL,ADBE,2025-10-29 15:15:00+00:00,1.98
339.41,339.64389868225993,0.58,0.7,58.47,11.69,20.0,TP,ADBE,2025-10-29 15:30:00+00:00,1.95
339.885,340.1099487763842,0.56,0.67,56.24,11.25,20.0,TP,ADBE,2025-10-29 15:45:00+00:00,1.87
339.94,340.1590381494996,0.55,0.66,54.76,10.95,20.0,TP,ADBE,2025-10-29 16:00:00+00:00,1.83
339.68,339.8880211388211,0.52,0.62,52.01,10.4,20.0,TP,ADBE,2025-10-29 16:15:00+00:00,1.73
339.13,338.7881535483615,0.43,0.26,42.73,-17.09,-40.0,SL,ADBE,2025-10-29 18:45:00+00:00,1.42
338.11,337.76419972347855,0.43,0.26,43.23,-17.29,-40.0,SL,ADBE,2025-10-29 19:00:00+00:00,1.44
338.505,338.67437869981353,0.42,0.51,42.34,8.47,20.0,TP,ADBE,2025-10-29 19:15:00+00:00,1.41
330.49,330.2173605455874,0.34,0.2,34.08,-13.63,-40.0,SL,ADBE,2025-11-14 14:45:00+00:00,1.14
329.325,329.03352050661687,0.36,0.22,36.43,-14.57,-40.0,SL,ADBE,2025-11-14 15:00:00+00:00,1.21
329.49,329.64341547907077,0.38,0.46,38.35,7.67,20.0,TP,ADBE,2025-11-14 15:15:00+00:00,1.28
330.09,329.7906855388686,0.37,0.22,37.41,-14.97,-40.0,SL,ADBE,2025-11-14 15:30:00+00:00,1.25
324.76,324.8852844610258,0.31,0.38,31.32,6.26,20.0,TP,ADBE,2025-11-17 20:15:00+00:00,1.04
318.285,317.9182949281973,0.46,0.28,45.84,-18.34,-40.0,SL,ADBE,2025-11-19 14:45:00+00:00,1.53
316.155,316.35691299888515,0.5,0.61,50.48,10.1,20.0,TP,ADBE,2025-11-19 16:00:00+00:00,1.68
36.92,36.85530830294281,0.08,0.05,8.09,-3.23,-40.0,SL,INTC,2025-10-22 14:30:00+00:00,0.27
36.59,36.52375770987547,0.08,0.05,8.28,-3.31,-40.0,SL,INTC,2025-10-22 14:45:00+00:00,0.28
38.07,37.99570945594389,0.09,0.06,9.29,-3.71,-40.0,SL,INTC,2025-11-04 14:45:00+00:00,0.31
38.06,37.981844494805046,0.1,0.06,9.77,-3.91,-40.0,SL,INTC,2025-11-04 15:00:00+00:00,0.33
37.805,37.846000770269086,0.1,0.12,10.25,2.05,20.0,TP,INTC,2025-11-04 15:15:00+00:00,0.34
37.945,37.98581500096415,0.1,0.12,10.2,2.04,20.0,TP,INTC,2025-11-04 15:30:00+00:00,0.34
37.945,37.86671499820943,0.1,0.06,9.79,-3.91,-40.0,SL,INTC,2025-11-04 15:45:00+00:00,0.33
37.555,37.47450678405161,0.1,0.06,10.06,-4.02,-40.0,SL,INTC,2025-11-04 16:00:00+00:00,0.34
37.59,37.629300421690324,0.1,0.12,9.83,1.97,20.0,TP,INTC,2025-11-04 16:15:00+00:00,0.33
37.69,37.72799324871244,0.09,0.11,9.5,1.9,20.0,TP,INTC,2025-11-04 16:30:00+00:00,0.32
37.74,37.66592682381975,0.09,0.06,9.26,-3.7,-40.0,SL,INTC,2025-11-04 16:45:00+00:00,0.31
37.27,37.2996478744916,0.07,0.09,7.41,1.48,20.0,TP,INTC,2025-11-04 19:45:00+00:00,0.25
36.565,36.59661024886007,0.08,0.09,7.9,1.58,20.0,TP,INTC,2025-11-13 14:45:00+00:00,0.26
36.69,36.62443810925987,0.08,0.05,8.2,-3.28,-40.0,SL,INTC,2025-11-13 15:00:00+00:00,0.27
35.84,35.7754594111254,0.08,0.05,8.07,-3.23,-40.0,SL,INTC,2025-11-13 18:30:00+00:00,0.27
35.68,35.61398373890215,0.08,0.05,8.25,-3.3,-40.0,SL,INTC,2025-11-13 18:45:00+00:00,0.28
35.71,35.64475632898057,0.08,0.05,8.16,-3.26,-40.0,SL,INTC,2025-11-13 19:00:00+00:00,0.27
34.85,34.889893370960024,0.1,0.12,9.97,1.99,20.0,TP,INTC,2025-11-14 14:45:00+00:00,0.33
34.38,34.32398940872157,0.07,0.04,7.0,-2.8,-40.0,SL,INTC,2025-11-17 20:00:00+00:00,0.23
34.3,34.243961593812884,0.07,0.04,7.0,-2.8,-40.0,SL,INTC,2025-11-17 20:15:00+00:00,0.23
225.3,225.4790366143336,0.45,0.54,44.76,8.95,20.0,TP,MU,2025-11-05 14:30:00+00:00,1.49
234.795,234.17679777881685,0.77,0.46,77.28,-30.91,-40.0,SL,MU,2025-11-18 14:45:00+00:00,2.58
230.465,229.79426936604423,0.84,0.5,83.84,-33.54,-40.0,SL,MU,2025-11-18 15:00:00+00:00,2.79
229.54,228.8412358398982,0.87,0.52,87.35,-34.94,-40.0,SL,MU,2025-11-18 15:15:00+00:00,2.91
228.62,228.97404050290442,0.89,1.06,88.51,17.7,20.0,TP,MU,2025-11-18 15:30:00+00:00,2.95
230.1,229.3908962088918,0.89,0.53,88.64,-35.46,-40.0,SL,MU,2025-11-18 15:45:00+00:00,2.95
227.67,226.97014647968524,0.87,0.52,87.48,-34.99,-40.0,SL,MU,2025-11-18 16:00:00+00:00,2.92
228.66,227.94190744542203,0.9,0.54,89.76,-35.9,-40.0,SL,MU,2025-11-18 16:15:00+00:00,2.99
195.88,195.04696405387944,1.04,0.62,104.13,-41.65,-40.0,SL,MU,2025-11-21 15:30:00+00:00,3.47
195.77,194.93183805003093,1.05,0.63,104.77,-41.91,-40.0,SL,MU,2025-11-21 15:45:00+00:00,3.49
194.75,193.91479247502872,1.04,0.63,104.4,-41.76,-40.0,SL,MU,2025-11-21 16:00:00+00:00,3.48
229.66,229.18459889589045,0.59,0.36,59.43,-23.77,-40.0,SL,MU,2025-12-03 14:45:00+00:00,1.98
120.95,121.15082631055749,0.5,0.6,50.21,10.04,20.0,TP,CRWV,2025-10-21 13:45:00+00:00,1.67
116.8,116.98387145050297,0.46,0.55,45.97,9.19,20.0,TP,CRWV,2025-10-22 14:45:00+00:00,1.53
119.58,119.742591158088,0.41,0.49,40.65,8.13,20.0,TP,CRWV,2025-11-04 14:45:00+00:00,1.35
115.99,115.66619312062436,0.4,0.24,40.48,-16.19,-40.0,SL,CRWV,2025-11-04 18:00:00+00:00,1.35
115.325,115.48232462256726,0.39,0.47,39.33,7.87,20.0,TP,CRWV,2025-11-04 18:15:00+00:00,1.31
115.68,115.8353442923839,0.39,0.47,38.84,7.77,20.0,TP,CRWV,2025-11-04 18:30:00+00:00,1.29
106.5,106.13758418294891,0.45,0.27,45.3,-18.12,-40.0,SL,CRWV,2025-11-06 15:45:00+00:00,1.51
105.91,105.52992816988113,0.48,0.29,47.51,-19.0,-40.0,SL,CRWV,2025-11-06 16:00:00+00:00,1.58
105.5,105.1154931668873,0.48,0.29,48.06,-19.23,-40.0,SL,CRWV,2025-11-06 16:30:00+00:00,1.6
104.55,104.73777817251661,0.47,0.56,46.94,9.39,20.0,TP,CRWV,2025-11-06 16:45:00+00:00,1.56
95.07,94.58259027536768,0.61,0.37,60.93,-24.37,-40.0,SL,CRWV,2025-11-11 14:45:00+00:00,2.03
92.85,92.34580525569855,0.63,0.38,63.02,-25.21,-40.0,SL,CRWV,2025-11-11 15:00:00+00:00,2.1
91.39,90.87321916600581,0.65,0.39,64.6,-25.84,-40.0,SL,CRWV,2025-11-11 15:15:00+00:00,2.15
90.34,90.59827681578302,0.65,0.77,64.57,12.91,20.0,TP,CRWV,2025-11-11 15:30:00+00:00,2.15
91.55,91.04702877068867,0.63,0.38,62.87,-25.15,-40.0,SL,CRWV,2025-11-11 15:45:00+00:00,2.1
91.73,91.24444100135378,0.61,0.36,60.69,-24.28,-40.0,SL,CRWV,2025-11-11 16:00:00+00:00,2.02
90.34,90.58330953508575,0.61,0.73,60.83,12.17,20.0,TP,CRWV,2025-11-11 16:15:00+00:00,2.03
80.875,80.58707667613255,0.36,0.22,35.99,-14.4,-40.0,SL,CRWV,2025-11-13 14:45:00+00:00,1.2
81.125,80.83707119926595,0.36,0.22,35.99,-14.4,-40.0,SL,CRWV,2025-11-13 15:00:00+00:00,1.2
81.5,81.1995518278898,0.38,0.23,37.56,-15.02,-40.0,SL,CRWV,2025-11-13 15:15:00+00:00,1.25
80.25,79.93981241161197,0.39,0.23,38.77,-15.51,-40.0,SL,CRWV,2025-11-13 15:30:00+00:00,1.29
80.89,80.57659723935396,0.39,0.24,39.18,-15.67,-40.0,SL,CRWV,2025-11-13 15:45:00+00:00,1.31
80.76,80.44206886511441,0.4,0.24,39.74,-15.9,-40.0,SL,CRWV,2025-11-13 16:00:00+00:00,1.32
80.47,80.16380680332051,0.38,0.23,38.27,-15.31,-40.0,SL,CRWV,2025-11-13 16:15:00+00:00,1.28
80.65,80.34947774594048,0.38,0.23,37.57,-15.03,-40.0,SL,CRWV,2025-11-13 16:30:00+00:00,1.25
80.565,80.26965790694473,0.37,0.22,36.92,-14.77,-40.0,SL,CRWV,2025-11-13 16:45:00+00:00,1.23
78.17,77.89885062373324,0.34,0.2,33.89,-13.56,-40.0,SL,CRWV,2025-11-13 18:30:00+00:00,1.13
77.4,77.53121748900476,0.33,0.39,32.8,6.56,20.0,TP,CRWV,2025-11-13 19:15:00+00:00,1.09
73.94,73.62312558471724,0.4,0.24,39.61,-15.84,-40.0,SL,CRWV,2025-11-14 15:15:00+00:00,1.32
68.42,68.09465991328356,0.41,0.24,40.67,-16.27,-40.0,SL,CRWV,2025-11-21 15:15:00+00:00,1.36
66.03,66.20290789740406,0.43,0.52,43.23,8.65,20.0,TP,CRWV,2025-11-21 15:30:00+00:00,1.44
65.895,65.54059352386442,0.44,0.27,44.3,-17.72,-40.0,SL,CRWV,2025-11-21 16:00:00+00:00,1.48
66.52,66.25333415574022,0.33,0.2,33.33,-13.33,-40.0,SL,CRWV,2025-11-25 14:45:00+00:00,1.11
229.59,229.20081025367227,0.49,0.29,48.65,-19.46,-40.0,SL,NET,2025-11-05 14:45:00+00:00,1.62
223.06,223.26811086737303,0.52,0.62,52.03,10.41,20.0,TP,NET,2025-11-06 16:00:00+00:00,1.73
233.0,232.71398858368647,0.36,0.21,35.75,-14.3,-40.0,SL,NET,2025-11-12 15:00:00+00:00,1.19
230.95,231.09890530043126,0.37,0.45,37.23,7.45,20.0,TP,NET,2025-11-12 15:15:00+00:00,1.24
228.115,227.7594013520062,0.44,0.27,44.45,-17.78,-40.0,SL,NET,2025-11-12 16:00:00+00:00,1.48
226.59,226.22842982686288,0.45,0.27,45.2,-18.08,-40.0,SL,NET,2025-11-12 16:15:00+00:00,1.51
227.0,226.64934198208695,0.44,0.26,43.83,-17.53,-40.0,SL,NET,2025-11-12 16:30:00+00:00,1.46
225.57,225.22261755479502,0.43,0.26,43.42,-17.37,-40.0,SL,NET,2025-11-12 16:45:00+00:00,1.45
225.385,225.54342979211367,0.4,0.48,39.61,7.92,20.0,TP,NET,2025-11-12 18:00:00+00:00,1.32
223.985,224.13611289232773,0.38,0.45,37.78,7.56,20.0,TP,NET,2025-11-12 19:15:00+00:00,1.26
224.41,224.5567476857329,0.37,0.44,36.69,7.34,20.0,TP,NET,2025-11-12 19:30:00+00:00,1.22
222.4,222.05647266056312,0.43,0.26,42.94,-17.18,-40.0,SL,NET,2025-11-13 14:45:00+00:00,1.43
215.98,215.60808803585826,0.46,0.28,46.49,-18.6,-40.0,SL,NET,2025-11-13 18:00:00+00:00,1.55
215.6,215.23845317615408,0.45,0.27,45.19,-18.08,-40.0,SL,NET,2025-11-13 18:15:00+00:00,1.51
213.84,214.02157531107133,0.45,0.54,45.39,9.08,20.0,TP,NET,2025-11-13 18:30:00+00:00,1.51
213.91,213.56164585086756,0.44,0.26,43.54,-17.42,-40.0,SL,NET,2025-11-13 18:45:00+00:00,1.45
213.84,214.01082156924005,0.43,0.51,42.71,8.54,20.0,TP,NET,2025-11-13 19:00:00+00:00,1.42
213.75,213.9172771714372,0.42,0.5,41.82,8.36,20.0,TP,NET,2025-11-13 19:15:00+00:00,1.39
208.3,208.51517816267634,0.54,0.65,53.79,10.76,20.0,TP,NET,2025-11-14 14:45:00+00:00,1.79
209.43,208.99249769788682,0.55,0.33,54.69,-21.88,-40.0,SL,NET,2025-11-14 15:00:00+00:00,1.82
208.0,208.21594035455254,0.54,0.65,53.99,10.8,20.0,TP,NET,2025-11-14 15:15:00+00:00,1.8
206.08,206.2523771658053,0.43,0.52,43.09,8.62,20.0,TP,NET,2025-11-17 14:45:00+00:00,1.44
197.87,197.37993383071597,0.61,0.37,61.26,-24.5,-40.0,SL,NET,2025-11-18 14:45:00+00:00,2.04
195.65,195.11042427137912,0.67,0.4,67.45,-26.98,-40.0,SL,NET,2025-11-18 15:00:00+00:00,2.25
194.89,194.35245110913772,0.67,0.4,67.19,-26.88,-40.0,SL,NET,2025-11-18 15:15:00+00:00,2.24
195.415,194.87796174419933,0.67,0.4,67.13,-26.85,-40.0,SL,NET,2025-11-18 15:30:00+00:00,2.24
194.77,195.03498204733603,0.66,0.79,66.25,13.25,20.0,TP,NET,2025-11-18 15:45:00+00:00,2.21
183.25,182.77183783895367,0.6,0.36,59.77,-23.91,-40.0,SL,NET,2025-11-21 15:30:00+00:00,1.99
747.73,747.9576098476574,0.57,0.68,56.9,11.38,20.0,TP,GS,2025-10-22 14:30:00+00:00,1.9
765.865,766.3220911334445,1.14,1.37,114.27,22.85,20.0,TP,GS,2025-11-07 16:30:00+00:00,3.81
808.0,807.2084970027128,0.99,0.59,98.94,-39.58,-40.0,SL,GS,2025-11-13 20:30:00+00:00,3.3
786.04,786.6907763632449,1.63,1.95,162.69,32.54,20.0,TP,GS,2025-11-14 15:15:00+00:00,5.42
777.06,776.3339880487438,0.91,0.54,90.75,-36.3,-40.0,SL,GS,2025-11-17 19:30:00+00:00,3.03
774.79,774.0640746166907,0.91,0.54,90.74,-36.3,-40.0,SL,GS,2025-11-17 19:45:00+00:00,3.02
771.045,771.4083510708222,0.91,1.09,90.84,18.17,20.0,TP,GS,2025-11-17 20:00:00+00:00,3.03
772.45,772.8099402800492,0.9,1.08,89.99,18.0,20.0,TP,GS,2025-11-17 20:15:00+00:00,3.0
239.245,238.97161914640648,0.34,0.21,34.17,-13.67,-40.0,SL,FSLR,2025-10-28 18:45:00+00:00,1.14
238.89,238.61864834717747,0.34,0.2,33.92,-13.57,-40.0,SL,FSLR,2025-10-28 19:30:00+00:00,1.13
238.21,237.92245917952198,0.36,0.22,35.94,-14.38,-40.0,SL,FSLR,2025-10-28 19:45:00+00:00,1.2
258.15,258.45801601695155,0.77,0.92,77.0,15.4,20.0,TP,FSLR,2025-11-07 14:45:00+00:00,2.57
246.3,246.5807163645831,0.7,0.84,70.18,14.04,20.0,TP,FSLR,2025-11-14 14:45:00+00:00,2.34
256.03,255.65049057928502,0.47,0.28,47.44,-18.98,-40.0,SL,FSLR,2025-12-03 14:45:00+00:00,1.58
255.66,255.28171268076468,0.47,0.28,47.29,-18.91,-40.0,SL,FSLR,2025-12-03 15:00:00+00:00,1.58
253.215,253.42106196964497,0.52,0.62,51.52,10.3,20.0,TP,FSLR,2025-12-03 15:15:00+00:00,1.72
95.695,95.55998104012208,0.17,0.1,16.88,-6.75,-40.0,SL,UAL,2025-10-23 13:45:00+00:00,0.56
95.28,95.14091096582766,0.17,0.1,17.39,-6.95,-40.0,SL,UAL,2025-10-23 14:00:00+00:00,0.58
94.59,94.4412173254114,0.19,0.11,18.6,-7.44,-40.0,SL,UAL,2025-10-23 14:15:00+00:00,0.62
93.98,93.82127323073915,0.2,0.12,19.84,-7.94,-40.0,SL,UAL,2025-10-23 14:30:00+00:00,0.66
96.46,96.35045221845573,0.14,0.08,13.69,-5.48,-40.0,SL,UAL,2025-10-28 14:15:00+00:00,0.46
95.32,95.3754820144787,0.14,0.17,13.87,2.77,20.0,TP,UAL,2025-10-28 19:15:00+00:00,0.46
94.815,94.70193407707242,0.14,0.08,14.13,-5.65,-40.0,SL,UAL,2025-10-28 19:45:00+00:00,0.47
91.0,90.84813760262092,0.19,0.11,18.98,-7.59,-40.0,SL,UAL,2025-11-04 18:45:00+00:00,0.63
91.1,90.9486992024337,0.19,0.11,18.91,-7.57,-40.0,SL,UAL,2025-11-04 19:00:00+00:00,0.63
90.92,90.99418965601292,0.19,0.22,18.55,3.71,20.0,TP,UAL,2025-11-04 19:15:00+00:00,0.62
90.98,91.0514053666642,0.18,0.21,17.85,3.57,20.0,TP,UAL,2025-11-04 19:45:00+00:00,0.6
93.82,93.67750997522616,0.18,0.11,17.81,-7.12,-40.0,SL,UAL,2025-11-11 16:30:00+00:00,0.59
95.31,95.38389856783898,0.18,0.22,18.47,3.69,20.0,TP,UAL,2025-11-14 14:45:00+00:00,0.62
86.515,86.1092237109976,0.51,0.3,50.72,-20.29,-40.0,SL,EBAY,2025-10-30 14:00:00+00:00,1.69
86.65,86.84863899132255,0.5,0.6,49.66,9.93,20.0,TP,EBAY,2025-10-30 14:15:00+00:00,1.66
86.47,86.07624187325813,0.49,0.3,49.22,-19.69,-40.0,SL,EBAY,2025-10-30 14:30:00+00:00,1.64
85.675,85.28853888231112,0.48,0.29,48.31,-19.32,-40.0,SL,EBAY,2025-10-30 14:45:00+00:00,1.61
85.26,84.88348610500319,0.47,0.28,47.06,-18.83,-40.0,SL,EBAY,2025-10-30 15:00:00+00:00,1.57
84.58,84.76338145124852,0.46,0.55,45.85,9.17,20.0,TP,EBAY,2025-10-30 15:15:00+00:00,1.53
84.98,84.6224630191099,0.45,0.27,44.69,-17.88,-40.0,SL,EBAY,2025-10-30 15:30:00+00:00,1.49
84.97,85.055,0.43,0.47,42.51,4.25,10.0,EOD,EBAY,2025-10-30 15:45:00+00:00,1.42
85.08,85.24225446370006,0.41,0.49,40.56,8.11,20.0,TP,EBAY,2025-10-30 16:00:00+00:00,1.35
82.1,82.2192080591794,0.3,0.36,29.8,5.96,20.0,TP,EBAY,2025-10-31 13:45:00+00:00,0.99
81.92,81.68932487753756,0.29,0.17,28.83,-11.53,-40.0,SL,EBAY,2025-10-31 14:15:00+00:00,0.96
81.235,81.34908487828613,0.29,0.34,28.52,5.7,20.0,TP,EBAY,2025-10-31 14:30:00+00:00,0.95
84.6,84.51107024064117,0.11,0.07,11.12,-4.45,-40.0,SL,EBAY,2025-11-14 14:30:00+00:00,0.37
82.24,82.17280631620456,0.08,0.05,8.4,-3.36,-40.0,SL,EBAY,2025-11-17 19:45:00+00:00,0.28
82.08,82.01537729361853,0.08,0.05,8.08,-3.23,-40.0,SL,EBAY,2025-11-17 20:00:00+00:00,0.27
82.19,82.22248911367711,0.08,0.1,8.12,1.62,20.0,TP,EBAY,2025-11-17 20:15:00+00:00,0.27
80.7,80.74427136330698,0.11,0.13,11.07,2.21,20.0,TP,EBAY,2025-11-19 15:45:00+00:00,0.37
80.65,80.55877444136807,0.11,0.07,11.4,-4.56,-40.0,SL,EBAY,2025-12-01 14:45:00+00:00,0.38
80.695,80.60231912412749,0.12,0.07,11.59,-4.63,-40.0,SL,EBAY,2025-12-01 15:00:00+00:00,0.39
161.04,160.87736997510697,0.2,0.12,20.33,-8.13,-40.0,SL,MS,2025-11-07 15:45:00+00:00,0.68
160.75,160.59024354831362,0.2,0.12,19.97,-7.99,-40.0,SL,MS,2025-11-07 16:00:00+00:00,0.67
159.4,159.2284261520055,0.21,0.13,21.45,-8.58,-40.0,SL,MS,2025-11-07 16:15:00+00:00,0.71
159.495,159.32188142686226,0.22,0.13,21.64,-8.66,-40.0,SL,MS,2025-11-07 16:30:00+00:00,0.72
158.91,158.73244703922924,0.22,0.13,22.19,-8.88,-40.0,SL,MS,2025-11-07 16:45:00+00:00,0.74
162.07,161.8373502363128,0.29,0.17,29.08,-11.63,-40.0,SL,MS,2025-11-14 15:00:00+00:00,0.97
160.94,161.05898739028333,0.3,0.36,29.75,5.95,20.0,TP,MS,2025-11-14 15:15:00+00:00,0.99
160.38,160.23851772929044,0.18,0.11,17.69,-7.07,-40.0,SL,MS,2025-11-17 19:30:00+00:00,0.59
159.75,159.6037093200554,0.18,0.11,18.29,-7.31,-40.0,SL,MS,2025-11-17 19:45:00+00:00,0.61
158.965,158.81330151148,0.19,0.11,18.96,-7.58,-40.0,SL,MS,2025-11-17 20:00:00+00:00,0.63
158.97,159.04574572681284,0.19,0.23,18.94,3.79,20.0,TP,MS,2025-11-17 20:15:00+00:00,0.63
158.77,158.5947179964244,0.22,0.13,21.91,-8.76,-40.0,SL,MS,2025-11-18 15:00:00+00:00,0.73
158.06,158.15012378737438,0.23,0.27,22.53,4.51,20.0,TP,MS,2025-11-18 15:15:00+00:00,0.75
96.745,96.6577049154956,0.11,0.07,10.91,-4.36,-40.0,SL,C,2025-10-22 14:15:00+00:00,0.36
96.61,96.5194259929602,0.11,0.07,11.32,-4.53,-40.0,SL,C,2025-10-22 14:30:00+00:00,0.38
96.095,96.00275270774875,0.12,0.07,11.53,-4.61,-40.0,SL,C,2025-10-22 14:45:00+00:00,0.38
95.33,95.38014719473226,0.13,0.15,12.54,2.51,20.0,TP,C,2025-10-22 18:00:00+00:00,0.42
98.24,98.10830519067662,0.16,0.1,16.46,-6.58,-40.0,SL,C,2025-11-07 16:00:00+00:00,0.55
97.51,97.578772590043,0.17,0.21,17.19,3.44,20.0,TP,C,2025-11-07 16:15:00+00:00,0.57
99.16,99.22434159492038,0.16,0.19,16.09,3.22,20.0,TP,C,2025-11-14 14:45:00+00:00,0.54
97.845,97.74799653475753,0.12,0.07,12.13,-4.85,-40.0,SL,C,2025-11-17 19:45:00+00:00,0.4
97.34,97.24118249656057,0.12,0.07,12.35,-4.94,-40.0,SL,C,2025-11-17 20:00:00+00:00,0.41
97.37,97.41896526945403,0.12,0.15,12.24,2.45,20.0,TP,C,2025-11-17 20:15:00+00:00,0.41
96.68,96.55245750154468,0.16,0.1,15.94,-6.38,-40.0,SL,C,2025-11-18 15:30:00+00:00,0.53
161.71,161.33030526244974,0.47,0.28,47.46,-18.98,-40.0,SL,SHOP,2025-11-04 18:30:00+00:00,1.58
162.16,161.78779774370332,0.47,0.28,46.53,-18.61,-40.0,SL,SHOP,2025-11-04 18:45:00+00:00,1.55
158.1,158.2962089810179,0.49,0.59,49.05,9.81,20.0,TP,SHOP,2025-11-05 14:45:00+00:00,1.64
156.915,157.0750144207143,0.4,0.48,40.0,8.0,20.0,TP,SHOP,2025-11-06 15:45:00+00:00,1.33
157.42,157.57887053352042,0.4,0.48,39.72,7.94,20.0,TP,SHOP,2025-11-06 16:00:00+00:00,1.32
151.925,151.60813973316988,0.4,0.24,39.61,-15.84,-40.0,SL,SHOP,2025-11-07 14:45:00+00:00,1.32
150.075,149.74100118080057,0.42,0.25,41.75,-16.7,-40.0,SL,SHOP,2025-11-07 15:00:00+00:00,1.39
150.055,149.70534395360053,0.44,0.26,43.71,-17.48,-40.0,SL,SHOP,2025-11-07 15:15:00+00:00,1.46
149.82,149.98984030725688,0.42,0.51,42.46,8.49,20.0,TP,SHOP,2025-11-07 15:30:00+00:00,1.42
149.8,149.96499457102428,0.41,0.49,41.25,8.25,20.0,TP,SHOP,2025-11-07 15:45:00+00:00,1.37
149.63,149.3058386538121,0.41,0.24,40.52,-16.21,-40.0,SL,SHOP,2025-11-07 16:00:00+00:00,1.35
148.835,148.51590732139695,0.4,0.24,39.89,-15.95,-40.0,SL,SHOP,2025-11-07 16:15:00+00:00,1.33
148.555,148.24584251272574,0.39,0.23,38.64,-15.46,-40.0,SL,SHOP,2025-11-07 16:30:00+00:00,1.29
148.3,147.99715376181678,0.38,0.23,37.86,-15.14,-40.0,SL,SHOP,2025-11-07 16:45:00+00:00,1.26
150.59,150.72565416074102,0.34,0.41,33.91,6.78,20.0,TP,SHOP,2025-11-13 14:45:00+00:00,1.13
151.315,151.0352994157667,0.35,0.21,34.96,-13.99,-40.0,SL,SHOP,2025-11-13 15:00:00+00:00,1.17
149.28,148.98182920693756,0.37,0.22,37.27,-14.91,-40.0,SL,SHOP,2025-11-13 16:00:00+00:00,1.24
148.87,149.0170935824933,0.37,0.44,36.77,7.35,20.0,TP,SHOP,2025-11-13 16:15:00+00:00,1.23
149.185,148.89845477536963,0.36,0.21,35.82,-14.33,-40.0,SL,SHOP,2025-11-13 16:30:00+00:00,1.19
148.79,148.93152456857837,0.35,0.42,35.38,7.08,20.0,TP,SHOP,2025-11-13 16:45:00+00:00,1.18
147.07,147.19851356696833,0.32,0.39,32.13,6.43,20.0,TP,SHOP,2025-11-13 18:00:00+00:00,1.07
147.32,147.07370337563023,0.31,0.18,30.79,-12.31,-40.0,SL,SHOP,2025-11-13 18:15:00+00:00,1.03
145.87,145.61901027737093,0.31,0.19,31.37,-12.55,-40.0,SL,SHOP,2025-11-13 18:30:00+00:00,1.05
145.45,145.194309543273,0.32,0.19,31.96,-12.78,-40.0,SL,SHOP,2025-11-13 18:45:00+00:00,1.07
145.08,144.83048743303925,0.31,0.19,31.19,-12.48,-40.0,SL,SHOP,2025-11-13 19:00:00+00:00,1.04
144.32,144.44625940608893,0.32,0.38,31.56,6.31,20.0,TP,SHOP,2025-11-13 19:15:00+00:00,1.05
145.04,145.16801754912768,0.32,0.38,32.0,6.4,20.0,TP,SHOP,2025-11-13 19:45:00+00:00,1.07
139.155,138.91345857724238,0.3,0.18,30.19,-12.08,-40.0,SL,SHOP,2025-11-17 20:00:00+00:00,1.01
137.4,137.53626803515644,0.34,0.41,34.07,6.81,20.0,TP,SHOP,2025-11-18 14:45:00+00:00,1.14
152.87,153.00600927426055,0.34,0.41,34.0,6.8,20.0,TP,SHOP,2025-12-01 14:45:00+00:00,1.13
153.4,153.1947521791738,0.26,0.15,25.66,-10.26,-40.0,SL,SHOP,2025-12-02 14:30:00+00:00,0.86
33.945,33.97235657388306,0.07,0.08,6.84,1.37,20.0,TP,PINS,2025-10-28 14:30:00+00:00,0.23
32.61,32.55248362847909,0.07,0.04,7.19,-2.88,-40.0,SL,PINS,2025-10-29 13:45:00+00:00,0.24
26.0,25.98,0.12,0.11,12.47,-1.0,-8.0,EOD,PINS,2025-11-05 18:00:00+00:00,0.42
25.98,25.88540903653097,0.12,0.07,11.82,-4.73,-40.0,SL,PINS,2025-11-05 18:15:00+00:00,0.39
25.895,25.80854146517211,0.11,0.06,10.81,-4.32,-40.0,SL,PINS,2025-11-05 18:45:00+00:00,0.36
26.25,26.275063617489977,0.06,0.08,6.27,1.25,20.0,TP,PINS,2025-11-14 14:45:00+00:00,0.21
26.26,26.209767567518618,0.06,0.04,6.28,-2.51,-40.0,SL,PINS,2025-11-14 15:00:00+00:00,0.21
26.28,26.305379343652074,0.06,0.08,6.34,1.27,20.0,TP,PINS,2025-11-14 15:15:00+00:00,0.21
25.485,25.449427888139667,0.04,0.03,4.45,-1.78,-40.0,SL,PINS,2025-11-17 19:30:00+00:00,0.15
25.44,25.406095474977572,0.04,0.03,4.24,-1.7,-40.0,SL,PINS,2025-11-17 20:00:00+00:00,0.14
25.27,25.23332662802487,0.05,0.03,4.58,-1.83,-40.0,SL,PINS,2025-11-18 14:45:00+00:00,0.15
25.21,25.22942692270274,0.05,0.06,4.86,0.97,20.0,TP,PINS,2025-11-18 15:00:00+00:00,0.16
25.22,25.1800642864092,0.05,0.03,4.99,-2.0,-40.0,SL,PINS,2025-11-18 15:15:00+00:00,0.17
274.61,274.3692449459056,0.3,0.18,30.09,-12.04,-40.0,SL,BURL,2025-11-17 19:30:00+00:00,1.0
273.86,273.6181845926267,0.3,0.18,30.23,-12.09,-40.0,SL,BURL,2025-11-17 19:45:00+00:00,1.01
272.425,272.55347143913764,0.32,0.39,32.12,6.42,20.0,TP,BURL,2025-11-17 20:00:00+00:00,1.07
273.27,273.39418062205635,0.31,0.37,31.05,6.21,20.0,TP,BURL,2025-11-17 20:15:00+00:00,1.03
254.24,253.27516911706647,1.21,0.72,120.6,-48.24,-40.0,SL,BURL,2025-11-25 15:30:00+00:00,4.02
258.76,257.773057037276,1.23,0.74,123.37,-49.35,-40.0,SL,BURL,2025-11-25 15:45:00+00:00,4.11
255.84,256.30254632831725,1.16,1.39,115.64,23.13,20.0,TP,BURL,2025-11-25 16:15:00+00:00,3.85
249.44,249.78174413348154,0.85,1.03,85.44,17.09,20.0,TP,BURL,2025-11-25 19:45:00+00:00,2.85
247.54,247.73316887250127,0.48,0.58,48.29,9.66,20.0,TP,BURL,2025-12-01 14:45:00+00:00,1.61
246.92,247.1098282387512,0.47,0.57,47.46,9.49,20.0,TP,BURL,2025-12-01 15:00:00+00:00,1.58
247.28,246.89163327089065,0.49,0.29,48.55,-19.42,-40.0,SL,BURL,2025-12-01 15:15:00+00:00,1.62
247.025,246.64474518011275,0.48,0.29,47.53,-19.01,-40.0,SL,BURL,2025-12-01 15:30:00+00:00,1.58
246.13,246.3146897378048,0.46,0.55,46.17,9.23,20.0,TP,BURL,2025-12-01 15:45:00+00:00,1.54
242.58,242.28595484560867,0.37,0.22,36.76,-14.7,-40.0,SL,BURL,2025-12-01 20:45:00+00:00,1.23
244.01,243.71252949949374,0.37,0.22,37.18,-14.87,-40.0,SL,BURL,2025-12-02 14:30:00+00:00,1.24
272.03,272.346800642909,0.79,0.95,79.2,15.84,20.0,TP,IBM,2025-10-23 13:45:00+00:00,2.64
306.5,306.64940374832884,0.37,0.45,37.35,7.47,20.0,TP,IBM,2025-10-30 13:45:00+00:00,1.25
308.69,308.3913786271959,0.37,0.22,37.33,-14.93,-40.0,SL,IBM,2025-11-13 18:00:00+00:00,1.24
308.045,307.7523658681105,0.37,0.22,36.58,-14.63,-40.0,SL,IBM,2025-11-13 18:15:00+00:00,1.22
306.54,306.24092544895973,0.37,0.22,37.38,-14.95,-40.0,SL,IBM,2025-11-13 18:30:00+00:00,1.25
307.005,306.705430774034,0.37,0.22,37.45,-14.98,-40.0,SL,IBM,2025-11-13 18:45:00+00:00,1.25
306.59,306.2983714330316,0.36,0.22,36.45,-14.58,-40.0,SL,IBM,2025-11-13 19:00:00+00:00,1.22
306.06,306.2026418346639,0.36,0.43,35.66,7.13,20.0,TP,IBM,2025-11-13 19:15:00+00:00,1.19
306.51,306.2320651641956,0.35,0.21,34.74,-13.9,-40.0,SL,IBM,2025-11-13 19:30:00+00:00,1.16
306.17,305.89631765246736,0.34,0.21,34.21,-13.68,-40.0,SL,IBM,2025-11-13 19:45:00+00:00,1.14
305.7,305.42460924871966,0.34,0.21,34.42,-13.77,-40.0,SL,IBM,2025-11-13 20:00:00+00:00,1.15
304.97,304.69293715952546,0.35,0.21,34.63,-13.85,-40.0,SL,IBM,2025-11-13 20:15:00+00:00,1.15
303.85,303.9897363187918,0.35,0.42,34.93,6.99,20.0,TP,IBM,2025-11-13 20:30:00+00:00,1.16
301.86,301.4688508072992,0.49,0.29,48.89,-19.56,-40.0,SL,IBM,2025-11-14 14:45:00+00:00,1.63
301.25,300.84067574963495,0.51,0.31,51.17,-20.47,-40.0,SL,IBM,2025-11-14 15:00:00+00:00,1.71
300.96,301.1651291162409,0.51,0.62,51.28,10.26,20.0,TP,IBM,2025-11-14 15:15:00+00:00,1.71
298.1,297.85547364353556,0.31,0.18,30.57,-12.23,-40.0,SL,IBM,2025-11-17 19:00:00+00:00,1.02
297.95,297.7081969547116,0.3,0.18,30.23,-12.09,-40.0,SL,IBM,2025-11-17 19:15:00+00:00,1.01
297.715,297.4731543150893,0.3,0.18,30.23,-12.09,-40.0,SL,IBM,2025-11-17 19:30:00+00:00,1.01
297.41,297.16751472115436,0.3,0.18,30.31,-12.12,-40.0,SL,IBM,2025-11-17 19:45:00+00:00,1.01
297.11,296.87343509821477,0.3,0.18,29.57,-11.83,-40.0,SL,IBM,2025-11-17 20:00:00+00:00,0.99
297.14,296.90327544834224,0.3,0.18,29.59,-11.84,-40.0,SL,IBM,2025-11-17 20:15:00+00:00,0.99
297.3,297.06929863060356,0.29,0.17,28.84,-11.54,-40.0,SL,IBM,2025-11-17 20:30:00+00:00,0.96
297.33,297.0976058712747,0.29,0.17,29.05,-11.62,-40.0,SL,IBM,2025-11-17 20:45:00+00:00,0.97
296.1,295.8717768804694,0.29,0.17,28.53,-11.41,-40.0,SL,IBM,2025-11-18 14:30:00+00:00,0.95
291.95,291.59125805609864,0.45,0.27,44.84,-17.94,-40.0,SL,IBM,2025-11-18 15:30:00+00:00,1.49
291.48,291.65924447395423,0.45,0.54,44.81,8.96,20.0,TP,IBM,2025-11-18 15:45:00+00:00,1.49
291.965,291.5859174055136,0.47,0.28,47.39,-18.95,-40.0,SL,IBM,2025-11-18 16:00:00+00:00,1.58
291.915,292.10184549029725,0.47,0.56,46.71,9.34,20.0,TP,IBM,2025-11-18 16:15:00+00:00,1.56
288.95,288.6634282723336,0.36,0.21,35.82,-14.33,-40.0,SL,IBM,2025-11-19 15:15:00+00:00,1.19
288.31,288.4551368735594,0.36,0.44,36.28,7.26,20.0,TP,IBM,2025-11-19 15:30:00+00:00,1.21
13.025,13.006341491781715,0.02,0.01,2.33,-0.93,-40.0,SL,AAL,2025-10-28 13:45:00+00:00,0.08
13.05,13.030017099511593,0.02,0.01,2.5,-1.0,-40.0,SL,AAL,2025-10-28 14:00:00+00:00,0.08
12.975,12.954644449546478,0.03,0.02,2.54,-1.02,-40.0,SL,AAL,2025-10-28 14:15:00+00:00,0.08
13.0,13.010179362710565,0.03,0.03,2.54,0.51,20.0,TP,AAL,2025-10-28 14:30:00+00:00,0.08
12.975,12.984484246418802,0.02,0.03,2.37,0.47,20.0,TP,AAL,2025-10-28 15:00:00+00:00,0.08
12.82,12.828583302500629,0.02,0.03,2.15,0.43,20.0,TP,AAL,2025-10-28 18:45:00+00:00,0.07
12.72,12.728827439401053,0.02,0.03,2.21,0.44,20.0,TP,AAL,2025-10-28 19:15:00+00:00,0.07
12.725,12.708006183969472,0.02,0.01,2.12,-0.85,-40.0,SL,AAL,2025-10-28 19:30:00+00:00,0.07
12.665,12.673489986014172,0.02,0.03,2.12,0.42,20.0,TP,AAL,2025-10-28 19:45:00+00:00,0.07
12.72,12.703032883116537,0.02,0.01,2.12,-0.85,-40.0,SL,AAL,2025-10-29 13:30:00+00:00,0.07
12.6,12.578497192737869,0.03,0.02,2.69,-1.08,-40.0,SL,AAL,2025-11-04 18:45:00+00:00,0.09
12.64,12.618575964685164,0.03,0.02,2.68,-1.07,-40.0,SL,AAL,2025-11-04 19:00:00+00:00,0.09
12.6,12.610246873539031,0.03,0.03,2.56,0.51,20.0,TP,AAL,2025-11-04 19:15:00+00:00,0.09
12.56,12.570243477694369,0.03,0.03,2.56,0.51,20.0,TP,AAL,2025-11-04 19:45:00+00:00,0.09
13.02,12.99936332092762,0.03,0.02,2.58,-1.03,-40.0,SL,AAL,2025-11-11 16:30:00+00:00,0.09
12.79,12.80004797605986,0.03,0.03,2.51,0.5,20.0,TP,AAL,2025-11-14 14:45:00+00:00,0.08
12.57,12.552720673715596,0.02,0.01,2.16,-0.86,-40.0,SL,AAL,2025-11-17 15:45:00+00:00,0.07
12.555,12.538354911307339,0.02,0.01,2.08,-0.83,-40.0,SL,AAL,2025-11-17 16:00:00+00:00,0.07
12.52,12.503858131928242,0.02,0.01,2.02,-0.81,-40.0,SL,AAL,2025-11-17 16:15:00+00:00,0.07
12.395,12.379306266611191,0.02,0.01,1.96,-0.78,-40.0,SL,AAL,2025-11-17 19:45:00+00:00,0.07
12.34,12.324484390424677,0.02,0.01,1.94,-0.78,-40.0,SL,AAL,2025-11-17 20:00:00+00:00,0.06
12.265,12.272889390159971,0.02,0.02,1.97,0.39,20.0,TP,AAL,2025-11-17 20:15:00+00:00,0.07
12.29,12.29779729086283,0.02,0.02,1.95,0.39,20.0,TP,AAL,2025-11-17 20:30:00+00:00,0.06
12.26,12.240000300690687,0.02,0.01,2.5,-1.0,-40.0,SL,AAL,2025-11-18 15:00:00+00:00,0.08
12.205,12.184971707784209,0.03,0.02,2.5,-1.0,-40.0,SL,AAL,2025-11-18 15:15:00+00:00,0.08
12.16,12.139602300085336,0.03,0.02,2.55,-1.02,-40.0,SL,AAL,2025-11-18 15:30:00+00:00,0.08
12.14,12.150113217817523,0.03,0.03,2.53,0.51,20.0,TP,AAL,2025-11-18 15:45:00+00:00,0.08
12.125,12.134819416544842,0.02,0.03,2.45,0.49,20.0,TP,AAL,2025-11-18 16:00:00+00:00,0.08
53.62,53.491351444028076,0.16,0.1,16.08,-6.43,-40.0,SL,EQT,2025-10-22 16:15:00+00:00,0.54
53.4,53.27436919802607,0.16,0.09,15.7,-6.28,-40.0,SL,EQT,2025-10-22 16:30:00+00:00,0.52
53.38,53.25511425530993,0.16,0.09,15.61,-6.24,-40.0,SL,EQT,2025-10-22 16:45:00+00:00,0.52
58.205,58.254556494034134,0.12,0.15,12.39,2.48,20.0,TP,EQT,2025-11-14 14:45:00+00:00,0.41
58.19,58.10531667840107,0.11,0.06,10.59,-4.23,-40.0,SL,EQT,2025-11-18 15:00:00+00:00,0.35
57.89,57.9326601135995,0.11,0.13,10.67,2.13,20.0,TP,EQT,2025-11-18 15:15:00+00:00,0.36
57.98,57.89887137785851,0.1,0.06,10.14,-4.06,-40.0,SL,EQT,2025-11-18 16:00:00+00:00,0.34
57.82,57.85959543170855,0.1,0.12,9.9,1.98,20.0,TP,EQT,2025-11-18 16:15:00+00:00,0.33
55.7,55.59343004456412,0.13,0.08,13.32,-5.33,-40.0,SL,EQT,2025-11-21 16:15:00+00:00,0.44
58.86,58.81113678016526,0.06,0.04,6.11,-2.44,-40.0,SL,EQT,2025-12-02 20:15:00+00:00,0.2
58.7,58.65154129586775,0.06,0.04,6.06,-2.42,-40.0,SL,EQT,2025-12-02 20:30:00+00:00,0.2
59.04,58.987073872457394,0.07,0.04,6.62,-2.65,-40.0,SL,EQT,2025-12-03 14:30:00+00:00,0.22
957.11,955.51,2.0,1.2,200.0,-80.0,-40.0,SL,MPWR,2025-10-31 14:00:00+00:00,16.25
962.27,960.67,2.0,1.2,200.0,-80.0,-40.0,SL,MPWR,2025-10-31 14:15:00+00:00,16.9
951.18,951.9799999999999,2.0,2.4,200.0,40.0,20.0,TP,MPWR,2025-10-31 14:30:00+00:00,17.02
969.01,967.41,2.0,1.2,200.0,-80.0,-40.0,SL,MPWR,2025-10-31 14:45:00+00:00,16.94
956.36,957.16,2.0,2.4,200.0,40.0,20.0,TP,MPWR,2025-10-31 15:00:00+00:00,16.95
961.11,961.91,2.0,2.4,200.0,40.0,20.0,TP,MPWR,2025-10-31 15:15:00+00:00,16.56
937.795,936.1949999999999,2.0,1.2,200.0,-80.0,-40.0,SL,MPWR,2025-11-07 15:00:00+00:00,6.67
927.16,925.56,2.0,1.2,200.0,-80.0,-40.0,SL,MPWR,2025-11-07 15:15:00+00:00,6.99
922.53,920.93,2.0,1.2,200.0,-80.0,-40.0,SL,MPWR,2025-11-07 15:30:00+00:00,6.68
911.835,912.635,2.0,2.4,200.0,40.0,20.0,TP,MPWR,2025-11-07 15:45:00+00:00,6.99
912.65,911.05,2.0,1.2,200.0,-80.0,-40.0,SL,MPWR,2025-11-07 16:00:00+00:00,6.78
904.43,905.2299999999999,2.0,2.4,200.0,40.0,20.0,TP,MPWR,2025-11-07 16:15:00+00:00,6.91
912.49,910.89,2.0,1.2,200.0,-80.0,-40.0,SL,MPWR,2025-11-07 16:30:00+00:00,6.85
911.0,909.4147091319206,1.98,1.19,198.16,-79.26,-40.0,SL,MPWR,2025-11-07 16:45:00+00:00,6.61
906.43,904.8299999999999,2.0,1.2,200.0,-80.0,-40.0,SL,MPWR,2025-11-14 14:45:00+00:00,8.16
886.42,885.4982942699953,1.15,0.69,115.21,-46.09,-40.0,SL,MPWR,2025-11-17 20:00:00+00:00,3.84
880.21,880.7094205175022,1.25,1.5,124.86,24.97,20.0,TP,MPWR,2025-11-17 20:15:00+00:00,4.16
882.78,881.8044190389246,1.22,0.73,121.95,-48.78,-40.0,SL,MPWR,2025-11-17 20:30:00+00:00,4.06
352.89,353.2106526306649,0.8,0.96,80.16,16.03,20.0,TP,MDB,2025-11-13 14:45:00+00:00,2.67
337.66,337.21980645314994,0.55,0.33,55.02,-22.01,-40.0,SL,MDB,2025-11-17 19:15:00+00:00,1.83
336.03,335.5969059922106,0.54,0.32,54.14,-21.65,-40.0,SL,MDB,2025-11-17 19:30:00+00:00,1.8
334.34,334.5535936464736,0.53,0.64,53.4,10.68,20.0,TP,MDB,2025-11-17 19:45:00+00:00,1.78
334.24,334.44887981458265,0.52,0.63,52.22,10.44,20.0,TP,MDB,2025-11-17 20:00:00+00:00,1.74
335.03,335.23660268496957,0.52,0.62,51.65,10.33,20.0,TP,MDB,2025-11-17 20:15:00+00:00,1.72
317.14,316.3038377553132,1.05,0.63,104.52,-41.81,-40.0,SL,MDB,2025-11-21 15:15:00+00:00,3.48
312.94,312.062677915648,1.1,0.66,109.67,-43.87,-40.0,SL,MDB,2025-11-21 15:30:00+00:00,3.66
314.38,313.4815152073875,1.12,0.67,112.31,-44.92,-40.0,SL,MDB,2025-11-21 15:45:00+00:00,3.74
315.03,314.1484641211455,1.1,0.66,110.19,-44.08,-40.0,SL,MDB,2025-11-21 16:00:00+00:00,3.67
222.51,222.30035029786697,0.26,0.16,26.21,-10.48,-40.0,SL,AMAT,2025-10-22 14:30:00+00:00,0.87
220.685,220.79553736170462,0.28,0.33,27.63,5.53,20.0,TP,AMAT,2025-10-22 14:45:00+00:00,0.92
220.5,220.2414450556377,0.32,0.19,32.32,-12.93,-40.0,SL,AMAT,2025-10-22 15:30:00+00:00,1.08
218.5,218.22434045011545,0.34,0.21,34.46,-13.78,-40.0,SL,AMAT,2025-10-22 16:45:00+00:00,1.15
217.75,217.47581464781177,0.34,0.21,34.27,-13.71,-40.0,SL,AMAT,2025-10-22 18:00:00+00:00,1.14
217.07,216.79902788725377,0.34,0.2,33.87,-13.55,-40.0,SL,AMAT,2025-10-22 18:15:00+00:00,1.13
228.04,227.8212692926119,0.27,0.16,27.34,-10.94,-40.0,SL,AMAT,2025-10-28 14:15:00+00:00,0.91
227.86,227.64283577171108,0.27,0.16,27.15,-10.86,-40.0,SL,AMAT,2025-10-28 14:30:00+00:00,0.9
230.1,230.2178080778901,0.29,0.35,29.45,5.89,20.0,TP,AMAT,2025-11-05 14:30:00+00:00,0.98
228.62,228.23115636322228,0.49,0.29,48.61,-19.44,-40.0,SL,AMAT,2025-11-07 14:45:00+00:00,1.62
225.36,225.5748038357717,0.54,0.64,53.7,10.74,20.0,TP,AMAT,2025-11-07 15:45:00+00:00,1.79
224.93,225.1410410624766,0.53,0.63,52.76,10.55,20.0,TP,AMAT,2025-11-07 16:15:00+00:00,1.76
224.71,224.8409071322644,0.33,0.39,32.73,6.55,20.0,TP,AMAT,2025-11-13 14:45:00+00:00,1.09
220.74,220.45544173233444,0.36,0.21,35.57,-14.23,-40.0,SL,AMAT,2025-11-13 19:15:00+00:00,1.19
217.53,217.0794657068965,0.56,0.34,56.32,-22.53,-40.0,SL,AMAT,2025-11-21 14:45:00+00:00,1.88
260.6,260.6713611284761,0.18,0.21,17.84,3.57,20.0,TP,HLT,2025-10-28 19:45:00+00:00,0.59
258.885,258.6851262172198,0.25,0.15,24.98,-9.99,-40.0,SL,HLT,2025-10-29 13:45:00+00:00,0.83
259.3,259.104460058847,0.24,0.15,24.44,-9.78,-40.0,SL,HLT,2025-10-29 14:00:00+00:00,0.81
256.88,256.6841851096417,0.24,0.15,24.48,-9.79,-40.0,SL,HLT,2025-10-31 13:45:00+00:00,0.82
257.01,256.8142861732387,0.24,0.15,24.46,-9.79,-40.0,SL,HLT,2025-10-31 14:00:00+00:00,0.82
267.55,267.3828865837107,0.21,0.13,20.89,-8.36,-40.0,SL,HLT,2025-11-14 14:30:00+00:00,0.7
268.44,268.2282518277313,0.26,0.16,26.47,-10.59,-40.0,SL,HLT,2025-11-14 14:45:00+00:00,0.88
268.025,267.81577669717905,0.26,0.16,26.15,-10.46,-40.0,SL,HLT,2025-11-14 15:00:00+00:00,0.87
267.94,268.042967962024,0.26,0.31,25.74,5.15,20.0,TP,HLT,2025-11-14 15:15:00+00:00,0.86
279.82,279.6278011638532,0.24,0.14,24.02,-9.61,-40.0,SL,HLT,2025-12-02 14:45:00+00:00,0.8
279.8,279.605158223578,0.24,0.15,24.36,-9.74,-40.0,SL,HLT,2025-12-02 15:00:00+00:00,0.81
279.26,279.0612469218938,0.25,0.15,24.84,-9.94,-40.0,SL,HLT,2025-12-02 15:15:00+00:00,0.83
95.105,95.0327408106047,0.09,0.05,9.03,-3.61,-40.0,SL,SCHW,2025-11-13 20:00:00+00:00,0.3
94.435,94.48394702059424,0.12,0.15,12.24,2.45,20.0,TP,SCHW,2025-11-14 14:45:00+00:00,0.41
92.82,92.75203063055213,0.08,0.05,8.5,-3.4,-40.0,SL,SCHW,2025-11-17 19:15:00+00:00,0.28
92.39,92.32019987122699,0.09,0.05,8.73,-3.49,-40.0,SL,SCHW,2025-11-17 19:30:00+00:00,0.29
92.22,92.14901416613934,0.09,0.05,8.87,-3.55,-40.0,SL,SCHW,2025-11-17 19:45:00+00:00,0.3
91.72,91.64499886855796,0.09,0.06,9.38,-3.75,-40.0,SL,SCHW,2025-11-17 20:00:00+00:00,0.31
91.755,91.67987037794667,0.09,0.06,9.39,-3.76,-40.0,SL,SCHW,2025-11-17 20:15:00+00:00,0.31
91.76,91.68595106523621,0.09,0.06,9.26,-3.7,-40.0,SL,SCHW,2025-11-17 20:30:00+00:00,0.31
91.89,91.8170402748622,0.09,0.05,9.12,-3.65,-40.0,SL,SCHW,2025-11-17 20:45:00+00:00,0.3
91.45,91.3774516838006,0.09,0.05,9.07,-3.63,-40.0,SL,SCHW,2025-11-18 14:30:00+00:00,0.3
25.19,25.2131258783147,0.06,0.07,5.78,1.16,20.0,TP,T,2025-10-22 13:45:00+00:00,0.19
25.02,25.035578057099187,0.04,0.05,3.89,0.78,20.0,TP,T,2025-10-29 16:00:00+00:00,0.13
24.245,24.219426410003575,0.03,0.02,3.2,-1.28,-40.0,SL,T,2025-11-03 14:45:00+00:00,0.11
24.185,24.19867345249834,0.03,0.04,3.42,0.68,20.0,TP,T,2025-11-03 15:00:00+00:00,0.11
24.215,24.187892159645937,0.03,0.02,3.39,-1.36,-40.0,SL,T,2025-11-03 15:15:00+00:00,0.11
24.14,24.15348578302153,0.03,0.04,3.37,0.67,20.0,TP,T,2025-11-03 15:30:00+00:00,0.11
25.31,25.29316242117726,0.02,0.01,2.1,-0.84,-40.0,SL,T,2025-11-19 15:15:00+00:00,0.07
25.325,25.306879391093172,0.02,0.01,2.27,-0.91,-40.0,SL,T,2025-11-19 15:30:00+00:00,0.08
25.25,25.231459434586515,0.02,0.01,2.32,-0.93,-40.0,SL,T,2025-11-19 15:45:00+00:00,0.08
25.19,25.172098046401768,0.02,0.01,2.24,-0.9,-40.0,SL,T,2025-11-19 16:00:00+00:00,0.07
25.18,25.16226247165878,0.02,0.01,2.22,-0.89,-40.0,SL,T,2025-11-19 16:15:00+00:00,0.07
25.115,25.123589903800166,0.02,0.03,2.15,0.43,20.0,TP,T,2025-11-19 16:45:00+00:00,0.07
263.895,263.6711925745752,0.28,0.17,27.98,-11.19,-40.0,SL,CME,2025-10-22 13:45:00+00:00,0.93
264.18,263.9830088553056,0.25,0.15,24.62,-9.85,-40.0,SL,CME,2025-10-29 13:45:00+00:00,0.82
262.86,262.65205107992665,0.26,0.16,25.99,-10.4,-40.0,SL,CME,2025-10-29 14:00:00+00:00,0.87
262.02,262.12524771289117,0.26,0.32,26.31,5.26,20.0,TP,CME,2025-10-29 14:15:00+00:00,0.88
261.445,261.32,0.26,0.2,26.43,-6.25,-23.6,EOD,CME,2025-10-29 16:00:00+00:00,0.88
261.035,260.8339244281745,0.25,0.15,25.13,-10.05,-40.0,SL,CME,2025-10-29 16:15:00+00:00,0.84
261.245,261.15,0.25,0.2,24.77,-4.75,-19.2,EOD,CME,2025-10-29 16:30:00+00:00,0.83
258.19,258.3023542175656,0.28,0.34,28.09,5.62,20.0,TP,CME,2025-10-29 18:15:00+00:00,0.94
258.21,257.9885707388067,0.28,0.17,27.68,-11.07,-40.0,SL,CME,2025-10-29 18:30:00+00:00,0.92
276.79,276.56759716705085,0.28,0.17,27.8,-11.12,-40.0,SL,CME,2025-11-19 14:45:00+00:00,0.93
273.48,273.2351687979758,0.31,0.18,30.6,-12.24,-40.0,SL,CME,2025-11-19 15:00:00+00:00,1.02
273.49,273.23239959812037,0.32,0.19,32.2,-12.88,-40.0,SL,CME,2025-11-19 15:15:00+00:00,1.07
272.9,272.6455424839689,0.32,0.19,31.81,-12.72,-40.0,SL,CME,2025-11-19 15:30:00+00:00,1.06
273.03,272.7811180208282,0.31,0.19,31.11,-12.44,-40.0,SL,CME,2025-11-19 15:45:00+00:00,1.04
271.03,270.7526966608162,0.35,0.21,34.66,-13.87,-40.0,SL,CME,2025-11-19 16:15:00+00:00,1.16
270.625,270.3477897564722,0.35,0.21,34.65,-13.86,-40.0,SL,CME,2025-11-19 16:30:00+00:00,1.16
270.785,270.5053904881528,0.35,0.21,34.95,-13.98,-40.0,SL,CME,2025-11-19 16:45:00+00:00,1.17
276.98,276.8229409130668,0.2,0.12,19.63,-7.85,-40.0,SL,CME,2025-12-02 14:45:00+00:00,0.65
276.87,276.7149022764192,0.19,0.12,19.39,-7.75,-40.0,SL,CME,2025-12-02 15:00:00+00:00,0.65
276.405,276.2395521138178,0.21,0.12,20.68,-8.27,-40.0,SL,CME,2025-12-02 15:15:00+00:00,0.69
276.225,276.3089293757275,0.21,0.25,20.98,4.2,20.0,TP,CME,2025-12-02 15:30:00+00:00,0.7
276.63,276.46633115936334,0.2,0.12,20.46,-8.18,-40.0,SL,CME,2025-12-02 15:45:00+00:00,0.68
276.2,276.0369646479802,0.2,0.12,20.38,-8.15,-40.0,SL,CME,2025-12-02 16:00:00+00:00,0.68
276.15,275.9850671731245,0.21,0.12,20.62,-8.25,-40.0,SL,CME,2025-12-02 16:15:00+00:00,0.69
275.99,275.83247666075846,0.2,0.12,19.69,-7.88,-40.0,SL,CME,2025-12-02 16:30:00+00:00,0.66
275.7,275.54807118498996,0.19,0.11,18.99,-7.6,-40.0,SL,CME,2025-12-02 16:45:00+00:00,0.63
275.155,275.2222824871254,0.17,0.2,16.82,3.36,20.0,TP,CME,2025-12-02 18:00:00+00:00,0.56
122.85,122.92957758901525,0.2,0.24,19.89,3.98,20.0,TP,APO,2025-10-23 14:15:00+00:00,0.66
127.445,127.53310700312987,0.22,0.26,22.03,4.41,20.0,TP,APO,2025-11-07 14:45:00+00:00,0.73
126.67,126.52070603691183,0.19,0.11,18.66,-7.46,-40.0,SL,APO,2025-11-14 14:30:00+00:00,0.62
126.72,126.81567541871472,0.24,0.29,23.92,4.78,20.0,TP,APO,2025-11-17 15:45:00+00:00,0.8
125.17,124.97426177793074,0.24,0.15,24.47,-9.79,-40.0,SL,APO,2025-11-17 16:15:00+00:00,0.82
125.74,125.83674988881786,0.24,0.29,24.19,4.84,20.0,TP,APO,2025-11-17 16:30:00+00:00,0.81
124.39,124.23282275632234,0.2,0.12,19.65,-7.86,-40.0,SL,APO,2025-11-17 19:45:00+00:00,0.65
124.0,123.8473639880136,0.19,0.11,19.08,-7.63,-40.0,SL,APO,2025-11-17 20:00:00+00:00,0.64
123.86,123.93673814842225,0.19,0.23,19.18,3.84,20.0,TP,APO,2025-11-17 20:15:00+00:00,0.64
123.58,123.40827118558434,0.21,0.13,21.47,-8.59,-40.0,SL,APO,2025-11-18 15:00:00+00:00,0.72
362.325,361.7747640883356,0.69,0.41,68.78,-27.51,-40.0,SL,ETN,2025-10-22 14:30:00+00:00,2.29
356.57,356.8747095304156,0.76,0.91,76.18,15.24,20.0,TP,ETN,2025-10-22 14:45:00+00:00,2.54
358.03,357.42013944351385,0.76,0.46,76.23,-30.49,-40.0,SL,ETN,2025-10-22 15:00:00+00:00,2.54
355.89,355.24921519754855,0.8,0.48,80.1,-32.04,-40.0,SL,ETN,2025-10-22 15:15:00+00:00,2.67
355.0,355.3188929439953,0.8,0.96,79.72,15.94,20.0,TP,ETN,2025-10-22 15:30:00+00:00,2.66
360.635,359.786341730239,1.06,0.64,106.08,-42.43,-40.0,SL,ETN,2025-11-04 15:00:00+00:00,3.54
359.99,359.11598874950766,1.09,0.66,109.25,-43.7,-40.0,SL,ETN,2025-11-04 15:15:00+00:00,3.64
359.04,359.4672195091572,1.07,1.28,106.8,21.36,20.0,TP,ETN,2025-11-04 15:30:00+00:00,3.56
361.26,360.407106625851,1.07,0.64,106.61,-42.64,-40.0,SL,ETN,2025-11-04 15:45:00+00:00,3.55
360.22,359.3792561525759,1.05,0.63,105.09,-42.04,-40.0,SL,ETN,2025-11-04 16:00:00+00:00,3.5
358.39,357.5451949988205,1.06,0.63,105.6,-42.24,-40.0,SL,ETN,2025-11-04 16:15:00+00:00,3.52
348.68,348.2393709804088,0.55,0.33,55.08,-22.03,-40.0,SL,ETN,2025-11-17 15:45:00+00:00,1.84
347.715,347.27875876752245,0.55,0.33,54.53,-21.81,-40.0,SL,ETN,2025-11-17 16:00:00+00:00,1.82
346.115,346.3347691436503,0.55,0.66,54.94,10.99,20.0,TP,ETN,2025-11-17 16:15:00+00:00,1.83
343.94,343.5543045372903,0.48,0.29,48.21,-19.28,-40.0,SL,ETN,2025-11-17 18:30:00+00:00,1.61
343.92,343.55019707034097,0.46,0.28,46.23,-18.49,-40.0,SL,ETN,2025-11-17 18:45:00+00:00,1.54
341.91,341.5295829938881,0.48,0.29,47.55,-19.02,-40.0,SL,ETN,2025-11-17 19:00:00+00:00,1.59
341.6,341.2319270657532,0.46,0.28,46.01,-18.4,-40.0,SL,ETN,2025-11-17 19:15:00+00:00,1.53
341.48,341.12296084677087,0.45,0.27,44.63,-17.85,-40.0,SL,ETN,2025-11-17 19:30:00+00:00,1.49
341.0,340.6424065005729,0.45,0.27,44.7,-17.88,-40.0,SL,ETN,2025-11-17 19:45:00+00:00,1.49
340.82,340.47252032196053,0.43,0.26,43.43,-17.37,-40.0,SL,ETN,2025-11-17 20:00:00+00:00,1.45
341.01,341.1833298505183,0.43,0.52,43.33,8.67,20.0,TP,ETN,2025-11-17 20:15:00+00:00,1.44
338.51,338.1197939056303,0.49,0.29,48.78,-19.51,-40.0,SL,ETN,2025-11-18 14:45:00+00:00,1.63
337.34,336.9216086266567,0.52,0.31,52.3,-20.92,-40.0,SL,ETN,2025-11-18 15:00:00+00:00,1.74
337.16,336.7135508676098,0.56,0.33,55.81,-22.32,-40.0,SL,ETN,2025-11-18 15:15:00+00:00,1.86
338.79,338.30798294849484,0.6,0.36,60.25,-24.1,-40.0,SL,ETN,2025-11-18 15:30:00+00:00,2.01
325.4,324.97238571205287,0.53,0.32,53.45,-21.38,-40.0,SL,ETN,2025-12-03 14:45:00+00:00,1.78
325.995,325.5697295897634,0.53,0.32,53.16,-21.26,-40.0,SL,ETN,2025-12-03 15:00:00+00:00,1.77
323.99,324.210332690467,0.55,0.66,55.08,11.02,20.0,TP,ETN,2025-12-03 15:15:00+00:00,1.84
