Ticker,Price,Volume,DollarVol,ATR,ATR%
GEOS,12.824999809265137,290317.05,3723316.110876417,2.3924998555864607,18.654969911641263
KZIA,9.645000457763672,1887973.1,18209501.4137455,1.7364285673413957,18.0034057535339
SKIL,8.135000228881836,132734.7,1079796.814880562,1.3570713996887207,16.68188520598544
SPRB,91.0,184197.7,16761990.700000001,14.58692877633231,16.02959206190364
FBYD,20.5049991607666,86273.35,1769034.9693465235,2.9626429421561107,14.448393384110478
VRCA,6.432000160217285,352174.3,2265185.15402441,0.9085643802370343,14.125689639384916
SGML,10.369999885559082,9627785.55,99840135.05168739,1.458214282989502,14.061854378804409
TLRY,7.78000020980835,4629799.05,36019837.58037049,1.0488428388323103,13.4812700584509
BNR,20.28499984741211,54916.6,1113983.2226203918,2.5848569869995117,12.742701535338089
HUT,37.92499923706055,7683984.95,291415123.36633474,4.759214265005929,12.549016112715423
EOSE,13.1899995803833,26613096.5,351026731.6677003,1.586428506033761,12.027509905255505
DPRO,7.0,1937102.95,13559720.65,0.7777142524719238,11.110203606741768
LVLU,5.257500171661377,243536.35,1280392.4019307853,0.5649999891008649,10.746551985795259
BODI,9.90999984741211,626414.8,6207770.572416687,1.0617713928222656,10.714141363983329
EGAN,9.899999618530273,570977.9,5652680.992189216,1.0442859785897392,10.548343624530068
SMR,18.90999984741211,23384916.7,442208771.22874486,1.980628422328404,10.473973761556952
CIFR,18.87929916381836,47593649.75,898534751.9282389,1.9753573281424386,10.463086108239414
KYTX,6.670000076293945,616191.5,4109997.3520116806,0.6856428895677839,10.279503474140107
AXTI,12.029999732971191,3500670.15,42113060.96972022,1.2042858941214425,10.010689283897479
ENGN,7.980000019073486,3285759.25,26220358.877670884,0.7870000089917865,9.862155477578066
SMLR,20.607500076293945,578651.6,11924562.891147614,2.0253282274518694,9.828112191937958
BTDR,12.859999656677246,9924325.15,127626818.02175337,1.2582142012459892,9.783936507282034
WULF,14.800000190734863,44064164.45,652149642.2645724,1.4392855507986886,9.72490224493182
SEAT,7.440000057220459,151780.85,1129249.53268497,0.717928579875401,9.649577612283178
XYF,6.724999904632568,238142.1,1601505.5997889997,0.6471429211752755,9.622943202266606
LPTH,7.909999847412109,1279820.8,10123382.332714844,0.7457142898014614,9.427488042815
ATLX,5.324999809265137,532555.35,2835857.137173128,0.5009285722460065,9.407109674904119
IDR,37.97999954223633,439836.7,16704997.664658738,3.566221373421805,9.389735166942078
IONQ,47.32460021972656,23810362.5,1126815886.399269,4.3937852042061945,9.28435778391364
SGMT,6.377399921417236,484267.95,3088370.3862748863,0.5916428906576974,9.277180323454104
RGC,12.34000015258789,133969.7,1653186.118442154,1.142571313040597,9.259086701072544
GSIT,6.206399917602539,1139234.35,7070543.975969982,0.5714285033089774,9.207084797876087
LITE,308.8900146484375,5805970.75,1793406390.0158997,28.05999210902623,9.084136999689889
CLSK,14.385000228881836,36897161.15,530765671.58783996,1.3028787204197474,9.057203334650358
VTYX,8.239999771118164,1922673.7,15842830.847934913,0.7430714198521206,9.017857287528615
ASTS,55.4900016784668,9058454.3,502653644.3113148,4.948778969900949,8.918325500468221
ONEW,11.609999656677246,209198.65,2428796.254677343,1.021071434020996,8.794758520373843
DMAC,7.869999885559082,519243.0,4086442.3505773544,0.6888712474278041,8.753129065374402
JFIN,6.75,264740.55,1786998.7125,0.5869285038539341,8.695237094132358
KOD,22.415000915527344,731167.05,16389110.095153429,1.947849954877581,8.689939216233821
PRE,13.670000076293945,135130.6,1847235.3123096467,1.1777144840785436,8.615321708160751
BHVN,8.989999771118164,6335722.3,56958142.02686825,0.7553571292332241,8.402192975131454
OWLT,13.045000076293945,233708.05,3048721.530080509,1.0917142459324427,8.368832806037025
SQNS,6.119900226593018,331622.35,2029495.6949083088,0.5035713740757534,8.228424572798867
CDZI,5.315000057220459,1200251.8,6379338.385678959,0.4335714748927525,8.15750649529614
PSFE,8.039999961853027,768745.85,6180716.604674673,0.6518571717398507,8.107676303889102
PHVS,24.350000381469727,324452.6,7900420.933768844,1.9697143009730749,8.089175647290837
CTKB,5.360000133514404,1886160.9,10109822.675829649,0.43164290700639996,8.05303910922449
KURA,11.109999656677246,1958181.6,21755396.903711703,0.8834998948233468,7.952294528581308
CRNC,11.015000343322754,2010624.35,22147027.90554309,0.8710000855582101,7.907399531641472
GAMB,5.525000095367432,1224996.7,6768106.884324789,0.43614281926836285,7.893987542806691
QS,12.130000114440918,26151738.35,317220589.178329,0.9486430031912667,7.82063474230223
RUN,18.363000869750977,9378380.5,172215209.2783556,1.434142793927874,7.809958754019938
OMER,9.664999961853027,1744424.8,16859865.625455476,0.749657256262643,7.756412407878733
INBX,80.8499984741211,282857.15,22869000.145894244,6.198926653180804,7.667194520931241
CCOI,20.34000015258789,2350316.6,47805440.002629854,1.5495021671063174,7.618004697552432
CMCL,23.8799991607666,243942.45,5825345.5012753485,1.7999281202043806,7.537387702934069
DMRC,7.929999828338623,156442.8,1240591.3771448135,0.5924999373299735,7.471626105370363
DQ,32.949798583984375,1271096.55,41882375.30329742,2.4485566275460378,7.431173278055139
LCID,12.845000267028809,9436025.15,121205745.57144056,0.953214304787772,7.420897508539026
SNBR,6.570000171661377,1009431.7,6631966.442280435,0.4870142936706543,7.4126983401204605
POWL,325.6643981933594,263785.6,85905578.6760742,24.056526635409085,7.386907125514472
STRL,333.4425048828125,897773.6,299355878.00166017,24.546423775809153,7.361516128375994
PCT,8.385000228881836,4722797.25,39600656.022212505,0.6032143660954067,7.193969584134967
ACHR,7.730100154876709,65652193.6,507498031.9153557,0.555499962397984,7.186193597343422
SGHT,8.380000114440918,258578.45,2166887.440591955,0.6010000705718994,7.171838453035581
ORIC,10.869999885559082,1167947.3,12695587.01733904,0.7780713353838239,7.1579700420926455
SENS,5.85699987411499,449006.65,2629831.8925267938,0.4142857960292271,7.073344799957451
EXK,9.039999961853027,12618510.55,114071334.89064203,0.6353570393153599,7.028285862792457
KALV,13.390000343322754,1352092.4,18104517.700204086,0.937999929700579,7.005227077296793
TRDA,9.850000381469727,293269.35,2888703.2093733787,0.6899998528616769,7.00507437705014
JOBY,14.010000228881836,25785060.6,361248704.907732,0.976428576878139,6.969511498402521
CLPT,13.4399995803833,783546.75,10530867.9912107,0.9314282962254116,6.930270277574278
PUMP,9.850000381469727,2868924.95,28258911.851908017,0.6810643332345145,6.914358445262236
NTLA,8.160099983215332,7047612.9,57509225.90699816,0.5635643005371094,6.906340629358901
LASR,33.70000076293945,894306.3,30138122.99230156,2.3142140252249583,6.867103776952861
FUN,15.229999542236328,4832699.75,73602014.98026562,1.0447285515921456,6.859675528517717
SITM,303.8450012207031,402800.3,122388857.64519958,20.789215087890625,6.8420461104739445
MGTX,7.809999942779541,671450.6,5244029.147579288,0.5328570774623326,6.822753922744478
ARWR,58.98500061035156,2552121.55,150536891.18444136,4.013213838849749,6.803787059969022
VNET,8.765000343322754,4376826.95,38362889.71941429,0.5942857265472412,6.780213385843991
MRSN,27.559999465942383,235675.85,6495226.3001355175,1.8544645309448242,6.728826440060357
PL,11.800000190734863,7468379.8,88126883.0644804,0.791785717010498,6.710048340780479
AMLX,13.71500015258789,1465246.6,20095857.342578888,0.9186428615025112,6.698088598483697
KRMD,5.610000133514404,195030.35,1094120.2895393611,0.37168567521231516,6.62541294770828
CMPX,5.195000171661377,2189941.1,11376744.390428305,0.34400010108947754,6.621753411404899
GSAT,60.70500183105469,1067383.55,64795520.35718766,3.9878501892089844,6.56922834844382
REPL,9.970000267028809,2051785.1,20456297.99488573,0.6500000953674316,6.519559457957167
WIX,95.62000274658203,1866141.7,178440474.47951126,6.212999616350446,6.497594057612105
BBWI,18.924999237060547,11036348.95,208862895.45868397,1.2290980105978042,6.494573633540125
RZLT,8.989999771118164,1501013.15,13494107.874945354,0.5833001136779785,6.4883217856348
SRPT,19.850000381469727,5345328.95,106104781.69658117,1.2871711594717843,6.484489343755268
CCRN,10.359999656677246,422977.5,4382046.7547822,0.6685713359287807,6.453391487304461
SOFI,30.15999984741211,72556573.5,2188306245.6887455,1.9335715430123466,6.411046262582317
NRIX,16.510000228881836,1498602.0,24741919.363002777,1.05714293888637,6.403046179472807
NBTX,20.399999618530273,59964.3,1223271.6971254349,1.3055000305175781,6.399510073185155
EYPT,13.875,1250447.3,17349956.2875,0.8813857351030622,6.352329622364413
RAPT,31.989999771118164,385849.55,12343327.016186045,2.0315002713884627,6.350422900667168
BCYC,6.909999847412109,382288.05,2641610.367167473,0.43871426582336426,6.348976490754465
SMCI,33.329898834228516,29214784.2,973725801.8498176,2.106428691319057,6.319937248521847
EMBC,12.350000381469727,526492.55,6502183.193340969,0.7717358044215611,6.24887271727938
CGON,42.4900016784668,859948.45,36539211.083894916,2.650000980922154,6.236763653189332
REAL,14.140000343322754,4648704.35,65732681.10500597,0.8814285823277065,6.233582467654876
CTRN,43.939998626708984,106055.9,4660096.100354386,2.7378578186035156,6.230901010860081
STX,269.2200012207031,3748460.05,1009160419.2367568,16.693572998046875,6.200717971307673
MYGN,6.985000133514404,1291690.95,9022461.458209347,0.432499851499285,6.191837412058556
TXG,17.959999084472656,3408862.85,61223173.66509285,1.1095713887895857,6.1780147291258345
ZETA,18.079999923706055,7824903.85,141474261.01100722,1.1117852755955286,6.149254868844236
VREX,11.5,354736.7,4079472.0500000003,0.7049999237060547,6.130434119183084
SNDX,18.450000762939453,2726562.35,50305077.43770199,1.1295713015965052,6.122337424860583
NEXN,6.429999828338623,457182.05,2939680.5030194996,0.393214293888637,6.115307999786297
EWTX,23.979999542236328,1259989.55,30214548.83222256,1.4657140459333147,6.112235504223971
ENTA,14.100000381469727,307943.2,4341999.237471009,0.8582855633326939,6.087131490156951
PLSE,13.149999618530273,172433.8,2267504.404221725,0.7990643637520927,6.076535261842092
INSE,8.979999542236328,178050.15,1598890.2654951096,0.5438357080732074,6.056077236032616
MODG,12.359999656677246,3760853.75,46484151.05881333,0.7453573090689523,6.03039910819324
ROCK,50.0099983215332,397710.7,19889511.439455796,3.0021430424281528,6.003085669242057
ICHR,16.760700225830078,998774.55,16740160.825738335,1.0052714347839355,5.997789001886102
VERA,38.93989944458008,1741991.2,67832962.16134338,2.3295719964163646,5.982480770737096
CXDO,6.730000019073486,289719.1,1949809.5485259532,0.4007143293108259,5.954150492944455
XNET,7.40500020980835,397256.55,2941684.836097741,0.44028568267822266,5.945788929148697
NICE,108.2249984741211,1181439.95,127861336.78601569,6.430091857910156,5.941410901888558
CRMT,22.155399322509766,164701.15,3649019.7471265793,1.3146498543875558,5.933767364111008
ATEX,19.78499984741211,244371.5,4834890.090211868,1.170278821672712,5.914980190539578
LQDA,31.059999465942383,2201033.65,68364103.99352121,1.8192855290004186,5.857326337031282
HL,17.155000686645508,17504900.2,300296574.95066106,1.0006110021134633,5.8327657363045144
XNCR,16.233800888061523,788070.95,12793386.887965487,0.945214067186628,5.822506224538867
COGT,39.060001373291016,4861336.1,189883794.7420292,2.2730715615408763,5.819435436823072
GPRE,10.265000343322754,1869060.8,19185909.753691103,0.5971427645002093,5.817269795696039
ANAB,41.29999923706055,747593.45,30875608.91463146,2.389500754220145,5.7857162187933575
NTNX,46.78499984741211,4453835.25,208372681.49164867,2.6972857883998325,5.765279036436786
IPX,32.70000076293945,185213.7,6056488.131306839,1.8784288678850447,5.744430654613201
BBAR,16.449899673461914,878980.55,14459141.862424374,0.9428572654724121,5.731690066131485
DOCN,45.099998474121094,2823600.3,127344369.22152786,2.583357129778181,5.728064783107569
JACK,19.079999923706055,1289087.45,24595788.447650433,1.0928570883614677,5.727762540520984
TTGT,5.260000228881836,490392.4,2579464.136241913,0.29998574938092915,5.7031508807500515
FTK,14.15999984741211,357969.05,5068841.693378258,0.807499885559082,5.702682869072638
TSEM,117.16999816894531,2101580.9,246242230.20489043,6.678570883614676,5.6998984279106715
LE,15.770000457763672,156172.2,2462835.66548996,0.8937856129237584,5.66763213049713
AFRM,69.62000274658203,6031963.45,419945311.95628244,3.9441424778529575,5.66524320921058
CIEN,203.14999389648438,3509760.05,713007732.7356247,11.447495596749443,5.6349967711948565
NEOG,5.925000190734863,3457510.55,20485750.6682178,0.33321428298950195,5.623869574056068
PHAT,14.720000267028809,838930.3,12349054.24001856,0.8267857006617955,5.616750581952807
TEO,12.635000228881836,221715.2,2801371.602746582,0.7071429661342076,5.596699274431179
TDW,54.47999954223633,896916.25,48863996.889424324,3.0489283970424106,5.596417809582927
NPCE,15.949999809265137,302646.45,4827210.819774771,0.888714041028704,5.571874932013868
QFIN,19.850000381469727,1958061.1,38867513.58194103,1.1025714874267578,5.5545162027101265
IHS,7.065000057220459,788870.95,5573373.306889557,0.39235711097717285,5.55353301910001
INSP,139.40139770507812,1635540.45,227996624.73319244,7.737785339355469,5.550722924404075
PI,171.17999267578125,507857.55,86935051.6893402,9.479000636509486,5.537446572078623
XOMA,30.790000915527344,54405.6,1675148.4738098143,1.7035717282976424,5.532873262886245
ZIP,5.175000190734863,802901.5,4155015.415641308,0.28607148783547537,5.527951252014398
NGVC,26.84000015258789,278381.35,7471755.476477622,1.4836838251347035,5.527883072652099
TSAT,27.229999542236328,86746.45,2362105.7937906263,1.5042858123779297,5.524369583791725
WSC,20.15999984741211,4984525.15,100488026.26342183,1.1121429715837752,5.516582242070495
EOLS,6.53000020980835,1802820.45,11772417.916746782,0.3596428803035191,5.50754776030971
GLUE,15.642499923706055,915774.9,14325008.80338192,0.8605286053248814,5.501221732600163
MLTX,12.789999961853027,2071609.7,26495887.98397436,0.7012854984828404,5.483076626852761
STVN,21.844999313354492,367963.4,8038160.220339585,1.192500114440918,5.458915779008093
CWH,11.1850004196167,1943897.8,21742497.70869198,0.6098286764962333,5.452200747589526
BOOM,5.84499979019165,201959.7,1180454.4041271687,0.31857146535600933,5.450324667087178
DRUG,73.1500015258789,170827.5,12496031.885662079,3.983428410121373,5.445561622732327
NEXA,6.974999904632568,241375.6,1683594.786980629,0.379514353615897,5.441066076055943
MPTI,50.125,30665.6,1537113.2,2.707207271030971,5.400912261408421
ASTH,22.959999084472656,619743.55,14229311.340607835,1.2385713032313757,5.394474532313872
LTRX,5.389999866485596,293363.95,1581231.651331687,0.29000002997262136,5.3803346411158275
NXE,9.038599967956543,7918950.65,71576227.09133945,0.48564277376447407,5.372986695795419
AI,14.404999732971191,6351146.85,91488268.67831081,0.7735000337873187,5.369663645441635
IMVT,22.309999465942383,1346893.9,30049202.18968105,1.1929997035435267,5.347376656663375
CEPU,16.719999313354492,337146.55,5637090.084499836,0.8937856810433524,5.34560835974122
GRPN,17.59000015258789,1373701.1,24163402.558610156,0.9360713277544294,5.321610685811802
ARQT,29.59000015258789,2576774.55,76246759.32768458,1.5637142998831612,5.284603892597146
SVM,7.824999809265137,4477542.55,35036769.599726535,0.413428579057966,5.283432449013593
DDS,674.8400268554688,130735.55,88225582.07296447,35.619986397879465,5.278285961171689
PUBM,9.130000114440918,1183774.1,10807857.668472195,0.4814286231994629,5.273040713745309
AMR,157.92999267578125,270319.0,42691477.69012451,8.307779584612165,5.26041915399023
NVCR,11.100000381469727,1770630.2,19653995.89544182,0.5832859448024205,5.254828150962539
OSG,8.609999656677246,833083.75,7172850.801483393,0.4517857687813895,5.247221681722363
LMB,68.25,186918.05,12757156.9125,3.5806143624441966,5.246321410174647
GILT,11.739999771118164,758421.9,8903872.932411004,0.6157142094203404,5.244584509576165
CPS,29.979999542236328,195409.9,5858388.712548447,1.5717860630580358,5.242782144955263
UNIT,6.784999847412109,2523584.85,17122522.82218151,0.35564279556274414,5.241603589694863
VSCO,42.060001373291016,2171468.65,91331974.40105839,2.202357973371233,5.236228962107872
BWAY,17.190000534057617,74175.85,1275082.901114178,0.8957787922450474,5.21104574994218
LYFT,22.422000885009766,20010930.75,448685106.98636913,1.1653570447649275,5.197382030004412
DSP,11.279999732971191,315156.05,3554960.1598442555,0.5851428168160575,5.187436442092263
CRSR,6.400000095367432,1176113.1,7527123.952162886,0.3314286300114223,5.1785722667617335
STRT,76.70999908447266,54910.85,4212211.253227615,3.9714276450020924,5.177196835354902
CTGO,24.260000228881836,99194.1,2406448.888703728,1.2527213777814592,5.163731928947299
TH,7.730000019073486,553516.9,4278685.647557497,0.3971429892948696,5.137684195536017
TLS,5.760000228881836,1126606.05,6489251.1058596615,0.2953570570264544,5.127726480729511
LOMA,12.489999771118164,765382.9,9559632.245817756,0.6397858347211566,5.1223846793063625
SSRM,21.709999084472656,2563888.1,55662008.30369034,1.1114283970424108,5.119430879374484
HOV,129.69000244140625,111630.35,14477340.364035035,6.634998866489956,5.116044985416388
KODK,7.889999866485596,1790628.3,14128057.047925329,0.403571469443185,5.114974350727662
GDS,33.86000061035156,1628261.05,55132920.14681168,1.7282139914376395,5.1039987013741985
CBRL,28.520000457763672,1610142.9,45921276.24506492,1.4550001961844308,5.10168363545153
ASND,204.125,603276.2,123143754.32499999,10.400665283203125,5.095243249578996
HBM,16.260000228881836,5164339.0,83972153.32202339,0.8271431922912598,5.08698143080002
FTAI,169.43499755859375,1137471.5,192727480.82546997,8.618141174316406,5.086399680406107
AOSL,20.635000228881836,475786.25,9817849.37764883,1.0485710416521346,5.081516985807924
ALGT,78.8550033569336,364718.85,28759906.14108696,4.006164823259626,5.0804193173715335
TVTX,34.099998474121094,1582322.0,53957177.78556824,1.7299000876290458,5.073021011839305
MXL,16.614999771118164,1095973.95,18209606.92840147,0.8428570883614677,5.072868492159748
SLNO,48.05500030517578,2474899.1,118931277.00577927,2.437000274658203,5.071273039604424
CDLR,17.399999618530273,282157.75,4909544.74236536,0.8781431061880929,5.046799571494859
RCUS,25.3799991607666,1652214.8,41933210.23740616,1.2770716803414481,5.031803477423261
VTLE,17.850000381469727,512735.2,9152323.515592957,0.8978569167000907,5.0300106303200165
TBPH,18.739999771118164,597823.75,11203216.938169003,0.9420712334769112,5.027061072481008
ARDX,5.534999847412109,2841663.3,15728605.93189659,0.27821425029209684,5.026454525056147
OSIS,269.2799987792969,326985.25,88050587.72084808,13.416070120675224,4.982200750703025
VITL,31.13990020751953,1411497.5,43953891.2931633,1.5395002365112305,4.943818786353973
UI,559.3350219726562,166422.05,93085680.9934845,27.602648540453792,4.934904387553829
MNTN,13.539999961853027,1093127.0,14800939.538300514,0.6644285065787179,4.907152942766973
XPOF,7.034999847412109,781805.3,5500000.166205979,0.34499992643083843,4.904050233316635
CRESY,11.40999984741211,208845.15,2382923.129632759,0.5594209081358438,4.902900224514249
CLBT,17.799999237060547,1453247.4,25867802.61126022,0.8682857240949359,4.87800989500673
NBR,50.65999984741211,371689.15,18829772.282284737,2.4646429334368025,4.865066997355518
PAR,34.19499969482422,753867.9,25778512.610437777,1.6603498458862305,4.855534027501519
DUOL,184.11000061035156,2710822.3,499089495.3075546,8.934637887137276,4.852880265883246
CAL,12.430000305175781,1099247.55,13663647.38196373,0.6031358582632882,4.8522594002845345
ALNT,55.32500076293945,196686.95,10881705.658810236,2.680721810463681,4.84540763397407
PTEN,5.974999904632568,7855481.95,46936503.90209287,0.28833350411594166,4.825665417875395
SA,28.864999771118164,887775.7,25625645.377304267,1.3921427045549666,4.822943757470323
MESO,16.56599998474121,185260.85,3069031.238273144,0.7974999291556222,4.8140766020173364
AMKR,40.400001525878906,3074973.55,124228936.11203727,1.943214007786342,4.809935481169681
DSGR,27.459999084472656,77518.75,2128664.8040294647,1.3192858014787947,4.804391279913731
VCYT,46.4900016784668,1190559.45,55349110.82881451,2.2330284118652344,4.803244420831086
VCEL,37.78499984741211,665116.7,25131434.408011243,1.812142780848912,4.7959316876192215
PCVX,44.80500030517578,1467454.75,65749310.52158165,2.1474287850516185,4.792832876743787
FWRG,18.145000457763672,1287943.75,23369739.93332386,0.8690000942775181,4.789198524961737
CLMB,102.16000366210938,48584.6,4963402.913922119,4.872856685093471,4.769828220846853
TRIP,15.164999961853027,2756519.15,41802612.80459714,0.7214287349155971,4.75719575819534
OGN,7.474999904632568,6237604.1,46626090.052635714,0.3553398008484937,4.7537097709964495
DCBO,21.18000030517578,100855.8,2136125.8747787476,1.0067142759050642,4.753136267231556
PSTG,94.08999633789062,3370741.1,317153017.7549774,4.4610715593610495,4.741281467735107
PAAS,44.62689971923828,5777013.95,257810222.22329065,2.113571439470564,4.736092923254135
PBT,17.420000076293945,84898.4,1478930.1344772337,0.8228192319076566,4.723416924821903
CRGY,9.380000114440918,5986223.35,56150775.70806889,0.4429397783511444,4.722172419478112
BBW,52.2599983215332,331969.8,17348741.190799713,2.461886819211768,4.71084366299601
MRAM,8.239999771118164,231585.5,1908264.4669942856,0.38800004550388884,4.708738547103593
SQM,64.54000091552734,2012042.9,129857250.60808028,3.03356443132673,4.700285696148635
CE,40.91999816894531,2460752.75,100693998.02422714,1.9218581063406808,4.696623148432109
ENPH,29.190000534057617,7319071.3,213643695.15580577,1.3707144601004464,4.6958356801027
GOGO,6.795000076293945,1612493.85,10956895.833773518,0.31750004632132395,4.6725539772840055
REZI,33.70000076293945,2431830.1,81952676.22533913,1.5742859159197127,4.671471454834462
NATR,20.850000381469727,185681.05,3871449.963331699,0.9725424902779716,4.66447229009315
SDHC,20.56599998474121,84397.65,1735722.068612194,0.9574285915919712,4.655395275222834
CLDX,27.139999389648438,803727.5,21813163.859443665,1.262857164655413,4.65312156615996
EYE,27.979999542236328,1912417.2,53509432.380564876,1.3007856096540178,4.648983670247949
FIGS,10.6899995803833,3039913.7,32496676.17740145,0.4963928631373814,4.6435255624171194
HRI,132.42250061035156,405598.4,53710354.37155762,6.132857186453683,4.631280302204377
USAU,16.690000534057617,197543.25,3296996.9479994774,0.7717857360839844,4.624240331862652
SSTK,19.6200008392334,181759.4,3566119.580538559,0.9071429116385323,4.623562042997224
CAR,130.8000030517578,729781.3,95455396.26711579,6.04163578578404,4.618987496042606
ETSY,54.86000061035156,3806721.1,208836721.86943817,2.528928756713867,4.609786235103837
PPIH,25.780000686645508,70899.85,1827798.1816830637,1.1864282063075475,4.602126356506027
SE,137.8249969482422,5743678.15,791622423.4954354,6.322141919817243,4.587079310577757
SIMO,88.45999908447266,397261.65,35141765.1952961,4.057362605989483,4.586663630998918
HIPO,31.184999465942383,282490.65,8809470.769383717,1.4272138050624303,4.576603589880168
HP,28.700000762939453,1697356.95,48714145.75998058,1.3130394190946966,4.575050119128342
PAGS,10.895000457763672,5160232.15,56220731.63641682,0.49771417890276226,4.568280477199025
NVRI,18.424999237060547,2574650.15,47437927.04944782,0.8389286994934082,4.553208869642524
XPO,131.25999450683594,1195362.65,156903294.87267685,5.95964104788644,4.540333153507839
RYTM,102.30999755859375,721961.25,73863853.72489929,4.633572169712612,4.528953455461602
PAHC,40.689998626708984,334302.3,13602760.127905654,1.8426871126360855,4.528599594069641
WPP,19.049999237060547,794016.25,15126008.956713676,0.8606925691877093,4.518071410277473
NX,13.119999885559082,586202.65,7690978.700914431,0.5917857033865792,4.510561802961186
B,41.0099983215332,19298081.95,791414308.3783102,1.84964234488351,4.5102229226678965
CCJ,88.37999725341797,4571311.85,404012528.747517,3.9851021685902475,4.509054415518359
FROG,62.33000183105469,1993252.9,124239456.90675506,2.809785842895508,4.507918755580058
PGNY,24.959999084472656,1891103.95,47201952.86064262,1.123642921447754,4.501774690155177
XPRO,14.074999809265137,1100081.35,15483644.791426135,0.6335714203970773,4.501395587799702
TARS,79.93000030517578,447130.1,35739109.02945328,3.591143471854074,4.492860575682411
VSEC,170.6699981689453,225338.75,38458564.049892426,7.656427655901227,4.486100508609703
INFU,9.09000015258789,173724.75,1579158.0040082932,0.4071429116385324,4.479019854830478
IART,13.170000076293945,945209.7,12448411.821113776,0.5871428762163434,4.4581843038346145
URBN,78.12000274658203,2877973.15,224827270.38258934,3.4778570447649275,4.451941785059773
BZH,22.739999771118164,455630.05,10361027.232714558,1.0121429988316126,4.450936715123124
PHR,20.30500030517578,732652.65,14876512.281837845,0.9007140568324498,4.435922399877316
GRND,12.944999694824219,1918569.65,24835883.533749007,0.5741287640162877,4.435139262659394
JAZZ,170.13999938964844,1563127.45,265950503.38894272,7.527858189174107,4.424508179251887
MLAB,78.21499633789062,179367.1,14029197.069638062,3.450981679660898,4.412173932416459
ENOV,29.639999389648438,872546.65,25862282.17343979,1.3060712814331055,4.4064484086637385
PRKS,35.439998626708984,1684583.5,59701636.926576614,1.5578571047101701,4.395759495137529
OLLI,121.05999755859375,812049.65,98306728.64645691,5.3209991455078125,4.3953405359457545
GDOT,12.949999809265137,1138546.6,14744178.25283947,0.5657143592834473,4.368450715178422
FORM,56.130001068115234,831085.7,46648841.228695296,2.450713566371373,4.366138463808984
CRNX,45.349998474121094,1494931.05,67795120.83641624,1.9794998168945312,4.364939103634436
CDNA,17.68000030517578,1060040.65,18741519.01549873,0.7704999106270927,4.35803109348098
ACM,101.63999938964844,1467313.05,149137697.5064232,4.423570905412946,4.352194935041949
CCSI,22.768199920654297,195320.0,4447084.808502197,0.9857854843139648,4.329659295637614
WFRD,74.55999755859375,695591.9,51863330.36577759,3.2170927865164622,4.314770509465584
HOUS,14.454999923706055,2209755.2,31942011.24740906,0.6235713958740234,4.313880312454188
ELMD,27.235000610351562,51715.9,1408482.5680648803,1.1740854808262415,4.310943471688382
SM,19.479999542236328,3274320.05,63783753.07513523,0.8378572463989258,4.301115328993169
JAKK,16.209999084472656,124359.75,2015871.4336452484,0.6966039294625139,4.297371800161184
RDNT,78.19999694824219,909649.85,71134615.49396896,3.3554289681570872,4.290830050003617
APPN,41.084999084472656,957323.8,39331647.44654389,1.7615713391985213,4.2876265752778755
GKOS,105.7699966430664,1060946.3,112216286.58947372,4.532572065080915,4.28530983164973
OXM,40.189998626708984,356237.2,14317172.578782653,1.7182145799909319,4.275229257781217
PAM,90.15499877929688,243291.0,21933899.808013916,3.8492840358189175,4.2696290698668
IBKR,63.900001525878906,4209346.9,268977273.3329537,2.7220277042960928,4.259824161653106
EXPI,11.300200462341309,1980888.4,22384436.013526533,0.4799289669000356,4.247083655723027
BHC,6.860000133514404,2713811.3,18616745.8803329,0.2905072144099644,4.234798961456236
PTCT,79.10230255126953,2302204.65,182109688.75923958,3.347144535609654,4.2314122694977545
PZZA,42.04999923706055,2354467.45,99005354.4761839,1.7755734734104205,4.222529145364474
OIS,6.454999923706055,578577.15,3734715.4591080667,0.2721427508762905,4.2159992888124345
INBK,19.59000015258789,83604.55,1637813.147257042,0.8250000817435128,4.211332696873553
CIVI,29.479999542236328,1799068.3,53036532.66045189,1.2414283752441406,4.211086819949004
SSYS,8.84000015258789,685753.15,6062057.950637626,0.37219272341047016,4.2103248527830806
BILL,50.529998779296875,2594332.8,131091633.21708983,2.115500041416713,4.186621991931404
FND,65.0999984741211,2479950.15,161444750.98089638,2.725356783185686,4.186416047719394
MDWD,17.674999237060547,70495.25,1246003.4899663925,0.7384285245622907,4.17781361491643
COCO,53.43000030517578,916762.45,48982617.98327369,2.2269998277936662,4.1680700263404935
PCRX,23.950000762939453,740557.15,17736344.30750027,0.9974998746599469,4.164926275090109
STNE,17.68000030517578,8858377.7,156616120.43936232,0.7328570229666573,4.14511883663325
YPF,36.69599914550781,1978293.7,72595463.92476349,1.5178568703787667,4.136300702319416
MTSI,178.99000549316406,1071113.7,191718647.04680327,7.402141026088169,4.13550522315106
LAUR,31.110000610351562,1194496.8,37160796.17706299,1.2862145560128349,4.134408649239496
FA,13.65999984741211,881600.45,12042662.012478447,0.5632143020629883,4.123091569211762
CNK,25.934999465942383,3024267.9,78434386.3713667,1.0680003976175687,4.11798889381146
USPH,73.08999633789062,206608.65,15101025.471876526,3.0073101346072844,4.114530421789422
CCL,25.885000228881836,20818988.05,538899510.4393382,1.059999738420759,4.095034688228581
ASC,11.989899635314941,620780.25,7443092.893085718,0.4907143456595285,4.092731053512599
MG,11.6899995803833,182551.3,2134024.620398426,0.47821440015520367,4.090799121649956
OFIX,15.875,258044.2,4096451.6750000003,0.6485711506434849,4.0854875631085665
AGYS,124.30000305175781,170995.45,21254734.9568367,5.071430206298828,4.07999202074606
KLIC,45.279998779296875,570032.7,25811079.960159298,1.844285147530692,4.073068015129771
PRAA,16.5049991607666,493516.4,8145487.767824555,0.6717854227338519,4.070193619462442
MIRM,70.12999725341797,601396.85,42175959.43871421,2.852141789027623,4.066935549307492
BLFS,25.459999084472656,388693.4,9896133.608140565,1.0349999836512975,4.065200396187426
WRLD,158.35000610351562,77554.1,12280692.208352663,6.418928963797433,4.053633543658526
VEON,52.074798583984375,123902.15,6452179.505372619,2.104999542236328,4.042261515119372
ATLC,57.20000076293945,82508.15,4719466.242948722,2.312142780848912,4.04220760491139
EGO,30.6299991607666,1507542.0,46176010.194820404,1.2378572736467635,4.041323237227874
BNTX,96.16999816894531,1082250.8,104080057.45433961,3.8860718863351003,4.040835978293664
VLRS,7.675000190734863,446078.0,3423648.7350826263,0.30999997683933805,4.0390875457379805
GLBE,40.95000076293945,1748638.0,71606727.43410492,1.6529290335518974,4.036456661187246
TALO,11.399999618530273,2132994.25,24316133.636327267,0.459714412689209,4.0325827023885195
DIN,30.8075008392334,537615.1,16562577.644434547,1.239107268197196,4.0220960300005615
AVNS,11.449999809265137,561220.8,6425978.052955628,0.45957142966134207,4.013724343379159
KNTK,34.70000076293945,1215391.05,42174070.36226978,1.3849994114467077,3.991352682983007
TREX,34.81999969482422,4404140.25,153352162.16096306,1.3892863137381417,3.9899090347914354
CLMT,19.639999389648438,774479.05,15210768.069295503,0.7790859767368862,3.9668329987195183
DKS,208.75999450683594,1626641.15,339577597.5385933,8.273927961077009,3.9633685470355173
SIBN,19.514999389648438,705821.6,13774108.093200684,0.7728573935372489,3.9603249690451157
ARCB,64.125,325572.15,20877314.118750002,2.5293109397105127,3.9443445453575245
DEC,14.869999885559082,479519.3,7130451.936123371,0.5858381048529876,3.9397317374690837
VEEV,239.2899932861328,1490934.1,356765610.7790665,9.41714368547712,3.9354523589360877
UTZ,9.600000381469727,1497366.75,14374721.371200085,0.3775714465550014,3.933035745329799
VAL,57.119998931884766,818387.5,46746293.12586784,2.239000047956194,3.919818084426415
NOVT,112.22000122070312,960367.35,107772425.18932343,4.376428876604352,3.899865290499532
PENN,14.675000190734863,4093413.85,60070849.029506736,0.5721429416111538,3.8987593470177884
INTA,43.15999984741211,787007.8,33967256.52791214,1.6789283752441406,3.890010151019057
KVYO,28.829999923706055,3187932.15,91908083.64128007,1.1196930749075753,3.883777585399453
VSH,14.085000038146973,2005789.9,28251550.81801481,0.5464286123003278,3.8795073540675413
YOU,35.06999969482422,1633441.45,57284791.15301323,1.3598929813929967,3.877653245584988
PAY,35.060001373291016,765434.7,26836141.633164596,1.3585002081734794,3.8747865229931095
LC,18.229999542236328,1744932.2,31810113.20723343,0.7051639556884766,3.8681512528550073
KWR,135.4499969482422,134131.35,18168090.948163606,5.222143445696149,3.855403147547963
PX,9.555000305175781,552580.25,5279904.4573841095,0.3681551929898408,3.8530107925838304
CTOS,6.364999771118164,672534.9,4280684.484568978,0.24467853137425014,3.84412474741168
GLW,83.7979965209961,6355247.4,532556999.5152695,3.2110370040881304,3.8318780130782546
IPAR,80.3541030883789,280319.4,22524813.965272523,3.0742857796805247,3.8259225870509885
EVR,319.0199890136719,338511.6,107991966.91300048,12.205456869785277,3.825922290174175
SIGA,5.940000057220459,451421.5,2681443.7358305454,0.22713572638375418,3.823833740669006
NRDS,15.960000038146973,891003.2,14220411.105989074,0.6081427165440151,3.810418014351228
STAA,25.989999771118164,787305.75,20462076.262300014,0.9889289311000279,3.8050363209275293
DBRG,9.619999885559082,2963760.35,28511374.227824546,0.3660001073564802,3.8045749658053087
TWLO,130.7449951171875,1808367.35,236434980.3458313,4.971429007393973,3.8023857073366765
FOUR,72.29499816894531,2491961.85,180156377.38283157,2.7474278041294644,3.8003013676119526
POWI,34.75,917045.0,31867313.75,1.314365202506788,3.782345906494354
MRCY,67.70999908447266,620642.05,42023672.63728523,2.5571419852120534,3.776609097309027
GDYN,8.770000457763672,945653.7,8293383.3818859095,0.33071432794843403,3.770972755829996
CPRI,25.18000030517578,2508940.9,63175132.62766799,0.947857175554548,3.7643255125764026
FIVE,160.5,1130923.65,181513245.825,6.034284319196429,3.7596787035491768
RDVT,54.415000915527344,64728.0,3522174.179260254,2.043500082833426,3.7553984167081262
MAX,12.725000381469727,538099.7,6847318.8877687445,0.47735718318394255,3.7513333506777324
KFRC,29.979999542236328,289439.05,8677382.586505318,1.1221426555088587,3.742970889402334
HPE,22.084999084472656,28271650.7,624379379.8260307,0.8257143838065011,3.738801983410711
XP,20.049999237060547,7586779.35,152114920.1792467,0.748142923627581,3.73138629474214
OPFI,9.765000343322754,571462.95,5580335.902946234,0.36427831649780273,3.730448578497941
ARHS,10.694999694824219,1555725.3,16638481.608730316,0.3987142699105399,3.728043770805298
FLGT,28.375,394395.5,11190972.3125,1.0572143282209123,3.725865473906299
NSP,34.5,958954.7,33083937.15,1.283928598676409,3.7215321700765482
MEG,25.165000915527344,370654.3,9327515.798844146,0.933642932346889,3.7100850323069583
BLCO,17.020000457763672,489748.3,8335516.29018898,0.6305713653564453,3.7048845381717377
M,22.684999465942383,6186501.55,140340784.3578017,0.8403570992606026,3.7044616224137625
BYRN,18.270000457763672,346532.15,6331142.53912983,0.6753572736467633,3.696536708951074
WWD,298.2850036621094,557712.05,166357140.87665254,10.98407641777553,3.6824098707349187
ALK,43.2150993347168,3302514.8,142718505.13637236,1.5909570966448103,3.681484298629662
FCX,42.73500061035156,14582665.9,623190236.1370529,1.5724999564034599,3.6796535250839755
GOOG,317.2550048828125,27611594.7,8759916611.370739,11.668491908482142,3.6779536110997664
DMLP,21.489999771118164,220502.4,4738596.525531006,0.7892857960292271,3.6728050462336466
WDAY,211.98500061035156,3300135.25,699579172.9854927,7.782856532505581,3.6714185013548226
BRKR,47.84809875488281,2551304.4,122075064.88496704,1.7542860848563058,3.666365290381123
ITRN,40.16320037841797,80456.95,3231408.6046863557,1.4707142966134208,3.661845377749631
RNGR,13.616499900817871,159405.5,2170544.974939823,0.4977251692940454,3.6553091684313803
EME,607.7150268554688,396755.6,241114340.1090576,22.141427176339285,3.643389779401509
MBLY,11.8100004196167,3977700.85,46976648.707609706,0.42999989645821707,3.640981212362844
EFXT,13.71500015258789,570896.55,7829846.270361901,0.4985715321132115,3.635228046418474
FRSH,12.125,4688657.8,56849975.824999996,0.4399142265319824,3.6281585693359375
NVO,47.56999969482422,23387986.55,1112566513.046053,1.7242140088762556,3.624582762113947
EXAS,101.26499938964844,9748664.7,987198524.8953872,3.6642870221819197,3.618512856631185
FRPT,57.599998474121094,1022261.85,58882281.00015221,2.0822865622384206,3.6150809329864195
INN,5.190000057220459,775824.5,4026529.199393034,0.1874271667835121,3.611313385685973
CW,544.989990234375,251473.85,137050731.0557007,19.57069000144352,3.5910182484318787
SSL,6.28000020980835,1053988.3,6619046.745135546,0.22535715784345353,3.588489654689532
TIGO,52.41999816894531,871415.8,45679614.640390016,1.8796422140938895,3.5857349861706562
SLG,47.19499969482422,1161268.4,54806061.783609,1.6906670031195976,3.5823011209914464
ATNI,21.770000457763672,62795.35,1367054.79824543,0.7792859758649554,3.579632335685342
EGBN,20.139999389648438,509941.8,10270227.540756226,0.7192859649658203,3.5714299243500434
RES,5.429999828338623,1703037.1,9247491.160654306,0.1939286163875035,3.571429512306972
AUDC,8.600000381469727,159020.2,1367573.7806613923,0.30601426533290316,3.558305253012161
KNSA,40.584999084472656,334548.55,13577652.595461654,1.4429065159388952,3.5552705395795714
TPR,108.79000091552734,3612051.9,392955129.50793225,3.8649984087262834,3.5527147497014506
EXPE,262.8299865722656,2772773.7,728768074.3389313,9.336477821314306,3.552287904084804
MTW,11.3149995803833,237143.0,2683272.945490837,0.4017857824053083,3.5509129236016963
MGPI,23.309999465942383,283583.35,6610327.737050151,0.827430007458083,3.5496783630004747
CMP,18.639999389648438,332015.2,6188763.125354004,0.6614288602556501,3.5484382076909773
DCOM,29.25,266194.95,7786202.287500001,1.0378571919032507,3.548229715908549
ABR,8.925000190734863,3770824.85,33654612.50547776,0.3166492064435949,3.5478901924541333
PLUS,86.98999786376953,220132.4,19149317.005746458,3.0849372558252313,3.5463126009686654
WEAV,6.394999980926514,1540906.1,9854094.48010955,0.2267857619694301,3.546298086721388
MCW,5.164999961853027,1383915.2,7147921.955207825,0.18314286640712193,3.5458444871201213
PRM,27.489999771118164,949206.8,26093694.714743808,0.9702068056379046,3.5293081619347038
AIN,46.817501068115234,579993.55,27153848.64662495,1.6499922616141183,3.5243065605178896
ASLE,6.440000057220459,566516.55,3648366.614416337,0.22685715130397252,3.5226265417439353
NCLH,18.53499984741211,18303445.6,339254361.40311587,0.6521427971976144,3.518439722505138
LI,17.96940040588379,4312224.25,77488084.18821192,0.6321499688284737,3.517924663871848
ROG,86.62999725341797,144625.7,12528923.993773652,3.0471420288085938,3.517421361442291
BBIO,72.44000244140625,2154778.35,156092148.93468934,2.5334576198032925,3.4973185179728596
RPD,15.520000457763672,1447060.05,22458372.638411522,0.5415714808872768,3.4895068615565856
GOOS,14.0,826179.6,11566514.4,0.4884284564426967,3.488774688876405
KEP,17.350000381469727,460889.9,7996439.940815545,0.6042855126517159,3.482913541011269
GT,8.704999923706055,7980510.85,69470346.34038533,0.302142858505249,3.4709116732147556
NAVI,12.65999984741211,776961.4,9836331.2054451,0.4393570763724191,3.470435084264477
TEX,46.55500030517578,1056891.05,49203563.15528756,1.614642824445452,3.4682479086267843
HAL,26.735000610351562,9491191.25,253747003.8617134,0.9271432331630162,3.467900549828431
GPRK,8.229999542236328,793814.8,6533095.440620422,0.28499283109392437,3.4628535473342636
BIO,319.010009765625,160829.6,51306252.26660156,11.042857578822545,3.461602219609245
OI,13.385000228881836,2191387.85,29331726.873818874,0.4632142611912319,3.4606966998156574
BCRX,7.21999979019165,4082753.35,29477478.33040426,0.24964298520769393,3.457659175376061
MAN,28.635000228881836,1042269.45,29845385.939306542,0.9861125740055942,3.4437316784477665
APH,142.09959411621094,8009858.85,1138197691.51314,4.885712759835379,3.4382313265721076
KOP,29.549999237060547,165910.35,4902650.715920448,1.0154831203099302,3.436491189604999
SKY,85.24500274658203,778121.9,66331003.50267563,2.9278564453125,3.434637047307615
ANGO,13.380000114440918,484974.65,6488960.872500945,0.4592857360839844,3.43262879040099
DAKT,18.56999969482422,312265.95,5798778.596203995,0.6346288408551898,3.417495160390723
PDS,63.3650016784668,63613.9,4030894.880273819,2.165357862200056,3.4172773689610825
QUAD,5.870999813079834,196171.6,1151723.426931572,0.2005818410231614,3.4164852224367444
DIOD,47.029998779296875,422071.0,19849998.61477661,1.6064286913190569,3.415753206496413
RMAX,8.229999542236328,176508.55,1452665.285700798,0.2807143415723528,3.410867037497728
NTRA,237.80499267578125,1695327.75,403157403.1717987,8.104638235909599,3.408102641040555
JHX,19.30500030517578,7512144.15,145021945.10827446,0.6578573499407087,3.4077044265279466
DCO,91.20999908447266,106893.25,9749733.234636307,3.1042861938476562,3.403449429894931
RYI,22.639999389648438,414321.45,9380237.375118256,0.7703569957188198,3.4026369986169076
NATL,36.560001373291016,539798.65,19735039.385300636,1.2384071350097656,3.3873279225708304
PNTG,29.1200008392334,293691.9,8552308.374476053,0.9854288101196289,3.3840274097518566
NSIT,89.77649688720703,445704.25,40013766.212739944,3.0357164655412947,3.3814155940560857
CNM,49.209999084472656,2434984.85,119825602.2392048,1.6635712214878626,3.3805552782722423
HLNE,122.54000091552734,557836.4,68357272.96671449,4.141501290457589,3.3797137746983723
AVAH,9.09000015258789,1178689.25,10714285.462353706,0.3071428026471819,3.378908663271468
AUPH,15.930000305175781,2075916.95,33069357.647019576,0.5382142748151507,3.378620618357934
YETI,42.50299835205078,2250554.15,95655299.32865104,1.4357141767229353,3.3779126941374047
PEGA,55.8650016784668,1042054.5,58214376.39155388,1.8864274706159319,3.3767607875022345
DRVN,13.960000038146973,1207967.4,16863224.950080298,0.47099290575299946,3.3738746738249885
MAMA,12.0,240894.7,2890736.4000000004,0.40485736301967074,3.373811358497256
CACC,470.1199951171875,143798.75,67602667.64785767,15.854773385184151,3.3724950118813832
PGC,27.56999969482422,184888.2,5097367.617576599,0.9278571265084403,3.365459328179206
COLL,46.88999938964844,617691.9,28963572.813990783,1.5692858014787947,3.346738796983722
TBRG,22.854999542236328,98091.9,2241890.329597092,0.7646429879324776,3.3456267917197184
APLS,20.639999389648438,2379340.0,49109576.14776611,0.6899998528616769,3.343022641791995
MLKN,15.59000015258789,1198400.8,18683068.65486145,0.5203581581491366,3.3377687816299266
NOV,15.350000381469727,4227563.4,64893099.80268746,0.5085713522774833,3.3131683364087885
RHI,27.469999313354492,2605995.95,71586706.9571046,0.9094085331163791,3.3105517140448995
NGVT,51.540000915527344,322332.9,16613037.961104585,1.706064224243164,3.3101749979387014
SRAD,22.100000381469727,2273488.85,50244104.45226717,0.7312859126499721,3.3089859729737214
XENE,42.97999954223633,796165.1,34219175.63354454,1.42178589957101,3.3080174842110575
CNS,62.15999984741211,469162.5,29163140.928411484,2.0549994877406528,3.305983740001904
MELI,2152.0,562271.5,1210008268.0,70.95139857700893,3.2969980751398205
ENVA,131.0500030517578,193904.8,25411224.631750487,4.318563733782087,3.2953556911223285
CMG,34.290000915527344,24655369.8,845432653.0146652,1.1278574807303292,3.289173084330855
SNPS,449.9198913574219,2369314.0,1066001497.4716187,14.793574741908483,3.28804638916404
TEAM,155.05999755859375,2617603.1,405885530.2953674,5.088215419224331,3.281449438499834
REGN,742.342529296875,1108106.75,822594767.52594,24.34403497414227,3.279353399999893
RGR,30.18000030517578,269506.1,8133694.180246734,0.9890193604800499,3.277068755729721
ALGN,150.41000366210938,1467484.8,220724394.14208984,4.927143641880581,3.275808471455948
MASI,142.40499877929688,834200.75,118794356.78543854,4.663920811244419,3.275110320019517
ST,32.45500183105469,1255766.9,40755917.03887787,1.060356548854283,3.2671591096312214
CORT,79.6624984741211,648321.1,51646878.63949051,2.6025003705705916,3.266907792775332
FRPH,22.954999923706055,91947.35,2110651.412234974,0.749500002179827,3.2650838800735715
ILMN,128.61000061035156,1755627.05,225791195.9720497,4.197142464773996,3.2634650842511355
WYNN,132.99000549316406,1753742.6,233230238.00759584,4.339188925388389,3.262793252242877
POST,98.08999633789062,861373.8,84492152.88755494,3.199999673025949,3.262309911810894
LIND,11.859999656677246,323561.45,3837438.685913992,0.3867856434413365,3.2612618434906446
PTGX,84.62999725341797,877799.05,74288131.1905529,2.7561416625976562,3.256695914032236
TPB,97.80999755859375,377860.7,36958554.14448853,3.1838580540248325,3.2551458271098723
LNKB,7.690000057220459,142788.7,1098045.111170435,0.24995330068039934,3.25036799506533
OR,33.880001068115234,936805.1,31738957.788615797,1.0985713686261858,3.2425364049355387
BIRK,42.72999954223633,1792465.1,76592032.9024746,1.3852857862200056,3.241951324737845
VRNS,32.51499938964844,1638395.65,53272433.55975265,1.0525000435965401,3.236967748280558
APPF,231.02499389648438,217065.8,50147625.12013549,7.463209969656808,3.2304772932927146
AGCO,105.18000030517578,585436.2,61576179.69466095,3.3950676735731826,3.2278642933281256
CROX,85.23999786376953,1625812.1,138584219.93089065,2.747856685093471,3.2236705231798486
NXST,190.0,326073.95,61954050.5,6.122501918247768,3.22236943065672
TECH,63.41849899291992,2012644.4,127638886.85450591,2.0400541988950747,3.2168124936587152
GRNT,5.144999980926514,547605.4,2817429.772555256,0.16532082913547372,3.213232842533513
KKR,123.69000244140625,4714681.3,583158941.5074524,3.966708492654203,3.206975838272208
DXCM,64.62999725341797,6701352.0,433108361.354187,2.069999967302595,3.202847060608722
RELY,13.095000267028809,5276229.9,69092231.94940539,0.4191427230834961,3.200784379812751
SFM,84.23999786376953,2452289.2,206580836.96934512,2.695714133126395,3.2000406000553623
XRAY,11.0649995803833,4253702.75,47067219.14382529,0.35392877033778597,3.1986333823749282
KD,25.71030044555664,2875132.6,73920522.96681443,0.8219927379063198,3.1971339255523166
MNSO,19.8799991607666,724994.6,14412892.039560318,0.635014397757394,3.1942375481111784
IPI,25.469999313354492,155408.85,3958263.3027892113,0.8135711124965123,3.1942329581058866
DECK,91.81999969482422,3449675.8,316749230.90324247,2.932855878557478,3.1941362320901856
CENTA,30.497499465942383,417853.15,12743476.218967343,0.9707145690917969,3.1829316701057
INVA,20.84000015258789,914121.05,19050282.821483802,0.6628503799438477,3.180663987958443
HGV,41.70000076293945,858808.2,35812302.59521866,1.325357164655413,3.1783144853880043
HLIO,53.45050048828125,345119.05,18446785.95054016,1.6967860630580358,3.1744998597909246
IVZ,24.424999237060547,3943295.85,96314998.12775402,0.7747072901917316,3.1717802022128727
CSL,318.80999755859375,458628.95,146215494.42980042,10.082191650552081,3.1624452582291074
RSI,18.559999465942383,1122035.7,20824981.992768288,0.5864286422729492,3.159637172129484
REVG,53.599998474121094,1002476.45,53732736.19034233,1.6927146911621094,3.158049886847251
CRL,176.24000549316406,1099083.3,193702446.8294449,5.563569205147879,3.1568140216403235
ECVT,9.1899995803833,1183500.15,10876365.881883573,0.2899998937334333,3.155602905058434
ARES,161.3000030517578,1550269.85,250058531.53604814,5.068272181919643,3.142140164928168
DXC,13.585000038146973,1975674.55,26839538.837116003,0.42678580965314594,3.1415959400421216
THC,214.80499267578125,1006413.35,216182612.27555847,6.74714115687779,3.14105415932379
SLB,36.28499984741211,13315823.65,483164659.10841656,1.1396427154541016,3.140809481181195
BKD,10.960000038146973,4150421.0,45488614.318326,0.3435713904244559,3.134775449166368
VVX,55.630001068115234,344280.95,19152349.61623173,1.743713651384626,3.134484303262128
LAZ,51.1349983215332,736114.65,37641221.392206006,1.5992848532540458,3.1275738843245042
OLED,120.4800033569336,703253.25,84727953.92077446,3.7671432495117188,3.1267788384361137
SWK,70.9000015258789,1656776.75,117465474.1030407,2.2161562922239026,3.1257492870645325
MNKD,5.619999885559082,3564871.3,20034576.298032854,0.17535710334777832,3.120233219192204
RGLD,198.7550048828125,910988.3,181063484.01468506,6.201429094587054,3.1201373259724776
AMAL,30.19499969482422,178020.45,5375327.43342247,0.9392855507986886,3.1107321089315767
LYTS,18.280000686645508,198976.05,3637282.330626011,0.5682438837359565,3.108555045903736
TDC,30.954999923706055,1968162.4,60924466.941841125,0.9621425356183734,3.1081975060240343
SAFE,13.369999885559082,463811.0,6201153.016921043,0.4146428789411272,3.1012930627544915
MSBI,17.575000762939453,157880.9,2774756.9379535676,0.5442598317182114,3.0967841143193375
KGS,35.150001525878906,1761118.85,61903330.26475411,1.086785180228097,3.0918495961599324
EC,9.900099754333496,2562561.0,25369609.526564598,0.3060715539114816,3.0916007061192206
CSR,65.88999938964844,200198.55,13191082.337308502,2.0364292689732144,3.0906500043057292
CHTR,196.24000549316406,1798109.6,352861037.78131104,6.064643859863281,3.090421774409571
ODFL,140.35000610351562,2032012.5,285192966.77742004,4.333015986851284,3.0872930519543074
FICO,1787.6500244140625,199608.4,356829961.13325197,55.188563755580354,3.0872129892241906
CRBG,29.010000228881836,7409047.0,214936455.16579628,0.8949997765677316,3.085142259587733
EL,99.69499969482422,3631036.8,361996212.6678955,3.069500668697727,3.0788912965482296
FANG,155.73800659179688,1622452.3,252677486.992276,4.794988739315049,3.0788815423091553
OSPN,12.329999923706055,631964.35,7792120.387284946,0.3793784640151085,3.076873206509136
RMR,15.210000038146973,195839.6,2978720.323470688,0.46749986921037945,3.0736348983424113
IP,37.73500061035156,4780329.05,180385719.6194313,1.1590069349099263,3.0714374351751954
LEN,129.7899932861328,9317128.85,1209270090.8875344,3.9849984305245534,3.0703433520789956
BAX,18.674999237060547,8613633.75,160859603.70956898,0.5729652590867238,3.0680871887248804
MED,10.880000114440918,196993.55,2143289.846544123,0.33214289801461355,3.0527839569942974
JLL,324.25,335474.8,108777703.89999999,9.888966151646205,3.0497968085262004
LOPE,157.1199951171875,433187.95,68062488.58882447,4.790714808872768,3.049080293885974
CARG,36.0,950717.55,34225831.800000004,1.0971429007393974,3.0476191687205483
SLAB,130.10000610351562,273263.85,35551628.55287018,3.9635723658970425,3.0465581705994533
Z,72.56999969482422,2506641.2,181906951.1190338,2.2108568464006697,3.0465162680141926
KARO,46.209999084472656,41288.2,1907927.6841995239,1.4075707026890345,3.046030579044097
ULTA,545.3599853515625,518161.95,282584793.4617371,16.577220371791295,3.0396840283587925
LULU,183.38999938964844,3181451.1,583446315.2871964,5.5739288330078125,3.0393853817322363
ENS,145.55999755859375,537995.45,78310616.38853455,4.415718078613281,3.0336068649875987
TXO,12.59000015258789,240312.35,3025532.5231687548,0.3814507992462993,3.0297918556251298
OII,24.799999237060547,723007.55,17930586.68838902,0.7507140295846122,3.0270727930618744
DOCU,69.91000366210938,1844935.55,128979451.05685578,2.1087850843157088,3.01642822750795
FCFS,160.42999267578125,251820.25,40399520.8631134,4.8391096252390895,3.0163372474987393
AVTR,11.741800308227539,7833980.15,91985030.53991842,0.3540714127676828,3.0154780653149342
PEB,11.180000305175781,1972834.4,22056289.19406128,0.33607142312186106,3.0060054914871226
SITE,133.80250549316406,622340.25,83270684.7192421,4.0198228018624445,3.0042956124374043
MGM,35.52000045776367,4652046.95,165240709.7935381,1.0635717936924525,2.994289921130859
ARCO,7.625,1244826.7,9491803.5875,0.22821429797581264,2.9929743996827884
ROIV,20.204999923706055,7529756.35,152138726.47727516,0.6039284297398159,2.989004860283324
KNX,48.209999084472656,2503610.4,120699055.09187621,1.4385713849748885,2.9839689116240193
RDWR,23.270000457763672,200415.55,4663669.940242958,0.6935712269374302,2.980538088928275
TRMD,21.040000915527344,593610.75,12489570.723466873,0.6268880171182393,2.9795056551333188
PIPR,325.8699951171875,115237.8,37552541.323315434,9.703604741731153,2.9777533639577953
MMSI,84.54499816894531,654907.65,55369166.070078276,2.5167857578822543,2.9768594386305263
ANDE,52.79499816894531,308866.35,16306598.38269882,1.5678574698311942,2.9697083515639324
RWAY,9.16450023651123,443640.15,4065740.2596008778,0.2720639971537099,2.9686724876694424
TASK,11.71500015258789,374694.7,4389548.467673874,0.34689262935093473,2.9610979499159864
RL,358.0899963378906,676085.8,242099561.64609987,10.595129830496651,2.958789672666303
GRC,45.81999969482422,78246.9,3585272.934120941,1.354683508089961,2.956533210634187
POOL,244.11500549316406,981371.8,239567582.34783632,7.212856837681362,2.954696219148783
GBCI,43.021400451660156,717307.7,30859581.808759306,1.2696358816964286,2.9511728311192957
TNC,72.51499938964844,120643.75,8748481.457614899,2.1393983922035864,2.950283955334332
CHCT,15.779999732971191,340285.9,5369711.411133862,0.4643573079790388,2.942695284137408
CNNE,16.3799991607666,683574.75,11196953.83132124,0.481785637991769,2.9413044119424785
BKR,49.29499816894531,6661772.75,328392075.5131798,1.4485713413783483,2.9385767221529466
WHF,7.350100040435791,168825.65,1240885.4168915986,0.21571431841169084,2.9348487398125402
CARR,53.744998931884766,6298589.9,338517707.4478802,1.5741430010114397,2.9289106564249336
PLMR,121.72000122070312,268745.2,32711666.072058108,3.5489289419991628,2.915649775228175
ESRT,7.014999866485596,1366232.1,9584117.999088336,0.20428575788225448,2.9121277515376263
HRMY,36.04999923706055,865659.25,31207015.302054405,1.0479286738804408,2.9068757172209225
CBZ,49.52000045776367,651587.75,32266625.6782732,1.4342853001185827,2.896375781219763
STRC,97.77999877929688,1423504.95,139190312.27332306,2.8284109722253064,2.892627334358456
BEPC,40.3650016784668,1324959.45,53481990.42315044,1.1674005024418546,2.892110625291064
SLM,29.850000381469727,2160502.35,64490995.97166625,0.8632143565586635,2.891840353524851
KINS,14.90999984741211,143529.45,2140024.077599144,0.4310713495526995,2.8911559622015655
MLR,38.02000045776367,87815.85,3338758.657198906,1.098928451538086,2.890395682027629
ICFI,82.10009765625,181204.3,14876890.725732422,2.3692855834960938,2.8858498968127937
OSK,124.25,630875.6,78386293.3,3.584251142212063,2.8847091687823445
SHC,17.03499984741211,3250499.95,55372266.152263075,0.4896429606846401,2.8743349872059123
FSS,113.1500015258789,338873.95,38343587.959580615,3.2398952972259343,2.863363016822344
INDB,73.5999984741211,287762.25,21179301.160909653,2.1050006321498325,2.8600552660201255
WAL,82.47000122070312,804476.75,66345198.55452728,2.3586115996392,2.8599630953407797
PSN,83.75,993754.5,83226939.375,2.393072945731027,2.8574005322161518
LEA,108.2750015258789,633534.1,68595905.64419632,3.0899990626743863,2.8538434718339327
BRC,78.63999938964844,220166.65,17313905.22162094,2.2403575352260043,2.8488778644635997
HTLD,8.239999771118164,511212.3,4212389.23499279,0.23428569521222795,2.8432730791257717
AX,82.33000183105469,266866.25,21971098.851146698,2.337857927594866,2.8396184569414538
ITT,179.19000244140625,515201.85,92319020.75931701,5.083349159930721,2.8368486470627388
WF,59.540000915527344,55686.75,3315589.1459827423,1.6875572204589844,2.8343251503358458
BSY,42.40999984741211,2152310.7,91279496.45858346,1.2007146562848772,2.8312064621668362
TEVA,27.040000915527344,14146516.85,382521828.57552296,0.7653571537562779,2.830462750897254
HLMN,8.654999732971191,981652.9,8496205.587370396,0.2446427685873849,2.8266063100547436
LEVI,21.985000610351562,2027929.65,44584034.59300003,0.6196353094918388,2.818445723399642
UNH,324.30999755859375,7738564.85,2509693947.6105194,9.085717337472099,2.8015532687457667
DOOO,69.1050033569336,114415.95,7906714.608836746,1.934643064226423,2.7995701761764145
KNSL,375.20001220703125,204743.2,76819651.13930665,10.484058904464812,2.7942586789362425
NCNO,24.440000534057617,1611790.4,39392158.236788936,0.682643209184919,2.793139092749374
PRGS,42.81999969482422,513099.0,21970899.02341461,1.194643565586635,2.789919603224647
FBNC,51.10499954223633,183526.4,9379116.587988282,1.4257150377546037,2.789776050337902
SMP,37.11000061035156,139831.75,5189156.327846527,1.0336437210291989,2.7853508596840917
HAE,80.58999633789062,1193484.9,96182943.72032775,2.2442850385393416,2.7848183900266
BA,203.72450256347656,8619284.45,1755959437.0293586,5.672847202845982,2.7845679491000026
SNDR,23.28499984741211,892611.25,20784452.820048332,0.6478571210588727,2.782293860014242
CPRX,22.71500015258789,1383274.15,31421072.528320882,0.6314288548060826,2.779788028018766
FIZZ,35.140098571777344,461182.95,16206014.322623063,0.9764284406389508,2.7786730268968745
NEU,748.9199829101562,62838.15,47060746.224105835,20.808576311383927,2.778477913024283
HII,308.2099914550781,410178.45,126421096.56955719,8.541136849848256,2.771206997386759
NUE,160.59500122070312,1261945.55,202662147.1427109,4.445712498256138,2.7682757647895073
BMRN,54.349998474121094,3007328.9,163448321.12618026,1.5014288766043526,2.7625187097645685
ADUS,119.19499969482422,205905.05,24542852.371912763,3.2921420506068637,2.7619799983520767
UFCS,36.369998931884766,134474.85,4890850.150865364,1.0039288657052177,2.760321405522769
MGY,23.239999771118164,2186403.7,50812021.48757191,0.641214234488351,2.7590974217014796
HAYW,16.424999237060547,1635431.65,26861963.60351467,0.45199993678501676,2.751902330474066
CBT,63.834999084472656,491058.2,31346699.747422792,1.7563721428866468,2.7514250302760166
CRUS,121.01499938964844,571138.2,69116288.9244049,3.325714111328125,2.7481833889201384
GTES,22.389999389648438,2495190.35,55867310.41355667,0.6139285223824638,2.7419765034308186
SONY,28.553499221801758,3875935.75,110671528.42137861,0.7824999945504325,2.74046970030546
GOLF,83.80000305175781,318540.9,26693728.39210968,2.2953572954450334,2.739089751616525
FTDR,54.209999084472656,801764.1,43463631.12696304,1.4832709176199776,2.7361574297551137
SSD,166.88499450683594,297958.85,49724861.045513146,4.565714154924665,2.735844626664529
DKL,45.42499923706055,67016.8,3044238.0888702394,1.242643083844866,2.7355929658024967
OXLC,15.039999961853027,1364042.7,20515202.1559659,0.41062365057920214,2.7302104496056834
SCL,45.439998626708984,166957.15,7586532.666719246,1.2401208243306148,2.729139220531775
KBH,64.43000030517578,764226.1,49239087.85622329,1.7566860897655374,2.726503308155998
TOL,139.04249572753906,906962.1,126106273.91428985,3.7892842973981584,2.7252706286454007
AUB,34.380001068115234,1022196.95,35143132.23282413,0.9364580891284656,2.723845433492314
CR,181.75999450683594,302005.8,54892572.54903259,4.947594327265896,2.722048017601485
NMM,54.165000915527344,119757.05,6486640.722890854,1.4735712323869978,2.720522860666237
JOE,60.869998931884766,190891.65,11619574.53160572,1.6547401408588318,2.718482289954584
BN,46.505001068115234,4621447.2,214920406.97223815,1.2624996730259486,2.7147610881177764
VTS,21.329999923706055,345610.3,7371867.6726320265,0.5789286749703544,2.7141522599207137
LXP,48.79999923706055,854434.0,41696378.54811859,1.3242860521589006,2.713700968981139
MANH,178.33999633789062,488016.3,87032825.15483093,4.838798522949219,2.7132435921897313
ARLP,23.655000686645508,278118.65,6578896.856718922,0.6407143729073661,2.708578965584571
CSCO,76.65010070800781,24561945.15,1882675569.332064,2.074999673025949,2.7071062579949996
SIRI,20.809999465942383,3456915.45,71938408.66830797,0.5628572191510882,2.704744034579432
CBU,58.060001373291016,214697.5,12465337.144842148,1.5702710832868303,2.7045660457204064
ETD,23.9950008392334,322706.6,7743345.137826156,0.648564338684082,2.7029144238396396
BSTZ,22.295000076293945,203432.6,4535529.832520676,0.6022908043319529,2.7014613243817065
JD,30.030000686645508,13178329.2,395745234.9248405,0.8109284809657505,2.7003944802651123
HCSG,18.940000534057617,535605.6,10144370.35004425,0.5111925942557198,2.699010453228347
AIO,23.11240005493164,82509.8,1906999.5060523988,0.621905747013898,2.690788258838562
TILE,27.701799392700195,401270.45,11115913.508118534,0.745262117517363,2.690302196447751
OMAB,105.76499938964844,66785.9,7063610.672737121,2.844576016624175,2.689524921325327
CATY,48.86000061035156,373637.55,18255930.92105026,1.313399297014822,2.6880869435285333
ARMK,36.97999954223633,3141129.2,116158956.37810516,0.9935711451939174,2.6867797660709005
ECC,6.276000022888184,1751491.05,10992357.86988845,0.16828557423182897,2.68141449359627
AFYA,15.145000457763672,85454.4,1294206.9271179198,0.4058570861816406,2.6798090057078143
PEN,288.20001220703125,514408.9,148252651.25940552,7.708851405552456,2.6748268837735956
GDEN,28.655000686645508,662038.3,18970707.941085625,0.7664285387311663,2.674676392830644
CACI,613.1799926757812,208171.25,127646445.55030823,16.397857666015625,2.674232339913606
GMRE,33.27000045776367,166586.55,5542334.59475727,0.8896359034946987,2.673988251440192
EWBC,107.83000183105469,545822.0,58855987.25942993,2.883050101143973,2.6736993899537005
CF,78.37999725341797,2626599.65,205872873.3528286,2.0928039560167124,2.670074035917946
NVGS,17.645000457763672,327810.4,5784214.658059693,0.4701105553544677,2.6642705761315097
SJM,101.19499969482422,1787282.3,180864031.80306473,2.6954949317641117,2.663664153261495
HUBG,39.77000045776367,564969.75,22468847.216122627,1.0592853001185827,2.6635285087400473
HTH,34.599998474121094,350101.25,12113502.715787888,0.919642584664481,2.6579266624890847
CX,10.744999885559082,8047311.4,86468360.0720583,0.28535727092197966,2.655721488703692
GEHC,80.0199966430664,4087123.2,327051584.74379885,2.124286106654576,2.6546940711958174
GPN,78.77999877929688,2195872.95,172990868.32049105,2.087144034249442,2.649332402373604
TT,410.93499755859375,1125882.05,462664337.46801454,10.875717163085938,2.6465784680544777
PBI,9.5649995803833,3026065.1,28944311.411712553,0.2521426337105887,2.6360966520866747
KNF,74.81999969482422,664345.7,49706345.07125778,1.9692856924874442,2.6320311421007294
CLH,239.17999267578125,601865.85,143954269.59480286,6.284287588936942,2.627430295750349
TENB,26.500999450683594,1052621.4,27895519.143177792,0.6953567777361188,2.623888880229315
LPX,81.9000015258789,1065949.7,87301282.05651017,2.1471844309630135,2.6217147630754836
ITGR,70.45999908447266,753367.65,53082283.92927132,1.8443990434919084,2.6176540838167006
CCAP,14.170000076293945,175520.15,2487120.5388911245,0.3706428664071219,2.615687116524425
ONB,21.780000686645508,2458768.85,53551987.24130259,0.5696430206298828,2.6154407836137565
CCBG,42.130001068115234,45939.2,1935418.5450683592,1.1018188449793556,2.615283211595341
KN,22.89310073852539,649233.6,14862970.207635498,0.5985710961478097,2.614635312989783
MBWM,46.63999938964844,54200.8,2527925.278918457,1.2185712541852678,2.612717131500917
RLGT,6.290999889373779,164854.85,1037101.843112731,0.16435721942356654,2.6125770515619426
ENSG,182.14999389648438,452637.95,82447999.8298172,4.756428309849331,2.6112700901611907
JBHT,184.99000549316406,1238866.7,229177957.63829803,4.818572998046875,2.604774774291758
BSRR,31.6299991607666,40234.1,1272604.5492341996,0.8217859268188477,2.5981218736109835
EPAC,36.79999923706055,323256.0,11895820.553375244,0.9560715811593192,2.598020654838706
LYV,129.47999572753906,3562317.5,461248854.68013763,3.363673618861607,2.597832661301354
COLB,28.05500030517578,2861102.3,80268225.89963913,0.7287622516032916,2.597619831317002
BFAM,104.22000122070312,712795.65,74287563.51311187,2.7037876674107144,2.5943078446957566
IOSP,74.2699966430664,267635.1,19877257.97856674,1.9264074779403078,2.5937896391707334
XHR,13.680000305175781,887870.35,12146066.658956528,0.35464279992239817,2.5924180702556
JXN,98.2300033569336,564804.15,55480713.55051003,2.545714787074498,2.5915857681733527
LOW,243.2899932861328,3518657.9,856054256.8671981,6.304186139787946,2.59122294946739
WBS,60.77000045776367,1007650.6,61234927.42326584,1.5735713413783483,2.5893883980995045
R,172.05999755859375,321248.7,55274050.53770142,4.45364025786823,2.5884228298629237
ZION,54.20000076293945,1376588.85,74611116.72025394,1.4023933991670217,2.5874416594583183
NOW,828.114990234375,1491590.7,1235208617.9641845,21.42535400390625,2.5872438316618807
EDU,52.869998931884766,987102.5,52188108.12066078,1.3671433585030692,2.585858494652956
BHB,30.50830078125,74960.25,2286909.8536376953,0.7883108005455343,2.583922343620067
MHK,115.07859802246094,803539.6,92470210.62352905,2.9721412658691406,2.5827054873305295
HXL,75.90499877929688,1045007.05,79321258.85460663,1.9592862810407365,2.5812348495487134
CALM,80.9749984741211,751518.7,60854225.58577346,2.0850001743861606,2.5748690505409626
VNT,35.790000915527344,1120055.4,40086783.79144134,0.9203299808148105,2.57147235896138
MTD,1458.864990234375,148759.2,217019588.85527346,37.441414969308035,2.566475665667517
PBH,59.38999938964844,456217.65,27094765.955046847,1.5236075265066964,2.5654277524243554
AHR,50.400001525878906,2197599.1,110758997.99327011,1.292785372052874,2.565050263716891
TNET,57.849998474121094,407286.3,23561511.833530426,1.469278335571289,2.5398070429138615
GPK,16.21500015258789,4960985.4,80442379.0179863,0.40999977929251535,2.5285215876305744
BPOP,116.00499725341797,526051.25,61024573.81140709,2.9310711451939175,2.5266766213449103
RBCAA,68.62999725341797,17481.35,1199745.002486038,1.730715070452009,2.521805536522609
CHKP,189.0399932861328,630905.15,119266305.32018661,4.764284406389509,2.5202521030447986
DFIN,48.099998474121094,236607.15,11380803.55396614,1.2119287763323103,2.519602525526806
NBTB,41.571998596191406,212170.15,8820337.17795372,1.0469426655849026,2.5183842512705596
AIT,258.2099914550781,244544.0,63143704.150390625,6.502518957926118,2.5183064843009335
BGC,8.65999984741211,3006403.2,26035451.25325928,0.21802579988510828,2.5176189806777134
GBX,44.869998931884766,280765.65,12597954.415609933,1.1292852674211775,2.516793613335042
ELP,10.869999885559082,248828.65,2704767.397023821,0.27357135500226704,2.5167558222857913
ADSK,309.8399963378906,1480937.3,458853607.6086456,7.778570992606027,2.510512227131336
TRMK,38.79999923706055,298058.65,11564675.392599298,0.973825246941931,2.509858933223286
HAFC,28.18899917602539,146133.3,4119351.4732898707,0.7075000490461077,2.5098445128475264
UMBF,111.893798828125,400562.45,44820454.19840088,2.8078580583844865,2.5093955945650843
APG,39.01499938964844,2780673.15,108487961.2500618,0.978928974696568,2.5091092913262996
COKE,161.75,505630.2,81785684.85000001,4.0557131086077005,2.507396048598269
OXY,41.944000244140625,8874253.75,372221701.45656586,1.048571995326451,2.49993321863222
FWONK,93.7300033569336,1552392.3,145505735.49027786,2.342357635498047,2.4990478519221915
TWN,55.869998931884766,23721.7,1325331.3536624908,1.395714351109096,2.4981463715628744
TRGP,173.27000427246094,1581295.05,273991000.06952137,4.327501569475446,2.497548024914112
TKR,80.12999725341797,614795.85,49263589.77191276,2.000163926067656,2.4961487515617486
BANR,63.89500045776367,181887.05,11621673.143011283,1.5919720785958427,2.4915440444329904
VCTR,61.345001220703125,411630.6,25251479.659478758,1.5280718122209822,2.49094756184515
CMI,502.54998779296875,1008107.05,506624185.67150575,12.510332621560739,2.4893707940382073
PCH,38.93000030517578,593937.2,23121975.377255246,0.9678576333182198,2.4861485377115247
IMO,95.8499984741211,482433.5,46241250.2388649,2.3821422031947543,2.48528142004918
HG,26.709999084472656,511422.2,13660086.493778992,0.6620642798287528,2.4787132254663056
TDS,39.7599983215332,881697.95,35056309.012099266,0.9853570120675224,2.4782622074052583
IQV,227.90249633789062,1327225.55,302478016.0484299,5.646428789411273,2.4775633791390415
HE,11.3149995803833,1862141.85,21070134.251364183,0.27890716280256,2.464933037082021
PFE,25.15999984741211,84847979.45,2134775150.015226,0.6200000217982701,2.464229036400577
APAM,41.59000015258789,414960.8,17258219.735317994,1.0243291644208914,2.4629217616320536
DLR,156.3000030517578,1804402.1,282028053.7365982,3.848433358328683,2.462209394234175
SUN,54.7400016784668,810960.6,44391984.605170436,1.3457153865269251,2.458376589813464
RUSHB,53.29999923706055,33997.05,1812042.7390623095,1.310000283377511,2.457786683168734
CPF,30.431800842285156,131994.1,4016818.1635566712,0.7477718614865664,2.4572054258699447
CQP,54.31999969482422,133417.1,7247216.831284333,1.3324999128069197,2.4530558179179898
DG,109.54000091552734,2790867.75,305711655.89011574,2.6850002833775113,2.4511596320398708
CI,273.8949890136719,2214972.25,606669800.0793381,6.689993722098214,2.442539655869452
GILD,123.53500366210938,7022084.45,867473228.2463913,3.015001024518694,2.4406046344283667
FNB,16.7549991607666,5236404.65,87735955.51618433,0.4088069107463766,2.4399100639983096
HSHP,9.34000015258789,138272.6,1291466.1050987244,0.22785040310450963,2.439511770686403
ALX,212.46499633789062,52919.1,11243456.387704467,5.166422162737165,2.431658038635607
TDG,1337.52001953125,309937.0,414546942.29345703,32.489981515066965,2.429121137674894
CPRT,38.970001220703125,10288343.65,400936764.59951323,0.9453577314104352,2.4258601534459445
RYAN,57.279998779296875,1190701.15,68203360.41850738,1.3893571581159319,2.425553749519452
TTC,70.33000183105469,697658.45,49066320.06595077,1.7025010245186942,2.42073223403066
DGICA,20.0,111179.8,2223596.0,0.48142828260149273,2.407141413007464
ACN,262.13751220703125,3485845.75,913770932.842453,6.309288024902344,2.406861945008232
FTNT,82.90499877929688,5642714.0,467809197.2819214,1.9942872183663505,2.4055090136065065
BUSE,23.56999969482422,363926.8,8577754.564938353,0.5664288657052177,2.4031772296950895
PSMT,123.6500015258789,170116.7,21034930.214577485,2.9710709708077565,2.4028070636019656
LBTYA,11.40999984741211,1820728.45,20774511.336678885,0.27357169560023714,2.3976485474036675
SWBI,8.645000457763672,476815.65,4122071.5125188828,0.20678561074393137,2.3919676089574624
VTRS,10.744999885559082,9054969.1,97295641.94324102,0.2565636749851984,2.3877494436273685
CCNE,26.389999389648438,99987.7,2638675.341972351,0.6298032669579161,2.386522476408084
KBR,43.654998779296875,1056631.15,46127231.56341705,1.0382137298583984,2.3782241642182
IRMD,92.80999755859375,77585.3,7200691.5035827635,2.2044259762980607,2.3752031400564797
CNXN,58.41999816894531,74212.5,4335494.114112854,1.3857075827462333,2.3719747110208615
ASB,25.735000610351562,1428012.45,36749901.27233963,0.6084529947319106,2.3643014583305217
CIGI,143.2100067138672,128984.1,18471813.82698212,3.3807144165039062,2.3606691278623813
FHN,22.559999465942383,6097699.8,137564104.23147696,0.5307143075125558,2.3524570925356034
AXP,362.0799865722656,2469675.55,894220089.9818527,8.510083879743304,2.350332577148619
UTHR,475.80499267578125,425811.8,202603380.3802612,11.15999276297433,2.345497196280761
KAR,26.190000534057617,1094751.5,28671542.369660378,0.6135718481881278,2.342771422972045
EIC,11.40999984741211,208790.55,2382300.1436410905,0.2671429089137486,2.3413051050508034
RMT,10.310099601745605,114062.85,1175999.3443589688,0.24027844837733678,2.33051529722036
CRH,118.69000244140625,4038257.55,479300798.4685272,2.7658789498465404,2.330338607257147
CIVB,22.959999084472656,66200.9,1519972.6033912657,0.5339287349155971,2.3254736768551587
FIHL,18.799999237060547,453629.5,8528234.253908157,0.4371425083705357,2.3252262027159776
NTRS,131.36000061035156,905048.95,118887230.62439804,3.0521463666643416,2.3234975277731715
IFS,40.16999816894531,188787.3,7583585.495320129,0.9328569684709821,2.322272867794544
PAX,15.279999732971191,525044.9,8022685.931797886,0.3539787672093612,2.3166150091321382
FCF,16.610000610351562,639348.15,10619573.161727143,0.3835712160382952,2.3092787594435653
CCK,97.56999969482422,2087297.3,203657596.92400742,2.249286106654576,2.3053050258171655
CLX,106.08499908447266,2386699.75,253193040.79366112,2.4392858232770647,2.299369226873185
SLGN,39.025001525878906,1170212.35,45667538.74435234,0.8973098347069909,2.2993204346499563
SMFG,18.815000534057617,2281229.95,42921342.72755823,0.4321428026471819,2.2967993110866343
RJF,156.14999389648438,1113283.05,173839141.46255952,3.583563668387277,2.2949496051616296
HBNC,17.34000015258789,240192.45,4164937.1196504594,0.39714268275669645,2.2903268700226933
GLAD,20.904800415039062,215707.8,4509328.506967163,0.4769667473894876,2.281613495081992
MUFG,16.065000534057617,3787979.4,60853891.083999254,0.3657142775399344,2.2764660154515672
CVS,77.70999908447266,6392157.75,496734572.9003048,1.7674942016601562,2.274474613928186
TMO,581.3900146484375,1613806.65,938251071.8832458,13.209995814732142,2.2721401265758128
CMCSA,26.885000228881836,33547419.85,901922390.3456451,0.6103570120675224,2.270251094927766
CSQ,18.90999984741211,258807.95,4894058.295009041,0.4283286780313654,2.2650908592682164
PCTY,146.91000366210938,719047.8,105635314.93123169,3.327573503766741,2.2650421488111228
PFGC,94.05000305175781,1393359.15,131045432.30969466,2.128929683140346,2.2636146879960743
KRNY,7.054999828338623,290590.15,2050113.4583668949,0.1592855794089181,2.2577687212563426
MLI,111.66000366210938,597309.05,66695530.71041108,2.5171432495117188,2.2542926445970415
EXPO,73.37000274658203,378848.25,27796097.143037796,1.6524996076311385,2.252282330339862
NBHC,37.66999816894531,278301.3,10483609.461415099,0.8475277980400305,2.2498748055122606
WMT,111.63500213623047,20190863.35,2254007073.2095876,2.5099994114467075,2.2483982294224387
ZTO,20.389999389648438,1523724.85,31068748.76149216,0.4575004577636719,2.243749246976118
CSV,42.10499954223633,77619.45,3268166.9067186355,0.9446571895054409,2.2435748718102637
ZBH,94.30999755859375,2606979.95,245864272.7198029,2.1149994986397878,2.2426037041574114
HQH,18.795000076293945,222145.25,4175219.9906983376,0.42105422842065593,2.240245952176025
CWEN,35.18000030517578,1198013.4,42146111.77760467,0.7876364220309807,2.23887554064376
WASH,28.920000076293945,98443.0,2846971.567510605,0.6471425465175084,2.2376989792886564
VRTX,433.94000244140625,1385276.1,601126714.2160218,9.692145211356026,2.2335219516123614
AVT,48.119998931884766,775480.4,37316116.01969757,1.070357186453683,2.224349979659817
VRSN,255.6750030517578,971035.85,248269593.91211623,5.669935303602257,2.217633806952359
DPZ,424.5150146484375,482007.5,204619420.92315674,9.414005824497767,2.2175907799854815
PFBC,95.5,68151.4,6508458.699999999,2.11321531023298,2.2127909007675184
FFBC,25.209999084472656,466275.65,11754808.709611893,0.5568906307942137,2.2090069457289823
GLRE,13.649999618530273,114396.35,1561510.1338612558,0.3014285223824637,2.2082676249548436
JBSS,71.43000030517578,59017.0,4215584.328010559,1.5766491306614085,2.207264628202956
SXT,95.19999694824219,311625.9,29666784.728993226,2.099642072405134,2.2055064492771526
AWK,130.92010498046875,2144895.95,280810002.94618225,2.8808135854988444,2.2004363546214822
DHIL,115.76000213623047,28669.0,3318723.5012435913,2.5428629340318887,2.1966680089029
TCOM,70.02999877929688,2079210.75,145607126.28440094,1.538100106375558,2.196344614003149
CASY,565.5850219726562,271321.45,153455348.25990295,12.41107177734375,2.1943777319378475
GSBC,60.91999816894531,44842.1,2731780.6498916624,1.3317857469831194,2.186122434360172
OCS,18.795000076293945,108696.75,2042955.424542904,0.4103573390415737,2.1833324680809962
FDP,36.52519989013672,271450.75,9914792.90407753,0.7964286804199219,2.180490956423184
WDFC,197.03500366210938,96103.35,18935723.91919098,4.275000435965402,2.16966546883035
STT,118.79000091552734,1449862.9,172229215.21838912,2.577142987932478,2.169494880099469
GFL,44.834999084472656,1564245.1,70132927.62639084,0.9717859540666852,2.1674717830054244
UBSI,37.79499816894531,628229.0,23743913.904678345,0.8189141409737724,2.1667262353425443
PFG,84.31999969482422,1335333.7,112595337.17648849,1.8250007629394531,2.1643747266895166
BSX,100.25,8289211.05,830993407.7624999,2.1664297921316966,2.1610272240715176
SKT,33.07500076293945,749978.85,24805551.035938453,0.7139287676130023,2.1585147426903752
ICL,5.59499979019165,917541.0,5133641.702492237,0.12071425574166435,2.157538163867016
PPG,99.30000305175781,2152940.95,213787042.9052544,2.136277335030692,2.15133662575741
BST,41.175899505615234,140893.65,5801422.773379326,0.882969902387816,2.144385218026394
WAB,207.4949951171875,877368.6,182049593.37297362,4.442140851702009,2.140842408846155
FMNB,13.619999885559082,173476.05,2362743.7811472416,0.29142836162022184,2.139708987290194
ACIW,46.59000015258789,735600.1,34271608.77124367,0.9964288984026227,2.1387183840721127
LDOS,187.39999389648438,779275.1,146036148.98368225,4.007140023367746,2.138281832378928
BFST,26.40999984741211,115645.55,3054198.9578538896,0.5645916153578826,2.137794845209764
EG,313.235595703125,437689.2,137099837.2948242,6.664280482700893,2.1275616737432013
MCK,828.9749755859375,786343.45,651859042.2659118,17.63290060542479,2.1270727253209873
GCMG,10.835000038146973,1005824.05,10898103.620119143,0.2304483208700452,2.1268880485343957
AWI,189.6199951171875,303248.0,57501884.279296875,4.025715419224331,2.1230437310877415
FWONA,86.16000366210938,105466.75,9087015.566230774,1.828857421875,2.1226292295055664
CASH,72.72000122070312,172076.05,12513370.56605377,1.5432139805385046,2.122131400761249
HSY,181.98500061035156,1722284.0,313429854.79119873,3.8445810146932593,2.112581257685571
GABC,39.61000061035156,89091.8,3528926.2523773196,0.836071286882673,2.110758076242434
CHRW,159.91000366210938,1357813.95,217128033.7169632,3.373571123395647,2.109668592419033
SAIC,87.30999755859375,445556.0,38901493.2722168,1.8414290291922433,2.1090700729391956
SPFI,38.31999969482422,39120.45,1499095.632061386,0.807142802647182,2.1063225706554496
BCS,23.124000549316406,5582100.1,129080485.77873915,0.48678575243268696,2.105110451777244
FBP,19.885000228881836,1188389.55,23631126.47375078,0.4185717446463449,2.1049622319762067
OBDC,13.175000190734863,7113487.45,93720198.51054005,0.27728564398629324,2.104634838497312
RGA,192.44000244140625,357316.1,68761911.15635376,4.049286978585379,2.104181525261775
SHG,55.97999954223633,189263.5,10594970.643362045,1.1750003269740514,2.098964516938815
GEF,65.2300033569336,228365.85,14896305.162108993,1.3678572518484933,2.0969755962814887
CNO,40.33000183105469,609731.4,24590468.47845154,0.8453568049839565,2.0960990989418193
CBSH,51.22999954223633,1114008.6,57070660.06804734,1.0736891481663429,2.095821116065295
BHFAP,16.25,98511.4,1600810.25,0.339928354535784,2.0918667971432865
CADE,40.689998626708984,2902979.8,118122244.07536392,0.8507145472935268,2.0907214942374472
KREF,8.385000228881836,827892.6,6941879.640489578,0.17521429061889648,2.0896158119993498
MSA,164.36000061035156,206112.2,33876601.3178009,3.4232817437124106,2.082794920296933
STZ,137.93499755859375,2227528.25,307254103.7254486,2.869999476841518,2.080689837705883
NCDL,14.59000015258789,224165.8,3270579.0562049863,0.3035001073564802,2.0801926263355597
FHI,50.400001525878906,521734.55,26295422.116103742,1.0482145036969865,2.079790618972024
SMBC,57.23500061035156,56991.3,3261897.0902847294,1.1900492526539916,2.079233406068591
FITB,43.939998626708984,6521408.5,286550680.5342083,0.9118213653564453,2.07515110117048
CMA,81.36000061035156,1306570.55,106302580.74546738,1.6878574916294642,2.074554423509573
ASR,302.7650146484375,57392.8,17376531.932714846,6.279639107840402,2.0740966769665072
RPM,104.77749633789062,773237.1,81017847.41357116,2.1712499346051897,2.072248345773845
CHCO,122.19499969482422,90951.9,11113867.392743682,2.5305698939732144,2.070927534099745
FCN,165.52999877929688,263352.4,43592722.450524904,3.426786150251116,2.070190403867574
TROW,102.62000274658203,1599984.95,164190459.96348992,2.116429465157645,2.0623946682053047
NXG,50.289100646972656,43934.7,2209436.5501945494,1.0368973667932515,2.0618729574669206
GOOD,10.805000305175781,568988.5,6147920.91614151,0.22229350372374793,2.0573206612244657
UPS,95.13999938964844,6179704.95,587937125.1712074,1.95285670093606,2.052613741290961
BNL,17.440000534057617,1725317.4,30089536.377418898,0.3575717381068638,2.0502966006714374
HOMB,28.239999771118164,843145.1,23810417.4310194,0.5785711833408901,2.0487648301350587
BKH,71.55000305175781,1382243.55,98899530.22077255,1.465391371890259,2.0480661207382824
NEE,84.5199966430664,9109995.7,769976805.9823493,1.7284696909678618,2.0450423090612566
QSR,71.18350219726562,2686128.25,191208016.18601227,1.4525713239397322,2.0406010930936325
YEXT,8.520000457763672,726176.65,6187025.39041729,0.1735713141305106,2.0372218873808556
GOF,12.255000114440918,1885446.25,23106144.0095222,0.24938296136546637,2.034948666149755
TOWN,33.82500076293945,262157.95,8867492.858760644,0.6871427808489118,2.0314641991132887
AVY,172.5,688574.15,118779040.875,3.5028599330357144,2.030643439440994
AIG,76.66999816894531,4101719.55,314478830.3880272,1.5564286368233817,2.0300360949451584
CWT,44.970001220703125,372492.05,16750967.943202209,0.9092859540666852,2.0219833875567508
KOF,88.17500305175781,126616.85,11164441.135153962,1.782357897077288,2.0213868277736973
NWS,28.950000762939453,792858.7,22953259.969903182,0.5849997656685966,2.02072452591258
KR,66.61499786376953,5841889.65,389157466.5551274,1.3440027404164994,2.0175677903120874
AM,17.860000610351562,2278140.4,40687588.93446655,0.36032131740025114,2.0174765122427307
GRMN,197.82000732421875,1104822.65,218556024.71496275,3.9799979073660716,2.0119289050692535
MKC,65.44000244140625,2309444.8,151130073.35029295,1.3160711015973772,2.0111110215433787
BCSF,14.239999771118164,416144.5,5925897.584752083,0.2861573355538504,2.009531883099044
BK,112.24500274658203,3117957.9,349975193.0492271,2.253929683140346,2.008044570348572
MDLZ,55.68000030517578,9019958.65,502231300.38467294,1.117142813546317,2.006362800688548
SAFT,75.97000122070312,96231.45,7310703.373970032,1.5229137202420904,2.0046251096111214
GNTX,22.78499984741211,2140213.25,48764758.574679375,0.455714362008231,2.000063046127211
VLTO,102.34500122070312,1780584.45,182233917.708815,2.045928410121373,1.999050648022765
SYK,366.32000732421875,1746805.35,639889748.6059846,7.319287981305804,1.9980584830103814
VOD,12.375,5404726.2,66883486.725,0.24716534095592937,1.9972956844923586
GEN,26.315000534057617,5295894.9,139361477.12181303,0.5252796055186449,1.9961223441314897
SHW,336.67498779296875,1887838.3,635587936.6075989,6.712720867828133,1.9938282056034353
AEG,7.920000076293945,5453165.55,43189071.572043516,0.15785002708435059,1.9930558783304246
VRE,14.779999732971191,642398.6,9494651.136461066,0.29428577423095703,1.9911081160202255
CTSH,77.59500122070312,4506093.6,349650338.3926025,1.5442956741027964,1.9901999482033168
ETG,22.239999771118164,94835.55,2109142.610293865,0.4425992300749009,1.990104472256693
BCH,38.380001068115234,306414.0,11760169.647285461,0.7621432713099888,1.9857823087533755
ITUB,7.880000114440918,20340157.15,160280440.66974625,0.15642145701817103,1.9850438419602618
CUBE,36.78499984741211,1712181.7,62982603.57324181,0.7278575897216797,1.9786804206630593
ATR,120.9000015258789,615005.75,74354196.1134243,2.386071341378348,1.9735908281751382
CFR,124.08000183105469,453337.7,56250142.64608612,2.4464742972919993,1.9716910551170679
CTRE,37.46500015258789,1801863.35,67506810.68269253,0.7385000501360212,1.9711732206813013
PNC,192.64999389648438,1743301.15,335846955.9072342,3.7925000871930803,1.9685960069279238
UHT,40.63999938964844,103841.25,4220108.336620331,0.7985719953264508,1.9649901754916315
APLE,11.824999809265137,2786201.65,32946833.979824208,0.23224058432151434,1.9639796031078915
AER,135.50999450683594,1334608.75,180852824.38127518,2.654996599469866,1.9592625688844907
BSAC,30.594999313354492,309496.1,9469032.966985893,0.5989284515380859,1.9576024349726266
BY,28.575000762939453,189406.6,5412293.739505768,0.5592857088361468,1.9572552717531901
SBAC,187.17999267578125,851755.8,159431644.4055542,3.658247534744498,1.9544009391436574
TS,39.7400016784668,982139.8,39030237.300489046,0.7757143293108258,1.9519735695712068
NI,42.369998931884766,3401707.4,144130338.9045845,0.8221430097307477,1.9403894983628593
MORN,216.8563995361328,341831.55,74128359.18085556,4.196072169712612,1.9349542732832556
UTL,50.1150016784668,124342.0,6231399.538703918,0.9684015409679405,1.9323585923055835
TRNO,62.63999938964844,644971.55,40401017.49834061,1.2078571319580078,1.9282521451582453
IEX,175.41000366210938,601183.55,105453608.70709993,3.370000566755022,1.9212134407377484
MCRI,96.8499984741211,79808.15,7729419.205722427,1.8549048754144448,1.9152348008658842
TFC,46.5901985168457,7661946.7,356971617.77849084,0.8857687614557044,1.9011912154343693
KHC,24.78499984741211,15751739.45,390406859.8647253,0.4711216458751531,1.900833765485557
ETR,93.2750015258789,2348697.65,219074776.8875782,1.772401446204782,1.9001891366499026
CNI,95.68000030517578,1283467.95,122802213.84768333,1.815000261579241,1.8969484278743873
IGIC,24.1200008392334,94711.35,2284437.8414849285,0.457071168082101,1.8949881931124675
CBL,33.29999923706055,139258.5,4637307.943754196,0.6307774121073988,1.8942265061837844
YORW,32.20000076293945,78282.0,2520680.4597244263,0.6092858995710101,1.8921921898594078
GL,131.8896026611328,483045.95,63708738.412569426,2.4928599766322543,1.8901110673880945
NCV,15.329999923706055,85469.05,1310240.529979229,0.28921649438271374,1.8866046694199536
ORI,45.290000915527344,1858427.7,84168192.23444137,0.8510714939662388,1.8791598073791498
TM,196.7449951171875,255325.4,50233994.576293945,3.6856416974748885,1.8733089984218427
INFY,17.434999465942383,9812896.65,171087847.8520978,0.3260714667184012,1.8702120832028177
AGD,11.75,89889.85,1056205.7375,0.21959533244676482,1.8688964463554454
CET,49.9911994934082,60356.8,3017308.8295837403,0.9310016790173131,1.8623311471853647
ETY,15.6850004196167,178124.15,2793877.367493868,0.2919051863172792,1.861046723034851
SNA,340.239990234375,261487.15,88968385.36241455,6.326765173921643,1.8595007510914394
FNF,58.832000732421875,1128098.35,66368282.953443915,1.0921429225376673,1.8563756271096787
BXSL,27.295000076293945,1516140.15,41383045.50992231,0.5064927509852818,1.8556246549534805
G,44.25,2371947.3,104958668.02499999,0.8192860739571708,1.8514939524455838
MVBF,27.1299991607666,46904.35,1272514.9761363028,0.5007645107776921,1.8457962634287906
NOC,547.0399780273438,711392.0,389159864.0488281,10.091691767339999,1.8447814003889067
BHP,55.9900016784668,2635962.85,147587564.39587614,1.0296423775809151,1.8389754361748938
MFA,9.539999961853027,1216536.55,11605758.640592813,0.17535720552716935,1.8381258514503012
PSA,271.710693359375,900109.75,244569444.2720337,4.962500435965402,1.8263912894299703
MFIC,12.104999542236328,529158.75,6405466.426520348,0.2205641610281808,1.8220914446018464
PUK,29.219999313354492,1007679.05,29444381.149081707,0.5303570883614677,1.8150482574415299
QGEN,46.939998626708984,1282599.2,60205204.68661804,0.851428713117327,1.8138660801597508
HON,192.60000610351562,3813976.9,734571974.2186676,3.490216830277394,1.8121582137445662
FAF,65.41500091552734,546481.75,35748104.176568985,1.1832144601004464,1.8087815386999262
WSR,13.1850004196167,232330.15,3063273.1252396107,0.23713149520028423,1.7984944076867755
CSX,34.6349983215332,12983368.75,449678954.86409664,0.6223695224618234,1.7969382203633169
NOMD,12.180000305175781,2016322.7,24558811.101332854,0.2187143053327288,1.7956839068369164
BHFAL,16.934999465942383,65832.9,1114880.1263414382,0.3040769344100647,1.7955532565654186
MAIN,58.119998931884766,457286.0,26577461.831565857,1.040707996913365,1.7906194357179008
AZN,90.19000244140625,5284838.15,476639565.6509369,1.611428941999163,1.7867046217745257
HLN,9.675000190734863,8621458.5,83412612.63191271,0.1723214558192662,1.7811002834324237
GD,335.1199951171875,1010996.25,338805058.3634949,5.922136579241071,1.76716897395817
WELL,203.375,3317479.15,674692322.13125,3.5928540910993303,1.7666154104975196
TMUS,208.88999938964844,4833260.85,1009619856.0065116,3.6874725680939764,1.7652700363197518
WDS,16.6200008392334,625088.9,10388978.042595482,0.29321411677769255,1.7642244402631277
AON,346.9800109863281,1124460.3,390165247.24768984,6.087147303989956,1.7543221831962545
BP,36.279998779296875,6903632.5,250463778.67271423,0.6338730088512529,1.7471693224338571
RIV,11.614999771118164,98556.25,1144730.8211922646,0.20104128545621439,1.730876361755282
MITT,8.300000190734863,180274.05,1496274.649384546,0.14364283425467356,1.7306365175150162
IVR,8.175000190734863,1297169.9,10604364.179915523,0.1414285387311663,1.7300126658278778
DCI,88.45500183105469,670114.3,59274961.63351593,1.5292854309082031,1.7288851950159625
AXS,101.44999694824219,608843.9,61767211.796955876,1.7407139369419642,1.715834390640783
SLRC,15.84469985961914,257491.45,4079874.7416681293,0.27071421486990793,1.708547446580759
SSNC,85.70500183105469,1230347.1,105446900.45833284,1.4616825013021264,1.7054809755251583
RITM,11.359999656677246,5619784.65,63840751.69460006,0.1935713631766183,1.7039733188974158
UVV,52.97999954223633,203743.05,10794306.695733832,0.9021429334368024,1.7027990585722876
BXMT,19.540000915527344,1107526.8,21641074.68597107,0.33249991280691965,1.7016371403683026
SWX,81.24500274658203,368429.3,29933039.490421295,1.3819834367503177,1.7010073112570085
GSK,48.209999084472656,4523198.05,218063373.84938848,0.8195996901993244,1.700061617431764
NLOP,29.059999465942383,93524.05,2717808.8430527686,0.4938572474888393,1.6994399744144115
FE,45.7599983215332,4447346.25,203510556.935277,0.7753568376813617,1.6943987458944099
ALEX,15.432499885559082,422330.2,6517610.763168144,0.2603857857840402,1.6872560357359567
THW,12.5600004196167,151002.5,1896591.4633631706,0.2118827674314186,1.6869646524891178
PPL,35.2400016784668,6824120.8,240482028.44606018,0.593214579990932,1.6833557086730004
TGNA,19.395000457763672,1668894.9,32368217.349459454,0.32642827715192524,1.6830537223383175
ESS,259.7650146484375,427476.35,111043400.3196106,4.349642072405134,1.6744526118314589
NFJ,12.910099983215332,193887.45,2503106.3649906637,0.21570696149553573,1.6708388143854849
KT,18.3799991607666,1580423.75,29048187.198655605,0.30642850058419363,1.6671845189105707
KIM,20.30500030517578,4913182.65,99762175.20763436,0.33678572518484934,1.658634425624717
BUI,26.190000534057617,45602.1,1194319.0233541487,0.43400274425531193,1.6571314830289234
POR,49.67499923706055,1295191.3,64338626.83934746,0.8196430206298828,1.6500111388393937
OGE,44.60499954223633,1405906.95,62710478.86117687,0.733964375087193,1.64547558036001
SCD,14.649999618530273,97410.5,1427063.7878408432,0.24061903953715053,1.642450824591148
XEL,78.83999633789062,4393567.8,346388869.26227415,1.2907148088727678,1.6371320000333995
ACT,38.939998626708984,269643.9,10499933.095700456,0.637384612811001,1.6368377896495823
BMO,125.58000183105469,602244.9,75629915.64474335,2.0525000435965404,1.6344163192144319
CTAS,184.61000061035156,2264305.5,418013439.7370224,3.014211914073964,1.6327457364760711
SEVN,8.6899995803833,154723.7,1344548.8880753517,0.14185707909720285,1.6324175598055182
COST,914.8759765625,2420363.2,2214332146.2359376,14.926435198102679,1.631525537940822
CHW,7.269999980926514,163543.25,1188959.42438066,0.11847054340566254,1.6295810690024823
PAA,17.514999389648438,2442669.4,42783353.05011291,0.28535761151994976,1.6292185067879554
TY,34.40119934082031,35670.4,1227104.540966797,0.560356685093471,1.6288870615872808
BBDC,8.994999885559082,588892.95,5297092.0178565495,0.14627129690987722,1.626140064156163
LTC,35.880001068115234,419311.25,15044888.097872734,0.5822830151761862,1.6228623128264956
RTO,27.670000076293945,921760.25,25505106.187824726,0.4478574480329241,1.6185668478426296
MKL,2070.1201171875,44107.8,91308444.10488282,33.438528878348215,1.6152941368338742
GTY,28.459999084472656,359085.0,10219558.771247864,0.45964268275669645,1.6150481291036671
WES,38.88999938964844,1470703.0,57195638.772354126,0.6242858341761998,1.6052605913446463
RCI,38.654998779296875,839567.9,32453496.149636842,0.6192853110177177,1.6020833800915784
GBDC,14.055000305175781,1365137.7,19187010.790106963,0.22428573880876815,1.5957718529979288
EVT,24.30500030517578,134960.55,3280216.208936691,0.38680867261653595,1.5914777525600956
RELX,39.66450119018555,2118186.5,84016810.95028496,0.6307141440255302,1.5901224649248633
NDMO,10.550000190734863,147502.95,1556156.1506339551,0.16750022343226842,1.5876798142560142
HSBC,72.06999969482422,1821268.85,131258845.46369286,1.1414288112095423,1.5837780158774097
AIZ,223.07000732421875,273347.4,60975606.52005616,3.5326696516828866,1.5836596295746588
BUD,61.45500183105469,1959134.25,120398598.92103195,0.9674783434186663,1.574287388483611
ARCC,20.594999313354492,4035653.55,83114282.09118661,0.3239288330078125,1.5728518757355148
CM,86.30000305175781,885654.1,76431951.53280182,1.352501460484096,1.5672090529046014
NML,8.543700218200684,197117.6,1684113.6821311952,0.13314312881563403,1.5583778154106884
HIG,135.30999755859375,1326305.5,179462393.96694946,2.0964327171742343,1.549355372847752
PAGP,18.68000030517578,1333315.85,24906340.484895706,0.2892852510724749,1.5486362224112002
OTIS,87.34500122070312,2230583.8,194830344.7338806,1.3507151857907433,1.546413838128824
RSG,213.5850067138672,1513859.9,323337776.90535426,3.297143118722098,1.543714687398059
CPZ,14.8100004196167,71893.25,1064739.0626676083,0.22850957847152767,1.5429410668270716
UDR,36.154998779296875,2657914.2,96096884.65647584,0.5550000326974052,1.53505753405034
EVRG,74.5999984741211,2047732.15,152760815.2654087,1.1436783390353773,1.5330809147832918
LIN,406.94000244140625,2656140.5,1080889821.554718,6.230002267020089,1.5309387697556531
MSDL,17.075000762939453,725430.95,12386734.024709892,0.2594285692487444,1.5193473362052365
ETV,14.35099983215332,216725.55,3110228.3316733357,0.2177439633550182,1.5172738199547902
AFL,109.02999877929688,2399472.6,261614494.6489563,1.652952188088045,1.5160526521090958
PMT,12.925000190734863,707535.2,9144892.59495163,0.19571420124598912,1.5142297745286268
EQR,61.880001068115234,2163650.65,133886704.53302822,0.9339288984026227,1.5092580515223135
TD,84.43000030517578,1771328.9,149553299.56756666,1.2696429661342077,1.5037817855561175
DUK,119.53500366210938,3479628.7,415937429.39728093,1.7965533299465153,1.502951666797826
DTE,131.6300048828125,1512304.5,199064648.71929932,1.9510705130440849,1.48223842639912
NSC,289.7409973144531,1366504.7,395932434.61288756,4.2403564453125,1.463498947203002
